tanggal,provinsi,komoditas,harga
2018-01-01,Jawa Barat,Cabai Merah Besar,41569
2018-01-02,Jawa Barat,Cabai Merah Besar,43447
2018-01-04,Jawa Barat,Cabai Merah Besar,46508
2018-01-05,Jawa Barat,Cabai Merah Besar,45879
2018-01-08,Jawa Barat,Cabai Merah Besar,46607
2018-01-09,Jawa Barat,Cabai Merah Besar,46935
2018-01-10,Jawa Barat,Cabai Merah Besar,44401
2018-01-11,Jawa Barat,Cabai Merah Besar,43115
2018-01-12,Jawa Barat,Cabai Merah Besar,43510
2018-01-15,Jawa Barat,Cabai Merah Besar,45400
2018-01-16,Jawa Barat,Cabai Merah Besar,45104
2018-01-17,Jawa Barat,Cabai Merah Besar,44397
2018-01-18,Jawa Barat,Cabai Merah Besar,44540
2018-01-19,Jawa Barat,Cabai Merah Besar,43770
2018-01-22,Jawa Barat,Cabai Merah Besar,43402
2018-01-23,Jawa Barat,Cabai Merah Besar,43385
2018-01-24,Jawa Barat,Cabai Merah Besar,42073
2018-01-25,Jawa Barat,Cabai Merah Besar,43090
2018-01-26,Jawa Barat,Cabai Merah Besar,41590
2018-01-29,Jawa Barat,Cabai Merah Besar,40018
2018-01-30,Jawa Barat,Cabai Merah Besar,40247
2018-01-31,Jawa Barat,Cabai Merah Besar,41119
2018-02-01,Jawa Barat,Cabai Merah Besar,41323
2018-02-02,Jawa Barat,Cabai Merah Besar,41185
2018-02-05,Jawa Barat,Cabai Merah Besar,40827
2018-02-06,Jawa Barat,Cabai Merah Besar,40285
2018-02-07,Jawa Barat,Cabai Merah Besar,41540
2018-02-08,Jawa Barat,Cabai Merah Besar,41932
2018-02-09,Jawa Barat,Cabai Merah Besar,41466
2018-02-13,Jawa Barat,Cabai Merah Besar,41388
2018-02-14,Jawa Barat,Cabai Merah Besar,42644
2018-02-15,Jawa Barat,Cabai Merah Besar,43812
2018-02-16,Jawa Barat,Cabai Merah Besar,42758
2018-02-19,Jawa Barat,Cabai Merah Besar,42377
2018-02-20,Jawa Barat,Cabai Merah Besar,41792
2018-02-21,Jawa Barat,Cabai Merah Besar,41567
2018-02-22,Jawa Barat,Cabai Merah Besar,42559
2018-02-23,Jawa Barat,Cabai Merah Besar,44267
2018-02-26,Jawa Barat,Cabai Merah Besar,44734
2018-02-27,Jawa Barat,Cabai Merah Besar,43904
2018-02-28,Jawa Barat,Cabai Merah Besar,43858
2018-03-01,Jawa Barat,Cabai Merah Besar,45895
2018-03-02,Jawa Barat,Cabai Merah Besar,46011
2018-03-05,Jawa Barat,Cabai Merah Besar,45614
2018-03-06,Jawa Barat,Cabai Merah Besar,45324
2018-03-07,Jawa Barat,Cabai Merah Besar,45796
2018-03-08,Jawa Barat,Cabai Merah Besar,44734
2018-03-09,Jawa Barat,Cabai Merah Besar,44088
2018-03-12,Jawa Barat,Cabai Merah Besar,45275
2018-03-13,Jawa Barat,Cabai Merah Besar,45709
2018-03-14,Jawa Barat,Cabai Merah Besar,45837
2018-03-15,Jawa Barat,Cabai Merah Besar,47144
2018-03-16,Jawa Barat,Cabai Merah Besar,46193
2018-03-19,Jawa Barat,Cabai Merah Besar,45756
2018-03-21,Jawa Barat,Cabai Merah Besar,46502
2018-03-22,Jawa Barat,Cabai Merah Besar,44631
2018-03-23,Jawa Barat,Cabai Merah Besar,44090
2018-03-26,Jawa Barat,Cabai Merah Besar,43884
2018-03-27,Jawa Barat,Cabai Merah Besar,44401
2018-03-28,Jawa Barat,Cabai Merah Besar,44734
2018-03-29,Jawa Barat,Cabai Merah Besar,44638
2018-03-30,Jawa Barat,Cabai Merah Besar,42221
2018-04-02,Jawa Barat,Cabai Merah Besar,42188
2018-04-03,Jawa Barat,Cabai Merah Besar,42262
2018-04-04,Jawa Barat,Cabai Merah Besar,45393
2018-04-05,Jawa Barat,Cabai Merah Besar,45140
2018-04-06,Jawa Barat,Cabai Merah Besar,45537
2018-04-09,Jawa Barat,Cabai Merah Besar,47072
2018-04-10,Jawa Barat,Cabai Merah Besar,48110
2018-04-11,Jawa Barat,Cabai Merah Besar,50109
2018-04-12,Jawa Barat,Cabai Merah Besar,48112
2018-04-13,Jawa Barat,Cabai Merah Besar,46749
2018-04-16,Jawa Barat,Cabai Merah Besar,45987
2018-04-17,Jawa Barat,Cabai Merah Besar,43964
2018-04-18,Jawa Barat,Cabai Merah Besar,44051
2018-04-19,Jawa Barat,Cabai Merah Besar,42892
2018-04-20,Jawa Barat,Cabai Merah Besar,44865
2018-04-23,Jawa Barat,Cabai Merah Besar,43856
2018-04-24,Jawa Barat,Cabai Merah Besar,43449
2018-04-25,Jawa Barat,Cabai Merah Besar,44486
2018-04-26,Jawa Barat,Cabai Merah Besar,42926
2018-04-27,Jawa Barat,Cabai Merah Besar,40970
2018-04-30,Jawa Barat,Cabai Merah Besar,41190
2018-05-01,Jawa Barat,Cabai Merah Besar,41501
2018-05-02,Jawa Barat,Cabai Merah Besar,42454
2018-05-03,Jawa Barat,Cabai Merah Besar,43101
2018-05-04,Jawa Barat,Cabai Merah Besar,43474
2018-05-07,Jawa Barat,Cabai Merah Besar,42625
2018-05-08,Jawa Barat,Cabai Merah Besar,42913
2018-05-10,Jawa Barat,Cabai Merah Besar,42392
2018-05-11,Jawa Barat,Cabai Merah Besar,44750
2018-05-14,Jawa Barat,Cabai Merah Besar,45369
2018-05-15,Jawa Barat,Cabai Merah Besar,44104
2018-05-16,Jawa Barat,Cabai Merah Besar,45123
2018-05-17,Jawa Barat,Cabai Merah Besar,46402
2018-05-18,Jawa Barat,Cabai Merah Besar,46961
2018-05-21,Jawa Barat,Cabai Merah Besar,46628
2018-05-22,Jawa Barat,Cabai Merah Besar,45619
2018-05-23,Jawa Barat,Cabai Merah Besar,45518
2018-05-24,Jawa Barat,Cabai Merah Besar,45970
2018-05-25,Jawa Barat,Cabai Merah Besar,45988
2018-05-28,Jawa Barat,Cabai Merah Besar,47969
2018-05-29,Jawa Barat,Cabai Merah Besar,48847
2018-05-31,Jawa Barat,Cabai Merah Besar,46190
2018-06-01,Jawa Barat,Cabai Merah Besar,46841
2018-06-05,Jawa Barat,Cabai Merah Besar,47512
2018-06-06,Jawa Barat,Cabai Merah Besar,48169
2018-06-07,Jawa Barat,Cabai Merah Besar,48068
2018-06-08,Jawa Barat,Cabai Merah Besar,46901
2018-06-11,Jawa Barat,Cabai Merah Besar,44884
2018-06-12,Jawa Barat,Cabai Merah Besar,45164
2018-06-13,Jawa Barat,Cabai Merah Besar,43561
2018-06-14,Jawa Barat,Cabai Merah Besar,42458
2018-06-15,Jawa Barat,Cabai Merah Besar,42648
2018-06-18,Jawa Barat,Cabai Merah Besar,42720
2018-06-19,Jawa Barat,Cabai Merah Besar,41326
2018-06-20,Jawa Barat,Cabai Merah Besar,42645
2018-06-21,Jawa Barat,Cabai Merah Besar,43969
2018-06-22,Jawa Barat,Cabai Merah Besar,44631
2018-06-25,Jawa Barat,Cabai Merah Besar,45302
2018-06-26,Jawa Barat,Cabai Merah Besar,45984
2018-06-27,Jawa Barat,Cabai Merah Besar,51422
2018-06-28,Jawa Barat,Cabai Merah Besar,52866
2018-06-29,Jawa Barat,Cabai Merah Besar,53874
2018-07-02,Jawa Barat,Cabai Merah Besar,52680
2018-07-03,Jawa Barat,Cabai Merah Besar,52319
2018-07-04,Jawa Barat,Cabai Merah Besar,55953
2018-07-05,Jawa Barat,Cabai Merah Besar,53003
2018-07-06,Jawa Barat,Cabai Merah Besar,52282
2018-07-09,Jawa Barat,Cabai Merah Besar,53960
2018-07-10,Jawa Barat,Cabai Merah Besar,52852
2018-07-11,Jawa Barat,Cabai Merah Besar,53904
2018-07-12,Jawa Barat,Cabai Merah Besar,53975
2018-07-13,Jawa Barat,Cabai Merah Besar,52965
2018-07-16,Jawa Barat,Cabai Merah Besar,49942
2018-07-17,Jawa Barat,Cabai Merah Besar,50213
2018-07-19,Jawa Barat,Cabai Merah Besar,48908
2018-07-20,Jawa Barat,Cabai Merah Besar,49630
2018-07-23,Jawa Barat,Cabai Merah Besar,50893
2018-07-24,Jawa Barat,Cabai Merah Besar,50196
2018-07-25,Jawa Barat,Cabai Merah Besar,49254
2018-07-26,Jawa Barat,Cabai Merah Besar,47484
2018-07-27,Jawa Barat,Cabai Merah Besar,48766
2018-07-30,Jawa Barat,Cabai Merah Besar,51863
2018-07-31,Jawa Barat,Cabai Merah Besar,53440
2018-08-02,Jawa Barat,Cabai Merah Besar,54314
2018-08-03,Jawa Barat,Cabai Merah Besar,55018
2018-08-06,Jawa Barat,Cabai Merah Besar,56269
2018-08-07,Jawa Barat,Cabai Merah Besar,51218
2018-08-08,Jawa Barat,Cabai Merah Besar,49718
2018-08-09,Jawa Barat,Cabai Merah Besar,52130
2018-08-10,Jawa Barat,Cabai Merah Besar,50011
2018-08-13,Jawa Barat,Cabai Merah Besar,52147
2018-08-14,Jawa Barat,Cabai Merah Besar,50019
2018-08-15,Jawa Barat,Cabai Merah Besar,48615
2018-08-16,Jawa Barat,Cabai Merah Besar,49271
2018-08-17,Jawa Barat,Cabai Merah Besar,49371
2018-08-20,Jawa Barat,Cabai Merah Besar,48822
2018-08-21,Jawa Barat,Cabai Merah Besar,51121
2018-08-22,Jawa Barat,Cabai Merah Besar,49318
2018-08-23,Jawa Barat,Cabai Merah Besar,49101
2018-08-24,Jawa Barat,Cabai Merah Besar,49946
2018-08-27,Jawa Barat,Cabai Merah Besar,50355
2018-08-28,Jawa Barat,Cabai Merah Besar,49453
2018-08-29,Jawa Barat,Cabai Merah Besar,48615
2018-08-30,Jawa Barat,Cabai Merah Besar,49828
2018-08-31,Jawa Barat,Cabai Merah Besar,51146
2018-09-03,Jawa Barat,Cabai Merah Besar,51604
2018-09-04,Jawa Barat,Cabai Merah Besar,50378
2018-09-05,Jawa Barat,Cabai Merah Besar,49565
2018-09-06,Jawa Barat,Cabai Merah Besar,49535
2018-09-07,Jawa Barat,Cabai Merah Besar,49704
2018-09-10,Jawa Barat,Cabai Merah Besar,50500
2018-09-11,Jawa Barat,Cabai Merah Besar,50204
2018-09-12,Jawa Barat,Cabai Merah Besar,51421
2018-09-13,Jawa Barat,Cabai Merah Besar,52649
2018-09-14,Jawa Barat,Cabai Merah Besar,54682
2018-09-17,Jawa Barat,Cabai Merah Besar,54715
2018-09-18,Jawa Barat,Cabai Merah Besar,55232
2018-09-19,Jawa Barat,Cabai Merah Besar,55024
2018-09-20,Jawa Barat,Cabai Merah Besar,53733
2018-09-21,Jawa Barat,Cabai Merah Besar,57096
2018-09-24,Jawa Barat,Cabai Merah Besar,59047
2018-09-25,Jawa Barat,Cabai Merah Besar,60419
2018-09-26,Jawa Barat,Cabai Merah Besar,60398
2018-09-27,Jawa Barat,Cabai Merah Besar,58846
2018-09-28,Jawa Barat,Cabai Merah Besar,60534
2018-10-01,Jawa Barat,Cabai Merah Besar,60277
2018-10-02,Jawa Barat,Cabai Merah Besar,61003
2018-10-03,Jawa Barat,Cabai Merah Besar,60013
2018-10-04,Jawa Barat,Cabai Merah Besar,60442
2018-10-05,Jawa Barat,Cabai Merah Besar,59559
2018-10-08,Jawa Barat,Cabai Merah Besar,58751
2018-10-09,Jawa Barat,Cabai Merah Besar,59147
2018-10-10,Jawa Barat,Cabai Merah Besar,56714
2018-10-11,Jawa Barat,Cabai Merah Besar,54445
2018-10-12,Jawa Barat,Cabai Merah Besar,53321
2018-10-15,Jawa Barat,Cabai Merah Besar,52992
2018-10-16,Jawa Barat,Cabai Merah Besar,54327
2018-10-17,Jawa Barat,Cabai Merah Besar,54076
2018-10-18,Jawa Barat,Cabai Merah Besar,54047
2018-10-19,Jawa Barat,Cabai Merah Besar,53596
2018-10-22,Jawa Barat,Cabai Merah Besar,54100
2018-10-23,Jawa Barat,Cabai Merah Besar,52817
2018-10-24,Jawa Barat,Cabai Merah Besar,52651
2018-10-25,Jawa Barat,Cabai Merah Besar,53268
2018-10-26,Jawa Barat,Cabai Merah Besar,53616
2018-10-29,Jawa Barat,Cabai Merah Besar,53635
2018-10-30,Jawa Barat,Cabai Merah Besar,53673
2018-10-31,Jawa Barat,Cabai Merah Besar,54454
2018-11-01,Jawa Barat,Cabai Merah Besar,57965
2018-11-02,Jawa Barat,Cabai Merah Besar,56689
2018-11-05,Jawa Barat,Cabai Merah Besar,60407
2018-11-06,Jawa Barat,Cabai Merah Besar,59007
2018-11-07,Jawa Barat,Cabai Merah Besar,55481
2018-11-08,Jawa Barat,Cabai Merah Besar,54641
2018-11-09,Jawa Barat,Cabai Merah Besar,55185
2018-11-12,Jawa Barat,Cabai Merah Besar,58273
2018-11-13,Jawa Barat,Cabai Merah Besar,56773
2018-11-14,Jawa Barat,Cabai Merah Besar,57589
2018-11-15,Jawa Barat,Cabai Merah Besar,55425
2018-11-16,Jawa Barat,Cabai Merah Besar,58450
2018-11-19,Jawa Barat,Cabai Merah Besar,60485
2018-11-20,Jawa Barat,Cabai Merah Besar,59667
2018-11-21,Jawa Barat,Cabai Merah Besar,56774
2018-11-22,Jawa Barat,Cabai Merah Besar,59048
2018-11-23,Jawa Barat,Cabai Merah Besar,58852
2018-11-26,Jawa Barat,Cabai Merah Besar,61004
2018-11-27,Jawa Barat,Cabai Merah Besar,61014
2018-11-28,Jawa Barat,Cabai Merah Besar,61097
2018-11-29,Jawa Barat,Cabai Merah Besar,60304
2018-11-30,Jawa Barat,Cabai Merah Besar,61404
2018-12-03,Jawa Barat,Cabai Merah Besar,61619
2018-12-04,Jawa Barat,Cabai Merah Besar,62545
2018-12-05,Jawa Barat,Cabai Merah Besar,59822
2018-12-06,Jawa Barat,Cabai Merah Besar,62082
2018-12-07,Jawa Barat,Cabai Merah Besar,64939
2018-12-10,Jawa Barat,Cabai Merah Besar,65158
2018-12-11,Jawa Barat,Cabai Merah Besar,69172
2018-12-12,Jawa Barat,Cabai Merah Besar,72787
2018-12-13,Jawa Barat,Cabai Merah Besar,74162
2018-12-14,Jawa Barat,Cabai Merah Besar,77167
2018-12-17,Jawa Barat,Cabai Merah Besar,79573
2018-12-18,Jawa Barat,Cabai Merah Besar,75615
2018-12-19,Jawa Barat,Cabai Merah Besar,75026
2018-12-20,Jawa Barat,Cabai Merah Besar,76604
2018-12-21,Jawa Barat,Cabai Merah Besar,80311
2018-12-24,Jawa Barat,Cabai Merah Besar,77158
2018-12-25,Jawa Barat,Cabai Merah Besar,73438
2018-12-26,Jawa Barat,Cabai Merah Besar,73320
2018-12-27,Jawa Barat,Cabai Merah Besar,69051
2018-12-28,Jawa Barat,Cabai Merah Besar,68872
2018-12-31,Jawa Barat,Cabai Merah Besar,69609
2019-01-01,Jawa Barat,Cabai Merah Besar,67736
2019-01-02,Jawa Barat,Cabai Merah Besar,67613
2019-01-03,Jawa Barat,Cabai Merah Besar,69513
2019-01-04,Jawa Barat,Cabai Merah Besar,68452
2019-01-07,Jawa Barat,Cabai Merah Besar,66895
2019-01-08,Jawa Barat,Cabai Merah Besar,66688
2019-01-09,Jawa Barat,Cabai Merah Besar,64714
2019-01-10,Jawa Barat,Cabai Merah Besar,68511
2019-01-11,Jawa Barat,Cabai Merah Besar,68581
2019-01-14,Jawa Barat,Cabai Merah Besar,67203
2019-01-15,Jawa Barat,Cabai Merah Besar,67621
2019-01-16,Jawa Barat,Cabai Merah Besar,67401
2019-01-17,Jawa Barat,Cabai Merah Besar,66970
2019-01-18,Jawa Barat,Cabai Merah Besar,65947
2019-01-21,Jawa Barat,Cabai Merah Besar,64855
2019-01-22,Jawa Barat,Cabai Merah Besar,62065
2019-01-23,Jawa Barat,Cabai Merah Besar,64576
2019-01-24,Jawa Barat,Cabai Merah Besar,65666
2019-01-25,Jawa Barat,Cabai Merah Besar,66261
2019-01-28,Jawa Barat,Cabai Merah Besar,66016
2019-01-29,Jawa Barat,Cabai Merah Besar,64211
2019-01-31,Jawa Barat,Cabai Merah Besar,60278
2019-02-01,Jawa Barat,Cabai Merah Besar,59157
2019-02-04,Jawa Barat,Cabai Merah Besar,57330
2019-02-05,Jawa Barat,Cabai Merah Besar,60206
2019-02-06,Jawa Barat,Cabai Merah Besar,61766
2019-02-07,Jawa Barat,Cabai Merah Besar,61905
2019-02-08,Jawa Barat,Cabai Merah Besar,60377
2019-02-11,Jawa Barat,Cabai Merah Besar,58587
2019-02-12,Jawa Barat,Cabai Merah Besar,58264
2019-02-13,Jawa Barat,Cabai Merah Besar,59851
2019-02-14,Jawa Barat,Cabai Merah Besar,63260
2019-02-15,Jawa Barat,Cabai Merah Besar,60745
2019-02-18,Jawa Barat,Cabai Merah Besar,61745
2019-02-19,Jawa Barat,Cabai Merah Besar,60591
2019-02-20,Jawa Barat,Cabai Merah Besar,59740
2019-02-21,Jawa Barat,Cabai Merah Besar,59824
2019-02-22,Jawa Barat,Cabai Merah Besar,58399
2019-02-25,Jawa Barat,Cabai Merah Besar,57996
2019-02-26,Jawa Barat,Cabai Merah Besar,56489
2019-02-27,Jawa Barat,Cabai Merah Besar,55551
2019-02-28,Jawa Barat,Cabai Merah Besar,56782
2019-03-01,Jawa Barat,Cabai Merah Besar,56946
2019-03-04,Jawa Barat,Cabai Merah Besar,58201
2019-03-05,Jawa Barat,Cabai Merah Besar,57093
2019-03-06,Jawa Barat,Cabai Merah Besar,58046
2019-03-07,Jawa Barat,Cabai Merah Besar,55369
2019-03-08,Jawa Barat,Cabai Merah Besar,55446
2019-03-11,Jawa Barat,Cabai Merah Besar,56483
2019-03-12,Jawa Barat,Cabai Merah Besar,53824
2019-03-13,Jawa Barat,Cabai Merah Besar,52816
2019-03-14,Jawa Barat,Cabai Merah Besar,52889
2019-03-15,Jawa Barat,Cabai Merah Besar,54456
2019-03-18,Jawa Barat,Cabai Merah Besar,53552
2019-03-19,Jawa Barat,Cabai Merah Besar,54381
2019-03-20,Jawa Barat,Cabai Merah Besar,56704
2019-03-21,Jawa Barat,Cabai Merah Besar,57662
2019-03-22,Jawa Barat,Cabai Merah Besar,57323
2019-03-25,Jawa Barat,Cabai Merah Besar,57943
2019-03-26,Jawa Barat,Cabai Merah Besar,56937
2019-03-27,Jawa Barat,Cabai Merah Besar,57080
2019-03-28,Jawa Barat,Cabai Merah Besar,56823
2019-03-29,Jawa Barat,Cabai Merah Besar,57382
2019-04-01,Jawa Barat,Cabai Merah Besar,56701
2019-04-02,Jawa Barat,Cabai Merah Besar,57353
2019-04-03,Jawa Barat,Cabai Merah Besar,56657
2019-04-04,Jawa Barat,Cabai Merah Besar,58107
2019-04-05,Jawa Barat,Cabai Merah Besar,57560
2019-04-08,Jawa Barat,Cabai Merah Besar,54255
2019-04-09,Jawa Barat,Cabai Merah Besar,52691
2019-04-10,Jawa Barat,Cabai Merah Besar,52719
2019-04-11,Jawa Barat,Cabai Merah Besar,55347
2019-04-12,Jawa Barat,Cabai Merah Besar,56695
2019-04-15,Jawa Barat,Cabai Merah Besar,53172
2019-04-16,Jawa Barat,Cabai Merah Besar,50939
2019-04-17,Jawa Barat,Cabai Merah Besar,52658
2019-04-18,Jawa Barat,Cabai Merah Besar,53634
2019-04-19,Jawa Barat,Cabai Merah Besar,57286
2019-04-22,Jawa Barat,Cabai Merah Besar,56528
2019-04-23,Jawa Barat,Cabai Merah Besar,55151
2019-04-24,Jawa Barat,Cabai Merah Besar,55266
2019-04-25,Jawa Barat,Cabai Merah Besar,54505
2019-04-26,Jawa Barat,Cabai Merah Besar,56171
2019-04-29,Jawa Barat,Cabai Merah Besar,55346
2019-04-30,Jawa Barat,Cabai Merah Besar,54914
2019-05-01,Jawa Barat,Cabai Merah Besar,53376
2019-05-02,Jawa Barat,Cabai Merah Besar,54562
2019-05-03,Jawa Barat,Cabai Merah Besar,53121
2019-05-06,Jawa Barat,Cabai Merah Besar,53762
2019-05-07,Jawa Barat,Cabai Merah Besar,56771
2019-05-08,Jawa Barat,Cabai Merah Besar,53915
2019-05-09,Jawa Barat,Cabai Merah Besar,56307
2019-05-10,Jawa Barat,Cabai Merah Besar,56766
2019-05-13,Jawa Barat,Cabai Merah Besar,54943
2019-05-14,Jawa Barat,Cabai Merah Besar,55117
2019-05-15,Jawa Barat,Cabai Merah Besar,56290
2019-05-16,Jawa Barat,Cabai Merah Besar,55014
2019-05-17,Jawa Barat,Cabai Merah Besar,55772
2019-05-20,Jawa Barat,Cabai Merah Besar,58410
2019-05-21,Jawa Barat,Cabai Merah Besar,57550
2019-05-22,Jawa Barat,Cabai Merah Besar,55921
2019-05-23,Jawa Barat,Cabai Merah Besar,55718
2019-05-24,Jawa Barat,Cabai Merah Besar,55808
2019-05-27,Jawa Barat,Cabai Merah Besar,57608
2019-05-28,Jawa Barat,Cabai Merah Besar,57344
2019-05-30,Jawa Barat,Cabai Merah Besar,55000
2019-05-31,Jawa Barat,Cabai Merah Besar,52421
2019-06-03,Jawa Barat,Cabai Merah Besar,50495
2019-06-04,Jawa Barat,Cabai Merah Besar,48633
2019-06-05,Jawa Barat,Cabai Merah Besar,48268
2019-06-06,Jawa Barat,Cabai Merah Besar,46208
2019-06-07,Jawa Barat,Cabai Merah Besar,42731
2019-06-10,Jawa Barat,Cabai Merah Besar,42663
2019-06-12,Jawa Barat,Cabai Merah Besar,46510
2019-06-13,Jawa Barat,Cabai Merah Besar,46149
2019-06-14,Jawa Barat,Cabai Merah Besar,44691
2019-06-17,Jawa Barat,Cabai Merah Besar,48155
2019-06-18,Jawa Barat,Cabai Merah Besar,48238
2019-06-19,Jawa Barat,Cabai Merah Besar,48516
2019-06-20,Jawa Barat,Cabai Merah Besar,48313
2019-06-21,Jawa Barat,Cabai Merah Besar,48267
2019-06-24,Jawa Barat,Cabai Merah Besar,47512
2019-06-25,Jawa Barat,Cabai Merah Besar,47162
2019-06-26,Jawa Barat,Cabai Merah Besar,49266
2019-06-27,Jawa Barat,Cabai Merah Besar,51079
2019-06-28,Jawa Barat,Cabai Merah Besar,48097
2019-07-01,Jawa Barat,Cabai Merah Besar,46173
2019-07-02,Jawa Barat,Cabai Merah Besar,45142
2019-07-04,Jawa Barat,Cabai Merah Besar,48128
2019-07-08,Jawa Barat,Cabai Merah Besar,47562
2019-07-09,Jawa Barat,Cabai Merah Besar,46844
2019-07-10,Jawa Barat,Cabai Merah Besar,47514
2019-07-11,Jawa Barat,Cabai Merah Besar,47184
2019-07-12,Jawa Barat,Cabai Merah Besar,46673
2019-07-15,Jawa Barat,Cabai Merah Besar,46187
2019-07-16,Jawa Barat,Cabai Merah Besar,47767
2019-07-18,Jawa Barat,Cabai Merah Besar,48162
2019-07-19,Jawa Barat,Cabai Merah Besar,48620
2019-07-22,Jawa Barat,Cabai Merah Besar,46886
2019-07-23,Jawa Barat,Cabai Merah Besar,46181
2019-07-24,Jawa Barat,Cabai Merah Besar,47608
2019-07-25,Jawa Barat,Cabai Merah Besar,45505
2019-07-26,Jawa Barat,Cabai Merah Besar,46313
2019-07-29,Jawa Barat,Cabai Merah Besar,43598
2019-07-30,Jawa Barat,Cabai Merah Besar,45798
2019-07-31,Jawa Barat,Cabai Merah Besar,45079
2019-08-01,Jawa Barat,Cabai Merah Besar,45604
2019-08-02,Jawa Barat,Cabai Merah Besar,45756
2019-08-06,Jawa Barat,Cabai Merah Besar,46368
2019-08-07,Jawa Barat,Cabai Merah Besar,44123
2019-08-08,Jawa Barat,Cabai Merah Besar,44343
2019-08-09,Jawa Barat,Cabai Merah Besar,44106
2019-08-13,Jawa Barat,Cabai Merah Besar,42452
2019-08-14,Jawa Barat,Cabai Merah Besar,42693
2019-08-15,Jawa Barat,Cabai Merah Besar,41499
2019-08-16,Jawa Barat,Cabai Merah Besar,42756
2019-08-20,Jawa Barat,Cabai Merah Besar,43670
2019-08-21,Jawa Barat,Cabai Merah Besar,44933
2019-08-22,Jawa Barat,Cabai Merah Besar,42596
2019-08-23,Jawa Barat,Cabai Merah Besar,41044
2019-08-26,Jawa Barat,Cabai Merah Besar,41665
2019-08-27,Jawa Barat,Cabai Merah Besar,40797
2019-08-28,Jawa Barat,Cabai Merah Besar,40079
2019-08-29,Jawa Barat,Cabai Merah Besar,38476
2019-08-30,Jawa Barat,Cabai Merah Besar,37402
2019-09-02,Jawa Barat,Cabai Merah Besar,38563
2019-09-03,Jawa Barat,Cabai Merah Besar,39119
2019-09-04,Jawa Barat,Cabai Merah Besar,39329
2019-09-05,Jawa Barat,Cabai Merah Besar,38678
2019-09-06,Jawa Barat,Cabai Merah Besar,38815
2019-09-09,Jawa Barat,Cabai Merah Besar,40131
2019-09-10,Jawa Barat,Cabai Merah Besar,39321
2019-09-11,Jawa Barat,Cabai Merah Besar,39281
2019-09-12,Jawa Barat,Cabai Merah Besar,41352
2019-09-13,Jawa Barat,Cabai Merah Besar,42210
2019-09-16,Jawa Barat,Cabai Merah Besar,41527
2019-09-17,Jawa Barat,Cabai Merah Besar,42283
2019-09-18,Jawa Barat,Cabai Merah Besar,40399
2019-09-19,Jawa Barat,Cabai Merah Besar,40312
2019-09-20,Jawa Barat,Cabai Merah Besar,41045
2019-09-23,Jawa Barat,Cabai Merah Besar,41500
2019-09-24,Jawa Barat,Cabai Merah Besar,42242
2019-09-25,Jawa Barat,Cabai Merah Besar,43276
2019-09-26,Jawa Barat,Cabai Merah Besar,43857
2019-09-27,Jawa Barat,Cabai Merah Besar,44407
2019-09-30,Jawa Barat,Cabai Merah Besar,44675
2019-10-01,Jawa Barat,Cabai Merah Besar,43296
2019-10-02,Jawa Barat,Cabai Merah Besar,44639
2019-10-03,Jawa Barat,Cabai Merah Besar,44588
2019-10-04,Jawa Barat,Cabai Merah Besar,45478
2019-10-07,Jawa Barat,Cabai Merah Besar,46733
2019-10-08,Jawa Barat,Cabai Merah Besar,46039
2019-10-09,Jawa Barat,Cabai Merah Besar,45462
2019-10-10,Jawa Barat,Cabai Merah Besar,45056
2019-10-11,Jawa Barat,Cabai Merah Besar,46728
2019-10-14,Jawa Barat,Cabai Merah Besar,45531
2019-10-15,Jawa Barat,Cabai Merah Besar,47483
2019-10-16,Jawa Barat,Cabai Merah Besar,47755
2019-10-17,Jawa Barat,Cabai Merah Besar,48126
2019-10-21,Jawa Barat,Cabai Merah Besar,49503
2019-10-22,Jawa Barat,Cabai Merah Besar,51057
2019-10-23,Jawa Barat,Cabai Merah Besar,50296
2019-10-24,Jawa Barat,Cabai Merah Besar,52395
2019-10-25,Jawa Barat,Cabai Merah Besar,51723
2019-10-28,Jawa Barat,Cabai Merah Besar,53950
2019-10-29,Jawa Barat,Cabai Merah Besar,53297
2019-10-30,Jawa Barat,Cabai Merah Besar,52863
2019-10-31,Jawa Barat,Cabai Merah Besar,51345
2019-11-04,Jawa Barat,Cabai Merah Besar,50163
2019-11-05,Jawa Barat,Cabai Merah Besar,50505
2019-11-06,Jawa Barat,Cabai Merah Besar,51968
2019-11-07,Jawa Barat,Cabai Merah Besar,51647
2019-11-08,Jawa Barat,Cabai Merah Besar,49991
2019-11-11,Jawa Barat,Cabai Merah Besar,50549
2019-11-12,Jawa Barat,Cabai Merah Besar,50794
2019-11-13,Jawa Barat,Cabai Merah Besar,51525
2019-11-14,Jawa Barat,Cabai Merah Besar,50580
2019-11-15,Jawa Barat,Cabai Merah Besar,49807
2019-11-18,Jawa Barat,Cabai Merah Besar,48894
2019-11-19,Jawa Barat,Cabai Merah Besar,50610
2019-11-20,Jawa Barat,Cabai Merah Besar,52740
2019-11-21,Jawa Barat,Cabai Merah Besar,51874
2019-11-22,Jawa Barat,Cabai Merah Besar,51049
2019-11-25,Jawa Barat,Cabai Merah Besar,51995
2019-11-26,Jawa Barat,Cabai Merah Besar,54383
2019-11-27,Jawa Barat,Cabai Merah Besar,57292
2019-11-28,Jawa Barat,Cabai Merah Besar,56282
2019-11-29,Jawa Barat,Cabai Merah Besar,55653
2019-12-02,Jawa Barat,Cabai Merah Besar,56116
2019-12-03,Jawa Barat,Cabai Merah Besar,56663
2019-12-04,Jawa Barat,Cabai Merah Besar,56373
2019-12-05,Jawa Barat,Cabai Merah Besar,55083
2019-12-06,Jawa Barat,Cabai Merah Besar,55030
2019-12-09,Jawa Barat,Cabai Merah Besar,57971
2019-12-10,Jawa Barat,Cabai Merah Besar,57107
2019-12-11,Jawa Barat,Cabai Merah Besar,57479
2019-12-12,Jawa Barat,Cabai Merah Besar,61851
2019-12-13,Jawa Barat,Cabai Merah Besar,60906
2019-12-16,Jawa Barat,Cabai Merah Besar,62123
2019-12-17,Jawa Barat,Cabai Merah Besar,65542
2019-12-18,Jawa Barat,Cabai Merah Besar,66675
2019-12-19,Jawa Barat,Cabai Merah Besar,68855
2019-12-20,Jawa Barat,Cabai Merah Besar,70514
2019-12-23,Jawa Barat,Cabai Merah Besar,71559
2019-12-24,Jawa Barat,Cabai Merah Besar,74487
2019-12-25,Jawa Barat,Cabai Merah Besar,75902
2019-12-26,Jawa Barat,Cabai Merah Besar,75535
2019-12-27,Jawa Barat,Cabai Merah Besar,75858
2019-12-30,Jawa Barat,Cabai Merah Besar,76673
2019-12-31,Jawa Barat,Cabai Merah Besar,75803
2020-01-01,Jawa Barat,Cabai Merah Besar,76225
2020-01-02,Jawa Barat,Cabai Merah Besar,76327
2020-01-03,Jawa Barat,Cabai Merah Besar,77770
2020-01-06,Jawa Barat,Cabai Merah Besar,82808
2020-01-07,Jawa Barat,Cabai Merah Besar,83410
2020-01-08,Jawa Barat,Cabai Merah Besar,87316
2020-01-09,Jawa Barat,Cabai Merah Besar,88869
2020-01-10,Jawa Barat,Cabai Merah Besar,89352
2020-01-13,Jawa Barat,Cabai Merah Besar,88202
2020-01-14,Jawa Barat,Cabai Merah Besar,88700
2020-01-15,Jawa Barat,Cabai Merah Besar,89043
2020-01-16,Jawa Barat,Cabai Merah Besar,87252
2020-01-17,Jawa Barat,Cabai Merah Besar,85849
2020-01-21,Jawa Barat,Cabai Merah Besar,90827
2020-01-22,Jawa Barat,Cabai Merah Besar,90654
2020-01-23,Jawa Barat,Cabai Merah Besar,86924
2020-01-24,Jawa Barat,Cabai Merah Besar,81552
2020-01-27,Jawa Barat,Cabai Merah Besar,79171
2020-01-28,Jawa Barat,Cabai Merah Besar,80815
2020-01-29,Jawa Barat,Cabai Merah Besar,77868
2020-01-30,Jawa Barat,Cabai Merah Besar,79864
2020-01-31,Jawa Barat,Cabai Merah Besar,81385
2020-02-03,Jawa Barat,Cabai Merah Besar,81151
2020-02-04,Jawa Barat,Cabai Merah Besar,77638
2020-02-05,Jawa Barat,Cabai Merah Besar,76095
2020-02-06,Jawa Barat,Cabai Merah Besar,75564
2020-02-10,Jawa Barat,Cabai Merah Besar,73617
2020-02-11,Jawa Barat,Cabai Merah Besar,76767
2020-02-12,Jawa Barat,Cabai Merah Besar,77534
2020-02-13,Jawa Barat,Cabai Merah Besar,78568
2020-02-14,Jawa Barat,Cabai Merah Besar,80047
2020-02-18,Jawa Barat,Cabai Merah Besar,83670
2020-02-19,Jawa Barat,Cabai Merah Besar,85409
2020-02-20,Jawa Barat,Cabai Merah Besar,83749
2020-02-21,Jawa Barat,Cabai Merah Besar,88242
2020-02-24,Jawa Barat,Cabai Merah Besar,88570
2020-02-25,Jawa Barat,Cabai Merah Besar,86837
2020-02-27,Jawa Barat,Cabai Merah Besar,81147
2020-02-28,Jawa Barat,Cabai Merah Besar,80089
2020-03-02,Jawa Barat,Cabai Merah Besar,74651
2020-03-03,Jawa Barat,Cabai Merah Besar,76372
2020-03-04,Jawa Barat,Cabai Merah Besar,77321
2020-03-05,Jawa Barat,Cabai Merah Besar,75181
2020-03-06,Jawa Barat,Cabai Merah Besar,75077
2020-03-09,Jawa Barat,Cabai Merah Besar,75070
2020-03-10,Jawa Barat,Cabai Merah Besar,72589
2020-03-11,Jawa Barat,Cabai Merah Besar,72125
2020-03-12,Jawa Barat,Cabai Merah Besar,72181
2020-03-16,Jawa Barat,Cabai Merah Besar,70261
2020-03-17,Jawa Barat,Cabai Merah Besar,68249
2020-03-18,Jawa Barat,Cabai Merah Besar,67694
2020-03-19,Jawa Barat,Cabai Merah Besar,66582
2020-03-20,Jawa Barat,Cabai Merah Besar,67697
2020-03-24,Jawa Barat,Cabai Merah Besar,72419
2020-03-25,Jawa Barat,Cabai Merah Besar,72544
2020-03-26,Jawa Barat,Cabai Merah Besar,71195
2020-03-27,Jawa Barat,Cabai Merah Besar,73069
2020-03-30,Jawa Barat,Cabai Merah Besar,74428
2020-03-31,Jawa Barat,Cabai Merah Besar,77328
2020-04-01,Jawa Barat,Cabai Merah Besar,77773
2020-04-02,Jawa Barat,Cabai Merah Besar,81790
2020-04-03,Jawa Barat,Cabai Merah Besar,82261
2020-04-06,Jawa Barat,Cabai Merah Besar,80721
2020-04-07,Jawa Barat,Cabai Merah Besar,79596
2020-04-08,Jawa Barat,Cabai Merah Besar,80812
2020-04-09,Jawa Barat,Cabai Merah Besar,79478
2020-04-10,Jawa Barat,Cabai Merah Besar,83563
2020-04-13,Jawa Barat,Cabai Merah Besar,84628
2020-04-14,Jawa Barat,Cabai Merah Besar,84721
2020-04-15,Jawa Barat,Cabai Merah Besar,85017
2020-04-16,Jawa Barat,Cabai Merah Besar,84384
2020-04-17,Jawa Barat,Cabai Merah Besar,80396
2020-04-20,Jawa Barat,Cabai Merah Besar,79277
2020-04-21,Jawa Barat,Cabai Merah Besar,82982
2020-04-22,Jawa Barat,Cabai Merah Besar,83524
2020-04-23,Jawa Barat,Cabai Merah Besar,86100
2020-04-24,Jawa Barat,Cabai Merah Besar,88838
2020-04-27,Jawa Barat,Cabai Merah Besar,88738
2020-04-28,Jawa Barat,Cabai Merah Besar,90434
2020-04-29,Jawa Barat,Cabai Merah Besar,86391
2020-04-30,Jawa Barat,Cabai Merah Besar,90172
2020-05-01,Jawa Barat,Cabai Merah Besar,93856
2020-05-04,Jawa Barat,Cabai Merah Besar,95211
2020-05-05,Jawa Barat,Cabai Merah Besar,95934
2020-05-06,Jawa Barat,Cabai Merah Besar,95863
2020-05-07,Jawa Barat,Cabai Merah Besar,99181
2020-05-08,Jawa Barat,Cabai Merah Besar,101427
2020-05-11,Jawa Barat,Cabai Merah Besar,93381
2020-05-12,Jawa Barat,Cabai Merah Besar,92404
2020-05-13,Jawa Barat,Cabai Merah Besar,89450
2020-05-14,Jawa Barat,Cabai Merah Besar,86153
2020-05-15,Jawa Barat,Cabai Merah Besar,89104
2020-05-18,Jawa Barat,Cabai Merah Besar,88983
2020-05-19,Jawa Barat,Cabai Merah Besar,90223
2020-05-20,Jawa Barat,Cabai Merah Besar,90424
2020-05-21,Jawa Barat,Cabai Merah Besar,87120
2020-05-22,Jawa Barat,Cabai Merah Besar,83273
2020-05-25,Jawa Barat,Cabai Merah Besar,82245
2020-05-26,Jawa Barat,Cabai Merah Besar,81417
2020-05-27,Jawa Barat,Cabai Merah Besar,80596
2020-05-28,Jawa Barat,Cabai Merah Besar,79848
2020-05-29,Jawa Barat,Cabai Merah Besar,84807
2020-06-01,Jawa Barat,Cabai Merah Besar,87380
2020-06-02,Jawa Barat,Cabai Merah Besar,87988
2020-06-03,Jawa Barat,Cabai Merah Besar,87805
2020-06-04,Jawa Barat,Cabai Merah Besar,87710
2020-06-05,Jawa Barat,Cabai Merah Besar,89595
2020-06-08,Jawa Barat,Cabai Merah Besar,89385
2020-06-09,Jawa Barat,Cabai Merah Besar,91793
2020-06-10,Jawa Barat,Cabai Merah Besar,92721
2020-06-11,Jawa Barat,Cabai Merah Besar,98513
2020-06-15,Jawa Barat,Cabai Merah Besar,101320
2020-06-16,Jawa Barat,Cabai Merah Besar,98309
2020-06-17,Jawa Barat,Cabai Merah Besar,96546
2020-06-18,Jawa Barat,Cabai Merah Besar,81590
2020-06-19,Jawa Barat,Cabai Merah Besar,83676
2020-06-22,Jawa Barat,Cabai Merah Besar,84888
2020-06-23,Jawa Barat,Cabai Merah Besar,91019
2020-06-24,Jawa Barat,Cabai Merah Besar,90867
2020-06-25,Jawa Barat,Cabai Merah Besar,93829
2020-06-26,Jawa Barat,Cabai Merah Besar,97117
2020-06-29,Jawa Barat,Cabai Merah Besar,101830
2020-06-30,Jawa Barat,Cabai Merah Besar,98499
2020-07-01,Jawa Barat,Cabai Merah Besar,98316
2020-07-02,Jawa Barat,Cabai Merah Besar,99258
2020-07-03,Jawa Barat,Cabai Merah Besar,81590
2020-07-06,Jawa Barat,Cabai Merah Besar,82671
2020-07-07,Jawa Barat,Cabai Merah Besar,85574
2020-07-08,Jawa Barat,Cabai Merah Besar,82579
2020-07-09,Jawa Barat,Cabai Merah Besar,81869
2020-07-10,Jawa Barat,Cabai Merah Besar,85203
2020-07-13,Jawa Barat,Cabai Merah Besar,84777
2020-07-14,Jawa Barat,Cabai Merah Besar,84815
2020-07-15,Jawa Barat,Cabai Merah Besar,88831
2020-07-16,Jawa Barat,Cabai Merah Besar,86675
2020-07-17,Jawa Barat,Cabai Merah Besar,85083
2020-07-20,Jawa Barat,Cabai Merah Besar,81878
2020-07-21,Jawa Barat,Cabai Merah Besar,85873
2020-07-22,Jawa Barat,Cabai Merah Besar,88427
2020-07-23,Jawa Barat,Cabai Merah Besar,90982
2020-07-24,Jawa Barat,Cabai Merah Besar,90128
2020-07-27,Jawa Barat,Cabai Merah Besar,86567
2020-07-28,Jawa Barat,Cabai Merah Besar,82531
2020-07-29,Jawa Barat,Cabai Merah Besar,85913
2020-07-30,Jawa Barat,Cabai Merah Besar,87331
2020-07-31,Jawa Barat,Cabai Merah Besar,89275
2020-08-03,Jawa Barat,Cabai Merah Besar,90006
2020-08-04,Jawa Barat,Cabai Merah Besar,88059
2020-08-05,Jawa Barat,Cabai Merah Besar,87345
2020-08-06,Jawa Barat,Cabai Merah Besar,84875
2020-08-07,Jawa Barat,Cabai Merah Besar,82200
2020-08-10,Jawa Barat,Cabai Merah Besar,84420
2020-08-11,Jawa Barat,Cabai Merah Besar,80659
2020-08-12,Jawa Barat,Cabai Merah Besar,78393
2020-08-13,Jawa Barat,Cabai Merah Besar,77883
2020-08-14,Jawa Barat,Cabai Merah Besar,78122
2020-08-17,Jawa Barat,Cabai Merah Besar,75156
2020-08-18,Jawa Barat,Cabai Merah Besar,71761
2020-08-19,Jawa Barat,Cabai Merah Besar,72684
2020-08-20,Jawa Barat,Cabai Merah Besar,73158
2020-08-21,Jawa Barat,Cabai Merah Besar,76112
2020-08-24,Jawa Barat,Cabai Merah Besar,76382
2020-08-25,Jawa Barat,Cabai Merah Besar,77596
2020-08-26,Jawa Barat,Cabai Merah Besar,76031
2020-08-27,Jawa Barat,Cabai Merah Besar,74583
2020-08-28,Jawa Barat,Cabai Merah Besar,71939
2020-08-31,Jawa Barat,Cabai Merah Besar,70507
2020-09-01,Jawa Barat,Cabai Merah Besar,69907
2020-09-02,Jawa Barat,Cabai Merah Besar,72484
2020-09-03,Jawa Barat,Cabai Merah Besar,70748
2020-09-04,Jawa Barat,Cabai Merah Besar,75291
2020-09-07,Jawa Barat,Cabai Merah Besar,76689
2020-09-08,Jawa Barat,Cabai Merah Besar,77615
2020-09-09,Jawa Barat,Cabai Merah Besar,77714
2020-09-10,Jawa Barat,Cabai Merah Besar,77383
2020-09-11,Jawa Barat,Cabai Merah Besar,76141
2020-09-14,Jawa Barat,Cabai Merah Besar,73174
2020-09-15,Jawa Barat,Cabai Merah Besar,71488
2020-09-16,Jawa Barat,Cabai Merah Besar,74970
2020-09-17,Jawa Barat,Cabai Merah Besar,76218
2020-09-18,Jawa Barat,Cabai Merah Besar,79905
2020-09-21,Jawa Barat,Cabai Merah Besar,78568
2020-09-22,Jawa Barat,Cabai Merah Besar,76288
2020-09-23,Jawa Barat,Cabai Merah Besar,76364
2020-09-24,Jawa Barat,Cabai Merah Besar,74677
2020-09-25,Jawa Barat,Cabai Merah Besar,75185
2020-09-28,Jawa Barat,Cabai Merah Besar,71866
2020-09-29,Jawa Barat,Cabai Merah Besar,67827
2020-09-30,Jawa Barat,Cabai Merah Besar,68567
2020-10-01,Jawa Barat,Cabai Merah Besar,71977
2020-10-02,Jawa Barat,Cabai Merah Besar,72857
2020-10-05,Jawa Barat,Cabai Merah Besar,74047
2020-10-06,Jawa Barat,Cabai Merah Besar,74211
2020-10-07,Jawa Barat,Cabai Merah Besar,74576
2020-10-08,Jawa Barat,Cabai Merah Besar,71579
2020-10-09,Jawa Barat,Cabai Merah Besar,70068
2020-10-12,Jawa Barat,Cabai Merah Besar,72626
2020-10-13,Jawa Barat,Cabai Merah Besar,70361
2020-10-14,Jawa Barat,Cabai Merah Besar,69718
2020-10-15,Jawa Barat,Cabai Merah Besar,72215
2020-10-16,Jawa Barat,Cabai Merah Besar,72513
2020-10-19,Jawa Barat,Cabai Merah Besar,72918
2020-10-20,Jawa Barat,Cabai Merah Besar,72267
2020-10-21,Jawa Barat,Cabai Merah Besar,73767
2020-10-22,Jawa Barat,Cabai Merah Besar,75843
2020-10-23,Jawa Barat,Cabai Merah Besar,74133
2020-10-26,Jawa Barat,Cabai Merah Besar,71324
2020-10-27,Jawa Barat,Cabai Merah Besar,67624
2020-10-28,Jawa Barat,Cabai Merah Besar,68628
2020-10-29,Jawa Barat,Cabai Merah Besar,69406
2020-10-30,Jawa Barat,Cabai Merah Besar,74613
2020-11-02,Jawa Barat,Cabai Merah Besar,74790
2020-11-03,Jawa Barat,Cabai Merah Besar,74576
2020-11-04,Jawa Barat,Cabai Merah Besar,75156
2020-11-05,Jawa Barat,Cabai Merah Besar,75861
2020-11-06,Jawa Barat,Cabai Merah Besar,75477
2020-11-09,Jawa Barat,Cabai Merah Besar,73840
2020-11-10,Jawa Barat,Cabai Merah Besar,73901
2020-11-11,Jawa Barat,Cabai Merah Besar,73881
2020-11-12,Jawa Barat,Cabai Merah Besar,73827
2020-11-13,Jawa Barat,Cabai Merah Besar,75600
2020-11-16,Jawa Barat,Cabai Merah Besar,75623
2020-11-17,Jawa Barat,Cabai Merah Besar,72798
2020-11-19,Jawa Barat,Cabai Merah Besar,71135
2020-11-20,Jawa Barat,Cabai Merah Besar,71252
2020-11-23,Jawa Barat,Cabai Merah Besar,72356
2020-11-24,Jawa Barat,Cabai Merah Besar,72491
2020-11-25,Jawa Barat,Cabai Merah Besar,68453
2020-11-26,Jawa Barat,Cabai Merah Besar,66092
2020-11-27,Jawa Barat,Cabai Merah Besar,67253
2020-11-30,Jawa Barat,Cabai Merah Besar,66838
2020-12-01,Jawa Barat,Cabai Merah Besar,69792
2020-12-02,Jawa Barat,Cabai Merah Besar,70094
2020-12-03,Jawa Barat,Cabai Merah Besar,69411
2020-12-04,Jawa Barat,Cabai Merah Besar,68187
2020-12-07,Jawa Barat,Cabai Merah Besar,67591
2020-12-08,Jawa Barat,Cabai Merah Besar,67907
2020-12-09,Jawa Barat,Cabai Merah Besar,67913
2020-12-10,Jawa Barat,Cabai Merah Besar,69810
2020-12-11,Jawa Barat,Cabai Merah Besar,66866
2020-12-14,Jawa Barat,Cabai Merah Besar,64266
2020-12-15,Jawa Barat,Cabai Merah Besar,63848
2020-12-16,Jawa Barat,Cabai Merah Besar,64859
2020-12-21,Jawa Barat,Cabai Merah Besar,60482
2020-12-22,Jawa Barat,Cabai Merah Besar,59531
2020-12-23,Jawa Barat,Cabai Merah Besar,60212
2020-12-24,Jawa Barat,Cabai Merah Besar,60185
2020-12-25,Jawa Barat,Cabai Merah Besar,61205
2020-12-28,Jawa Barat,Cabai Merah Besar,63367
2020-12-29,Jawa Barat,Cabai Merah Besar,63076
2020-12-30,Jawa Barat,Cabai Merah Besar,62270
2020-12-31,Jawa Barat,Cabai Merah Besar,60692
2021-01-01,Jawa Barat,Cabai Merah Besar,58324
2021-01-04,Jawa Barat,Cabai Merah Besar,55656
2021-01-05,Jawa Barat,Cabai Merah Besar,54586
2021-01-06,Jawa Barat,Cabai Merah Besar,56258
2021-01-07,Jawa Barat,Cabai Merah Besar,57376
2021-01-08,Jawa Barat,Cabai Merah Besar,56569
2021-01-11,Jawa Barat,Cabai Merah Besar,60223
2021-01-12,Jawa Barat,Cabai Merah Besar,59174
2021-01-13,Jawa Barat,Cabai Merah Besar,61452
2021-01-14,Jawa Barat,Cabai Merah Besar,64300
2021-01-15,Jawa Barat,Cabai Merah Besar,65164
2021-01-18,Jawa Barat,Cabai Merah Besar,63895
2021-01-19,Jawa Barat,Cabai Merah Besar,63221
2021-01-21,Jawa Barat,Cabai Merah Besar,61124
2021-01-22,Jawa Barat,Cabai Merah Besar,59425
2021-01-25,Jawa Barat,Cabai Merah Besar,57647
2021-01-26,Jawa Barat,Cabai Merah Besar,58552
2021-01-27,Jawa Barat,Cabai Merah Besar,60601
2021-01-29,Jawa Barat,Cabai Merah Besar,63693
2021-02-01,Jawa Barat,Cabai Merah Besar,62310
2021-02-02,Jawa Barat,Cabai Merah Besar,61729
2021-02-03,Jawa Barat,Cabai Merah Besar,61282
2021-02-04,Jawa Barat,Cabai Merah Besar,62098
2021-02-05,Jawa Barat,Cabai Merah Besar,66124
2021-02-08,Jawa Barat,Cabai Merah Besar,64900
2021-02-09,Jawa Barat,Cabai Merah Besar,66671
2021-02-10,Jawa Barat,Cabai Merah Besar,69694
2021-02-11,Jawa Barat,Cabai Merah Besar,70729
2021-02-12,Jawa Barat,Cabai Merah Besar,69984
2021-02-15,Jawa Barat,Cabai Merah Besar,68301
2021-02-16,Jawa Barat,Cabai Merah Besar,66261
2021-02-17,Jawa Barat,Cabai Merah Besar,62587
2021-02-18,Jawa Barat,Cabai Merah Besar,62186
2021-02-19,Jawa Barat,Cabai Merah Besar,61689
2021-02-22,Jawa Barat,Cabai Merah Besar,63248
2021-02-23,Jawa Barat,Cabai Merah Besar,62187
2021-02-24,Jawa Barat,Cabai Merah Besar,61886
2021-02-25,Jawa Barat,Cabai Merah Besar,62396
2021-02-26,Jawa Barat,Cabai Merah Besar,63291
2021-03-01,Jawa Barat,Cabai Merah Besar,64655
2021-03-02,Jawa Barat,Cabai Merah Besar,64995
2021-03-03,Jawa Barat,Cabai Merah Besar,62595
2021-03-04,Jawa Barat,Cabai Merah Besar,63325
2021-03-05,Jawa Barat,Cabai Merah Besar,62140
2021-03-08,Jawa Barat,Cabai Merah Besar,64413
2021-03-09,Jawa Barat,Cabai Merah Besar,64453
2021-03-10,Jawa Barat,Cabai Merah Besar,64905
2021-03-11,Jawa Barat,Cabai Merah Besar,69994
2021-03-12,Jawa Barat,Cabai Merah Besar,71540
2021-03-15,Jawa Barat,Cabai Merah Besar,72336
2021-03-17,Jawa Barat,Cabai Merah Besar,69532
2021-03-18,Jawa Barat,Cabai Merah Besar,69111
2021-03-19,Jawa Barat,Cabai Merah Besar,67427
2021-03-22,Jawa Barat,Cabai Merah Besar,70774
2021-03-23,Jawa Barat,Cabai Merah Besar,71589
2021-03-24,Jawa Barat,Cabai Merah Besar,74118
2021-03-26,Jawa Barat,Cabai Merah Besar,71179
2021-03-29,Jawa Barat,Cabai Merah Besar,72530
2021-03-30,Jawa Barat,Cabai Merah Besar,70687
2021-03-31,Jawa Barat,Cabai Merah Besar,69795
2021-04-01,Jawa Barat,Cabai Merah Besar,73381
2021-04-02,Jawa Barat,Cabai Merah Besar,72535
2021-04-05,Jawa Barat,Cabai Merah Besar,69611
2021-04-07,Jawa Barat,Cabai Merah Besar,63280
2021-04-08,Jawa Barat,Cabai Merah Besar,65641
2021-04-09,Jawa Barat,Cabai Merah Besar,64598
2021-04-12,Jawa Barat,Cabai Merah Besar,69576
2021-04-13,Jawa Barat,Cabai Merah Besar,72759
2021-04-14,Jawa Barat,Cabai Merah Besar,77120
2021-04-15,Jawa Barat,Cabai Merah Besar,79446
2021-04-16,Jawa Barat,Cabai Merah Besar,80823
2021-04-19,Jawa Barat,Cabai Merah Besar,78927
2021-04-20,Jawa Barat,Cabai Merah Besar,78920
2021-04-21,Jawa Barat,Cabai Merah Besar,80530
2021-04-22,Jawa Barat,Cabai Merah Besar,82794
2021-04-23,Jawa Barat,Cabai Merah Besar,80096
2021-04-26,Jawa Barat,Cabai Merah Besar,79647
2021-04-27,Jawa Barat,Cabai Merah Besar,79456
2021-04-28,Jawa Barat,Cabai Merah Besar,79176
2021-04-29,Jawa Barat,Cabai Merah Besar,76858
2021-04-30,Jawa Barat,Cabai Merah Besar,81106
2021-05-03,Jawa Barat,Cabai Merah Besar,80575
2021-05-04,Jawa Barat,Cabai Merah Besar,78363
2021-05-05,Jawa Barat,Cabai Merah Besar,82767
2021-05-06,Jawa Barat,Cabai Merah Besar,86557
2021-05-07,Jawa Barat,Cabai Merah Besar,86911
2021-05-10,Jawa Barat,Cabai Merah Besar,82565
2021-05-11,Jawa Barat,Cabai Merah Besar,81456
2021-05-12,Jawa Barat,Cabai Merah Besar,77773
2021-05-13,Jawa Barat,Cabai Merah Besar,78940
2021-05-14,Jawa Barat,Cabai Merah Besar,77730
2021-05-17,Jawa Barat,Cabai Merah Besar,77667
2021-05-18,Jawa Barat,Cabai Merah Besar,81766
2021-05-19,Jawa Barat,Cabai Merah Besar,80349
2021-05-20,Jawa Barat,Cabai Merah Besar,81450
2021-05-21,Jawa Barat,Cabai Merah Besar,83280
2021-05-24,Jawa Barat,Cabai Merah Besar,86298
2021-05-25,Jawa Barat,Cabai Merah Besar,86048
2021-05-26,Jawa Barat,Cabai Merah Besar,85541
2021-05-27,Jawa Barat,Cabai Merah Besar,84981
2021-05-28,Jawa Barat,Cabai Merah Besar,85891
2021-05-31,Jawa Barat,Cabai Merah Besar,89693
2021-06-01,Jawa Barat,Cabai Merah Besar,88990
2021-06-02,Jawa Barat,Cabai Merah Besar,82946
2021-06-03,Jawa Barat,Cabai Merah Besar,85101
2021-06-04,Jawa Barat,Cabai Merah Besar,85267
2021-06-07,Jawa Barat,Cabai Merah Besar,86553
2021-06-08,Jawa Barat,Cabai Merah Besar,82716
2021-06-09,Jawa Barat,Cabai Merah Besar,81456
2021-06-10,Jawa Barat,Cabai Merah Besar,83355
2021-06-11,Jawa Barat,Cabai Merah Besar,80376
2021-06-14,Jawa Barat,Cabai Merah Besar,81471
2021-06-15,Jawa Barat,Cabai Merah Besar,81387
2021-06-16,Jawa Barat,Cabai Merah Besar,79671
2021-06-17,Jawa Barat,Cabai Merah Besar,77820
2021-06-18,Jawa Barat,Cabai Merah Besar,75560
2021-06-21,Jawa Barat,Cabai Merah Besar,75695
2021-06-22,Jawa Barat,Cabai Merah Besar,76083
2021-06-23,Jawa Barat,Cabai Merah Besar,75278
2021-06-24,Jawa Barat,Cabai Merah Besar,72972
2021-06-25,Jawa Barat,Cabai Merah Besar,67042
2021-06-28,Jawa Barat,Cabai Merah Besar,67896
2021-06-29,Jawa Barat,Cabai Merah Besar,69700
2021-06-30,Jawa Barat,Cabai Merah Besar,70964
2021-07-01,Jawa Barat,Cabai Merah Besar,75329
2021-07-02,Jawa Barat,Cabai Merah Besar,74931
2021-07-05,Jawa Barat,Cabai Merah Besar,77980
2021-07-06,Jawa Barat,Cabai Merah Besar,76532
2021-07-07,Jawa Barat,Cabai Merah Besar,74778
2021-07-08,Jawa Barat,Cabai Merah Besar,75045
2021-07-09,Jawa Barat,Cabai Merah Besar,78667
2021-07-12,Jawa Barat,Cabai Merah Besar,78004
2021-07-13,Jawa Barat,Cabai Merah Besar,74545
2021-07-14,Jawa Barat,Cabai Merah Besar,76479
2021-07-15,Jawa Barat,Cabai Merah Besar,76307
2021-07-16,Jawa Barat,Cabai Merah Besar,76971
2021-07-19,Jawa Barat,Cabai Merah Besar,75310
2021-07-20,Jawa Barat,Cabai Merah Besar,75558
2021-07-21,Jawa Barat,Cabai Merah Besar,72470
2021-07-22,Jawa Barat,Cabai Merah Besar,76518
2021-07-23,Jawa Barat,Cabai Merah Besar,78954
2021-07-26,Jawa Barat,Cabai Merah Besar,79109
2021-07-27,Jawa Barat,Cabai Merah Besar,81091
2021-07-28,Jawa Barat,Cabai Merah Besar,79591
2021-07-29,Jawa Barat,Cabai Merah Besar,82006
2021-07-30,Jawa Barat,Cabai Merah Besar,81213
2021-08-02,Jawa Barat,Cabai Merah Besar,80267
2021-08-03,Jawa Barat,Cabai Merah Besar,78073
2021-08-04,Jawa Barat,Cabai Merah Besar,79039
2021-08-05,Jawa Barat,Cabai Merah Besar,79094
2021-08-06,Jawa Barat,Cabai Merah Besar,82403
2021-08-09,Jawa Barat,Cabai Merah Besar,79901
2021-08-10,Jawa Barat,Cabai Merah Besar,80900
2021-08-11,Jawa Barat,Cabai Merah Besar,83736
2021-08-12,Jawa Barat,Cabai Merah Besar,90270
2021-08-13,Jawa Barat,Cabai Merah Besar,90781
2021-08-16,Jawa Barat,Cabai Merah Besar,89855
2021-08-17,Jawa Barat,Cabai Merah Besar,90295
2021-08-18,Jawa Barat,Cabai Merah Besar,93814
2021-08-19,Jawa Barat,Cabai Merah Besar,97469
2021-08-20,Jawa Barat,Cabai Merah Besar,97135
2021-08-23,Jawa Barat,Cabai Merah Besar,100860
2021-08-24,Jawa Barat,Cabai Merah Besar,100793
2021-08-25,Jawa Barat,Cabai Merah Besar,81590
2021-08-26,Jawa Barat,Cabai Merah Besar,82895
2021-08-27,Jawa Barat,Cabai Merah Besar,81958
2021-08-30,Jawa Barat,Cabai Merah Besar,79793
2021-08-31,Jawa Barat,Cabai Merah Besar,82662
2021-09-01,Jawa Barat,Cabai Merah Besar,86392
2021-09-02,Jawa Barat,Cabai Merah Besar,87410
2021-09-03,Jawa Barat,Cabai Merah Besar,87349
2021-09-06,Jawa Barat,Cabai Merah Besar,84411
2021-09-07,Jawa Barat,Cabai Merah Besar,87370
2021-09-08,Jawa Barat,Cabai Merah Besar,88092
2021-09-09,Jawa Barat,Cabai Merah Besar,87432
2021-09-10,Jawa Barat,Cabai Merah Besar,89671
2021-09-13,Jawa Barat,Cabai Merah Besar,86236
2021-09-15,Jawa Barat,Cabai Merah Besar,82138
2021-09-16,Jawa Barat,Cabai Merah Besar,83372
2021-09-17,Jawa Barat,Cabai Merah Besar,83808
2021-09-20,Jawa Barat,Cabai Merah Besar,85365
2021-09-21,Jawa Barat,Cabai Merah Besar,88159
2021-09-22,Jawa Barat,Cabai Merah Besar,89896
2021-09-23,Jawa Barat,Cabai Merah Besar,94990
2021-09-24,Jawa Barat,Cabai Merah Besar,98091
2021-09-27,Jawa Barat,Cabai Merah Besar,97749
2021-09-28,Jawa Barat,Cabai Merah Besar,96243
2021-09-29,Jawa Barat,Cabai Merah Besar,95990
2021-09-30,Jawa Barat,Cabai Merah Besar,97987
2021-10-01,Jawa Barat,Cabai Merah Besar,96756
2021-10-05,Jawa Barat,Cabai Merah Besar,100634
2021-10-06,Jawa Barat,Cabai Merah Besar,97939
2021-10-07,Jawa Barat,Cabai Merah Besar,101074
2021-10-08,Jawa Barat,Cabai Merah Besar,81590
2021-10-11,Jawa Barat,Cabai Merah Besar,86060
2021-10-12,Jawa Barat,Cabai Merah Besar,86011
2021-10-13,Jawa Barat,Cabai Merah Besar,85258
2021-10-14,Jawa Barat,Cabai Merah Besar,82691
2021-10-15,Jawa Barat,Cabai Merah Besar,80168
2021-10-18,Jawa Barat,Cabai Merah Besar,82409
2021-10-19,Jawa Barat,Cabai Merah Besar,86603
2021-10-20,Jawa Barat,Cabai Merah Besar,86341
2021-10-21,Jawa Barat,Cabai Merah Besar,85919
2021-10-22,Jawa Barat,Cabai Merah Besar,86094
2021-10-25,Jawa Barat,Cabai Merah Besar,89045
2021-10-26,Jawa Barat,Cabai Merah Besar,86681
2021-10-27,Jawa Barat,Cabai Merah Besar,87283
2021-10-28,Jawa Barat,Cabai Merah Besar,89788
2021-10-29,Jawa Barat,Cabai Merah Besar,91103
2021-11-01,Jawa Barat,Cabai Merah Besar,84231
2021-11-02,Jawa Barat,Cabai Merah Besar,85904
2021-11-03,Jawa Barat,Cabai Merah Besar,87187
2021-11-04,Jawa Barat,Cabai Merah Besar,90732
2021-11-05,Jawa Barat,Cabai Merah Besar,95078
2021-11-08,Jawa Barat,Cabai Merah Besar,98775
2021-11-09,Jawa Barat,Cabai Merah Besar,98991
2021-11-10,Jawa Barat,Cabai Merah Besar,94496
2021-11-11,Jawa Barat,Cabai Merah Besar,100639
2021-11-12,Jawa Barat,Cabai Merah Besar,100127
2021-11-15,Jawa Barat,Cabai Merah Besar,100254
2021-11-16,Jawa Barat,Cabai Merah Besar,81590
2021-11-17,Jawa Barat,Cabai Merah Besar,79851
2021-11-18,Jawa Barat,Cabai Merah Besar,76851
2021-11-19,Jawa Barat,Cabai Merah Besar,75899
2021-11-22,Jawa Barat,Cabai Merah Besar,74390
2021-11-23,Jawa Barat,Cabai Merah Besar,71416
2021-11-24,Jawa Barat,Cabai Merah Besar,71244
2021-11-29,Jawa Barat,Cabai Merah Besar,67846
2021-11-30,Jawa Barat,Cabai Merah Besar,66381
2021-12-01,Jawa Barat,Cabai Merah Besar,62866
2021-12-02,Jawa Barat,Cabai Merah Besar,63076
2021-12-03,Jawa Barat,Cabai Merah Besar,63468
2021-12-06,Jawa Barat,Cabai Merah Besar,62098
2021-12-07,Jawa Barat,Cabai Merah Besar,64067
2021-12-08,Jawa Barat,Cabai Merah Besar,64107
2021-12-09,Jawa Barat,Cabai Merah Besar,62802
2021-12-10,Jawa Barat,Cabai Merah Besar,60104
2021-12-13,Jawa Barat,Cabai Merah Besar,60572
2021-12-14,Jawa Barat,Cabai Merah Besar,61472
2021-12-15,Jawa Barat,Cabai Merah Besar,60617
2021-12-16,Jawa Barat,Cabai Merah Besar,60875
2021-12-17,Jawa Barat,Cabai Merah Besar,63791
2021-12-20,Jawa Barat,Cabai Merah Besar,65472
2021-12-21,Jawa Barat,Cabai Merah Besar,61510
2021-12-22,Jawa Barat,Cabai Merah Besar,60240
2021-12-23,Jawa Barat,Cabai Merah Besar,60011
2021-12-24,Jawa Barat,Cabai Merah Besar,60145
2021-12-27,Jawa Barat,Cabai Merah Besar,60440
2021-12-28,Jawa Barat,Cabai Merah Besar,61220
2021-12-29,Jawa Barat,Cabai Merah Besar,61045
2021-12-30,Jawa Barat,Cabai Merah Besar,61078
2021-12-31,Jawa Barat,Cabai Merah Besar,62791
2022-01-03,Jawa Barat,Cabai Merah Besar,63316
2022-01-05,Jawa Barat,Cabai Merah Besar,61443
2022-01-06,Jawa Barat,Cabai Merah Besar,61214
2022-01-07,Jawa Barat,Cabai Merah Besar,57961
2022-01-10,Jawa Barat,Cabai Merah Besar,58231
2022-01-11,Jawa Barat,Cabai Merah Besar,56520
2022-01-12,Jawa Barat,Cabai Merah Besar,58132
2022-01-13,Jawa Barat,Cabai Merah Besar,58857
2022-01-14,Jawa Barat,Cabai Merah Besar,56854
2022-01-17,Jawa Barat,Cabai Merah Besar,58390
2022-01-18,Jawa Barat,Cabai Merah Besar,60798
2022-01-19,Jawa Barat,Cabai Merah Besar,60358
2022-01-20,Jawa Barat,Cabai Merah Besar,60124
2022-01-21,Jawa Barat,Cabai Merah Besar,61555
2022-01-24,Jawa Barat,Cabai Merah Besar,63929
2022-01-25,Jawa Barat,Cabai Merah Besar,60918
2022-01-26,Jawa Barat,Cabai Merah Besar,59020
2022-01-27,Jawa Barat,Cabai Merah Besar,58321
2022-01-28,Jawa Barat,Cabai Merah Besar,57802
2022-02-01,Jawa Barat,Cabai Merah Besar,61416
2022-02-02,Jawa Barat,Cabai Merah Besar,63954
2022-02-03,Jawa Barat,Cabai Merah Besar,60905
2022-02-04,Jawa Barat,Cabai Merah Besar,59497
2022-02-07,Jawa Barat,Cabai Merah Besar,57404
2022-02-08,Jawa Barat,Cabai Merah Besar,56426
2022-02-09,Jawa Barat,Cabai Merah Besar,55116
2022-02-11,Jawa Barat,Cabai Merah Besar,56690
2022-02-14,Jawa Barat,Cabai Merah Besar,56700
2022-02-15,Jawa Barat,Cabai Merah Besar,56555
2022-02-17,Jawa Barat,Cabai Merah Besar,55533
2022-02-18,Jawa Barat,Cabai Merah Besar,58169
2022-02-21,Jawa Barat,Cabai Merah Besar,59357
2022-02-22,Jawa Barat,Cabai Merah Besar,58785
2022-02-23,Jawa Barat,Cabai Merah Besar,58603
2022-02-24,Jawa Barat,Cabai Merah Besar,59369
2022-02-25,Jawa Barat,Cabai Merah Besar,57347
2022-02-28,Jawa Barat,Cabai Merah Besar,57586
2022-03-01,Jawa Barat,Cabai Merah Besar,58662
2022-03-02,Jawa Barat,Cabai Merah Besar,59520
2022-03-03,Jawa Barat,Cabai Merah Besar,58175
2022-03-04,Jawa Barat,Cabai Merah Besar,57137
2022-03-07,Jawa Barat,Cabai Merah Besar,53948
2022-03-08,Jawa Barat,Cabai Merah Besar,55131
2022-03-09,Jawa Barat,Cabai Merah Besar,58551
2022-03-10,Jawa Barat,Cabai Merah Besar,57010
2022-03-11,Jawa Barat,Cabai Merah Besar,58860
2022-03-14,Jawa Barat,Cabai Merah Besar,62302
2022-03-15,Jawa Barat,Cabai Merah Besar,61466
2022-03-16,Jawa Barat,Cabai Merah Besar,61278
2022-03-17,Jawa Barat,Cabai Merah Besar,61730
2022-03-18,Jawa Barat,Cabai Merah Besar,62574
2022-03-21,Jawa Barat,Cabai Merah Besar,63135
2022-03-22,Jawa Barat,Cabai Merah Besar,62422
2022-03-23,Jawa Barat,Cabai Merah Besar,63558
2022-03-24,Jawa Barat,Cabai Merah Besar,62880
2022-03-25,Jawa Barat,Cabai Merah Besar,63572
2022-03-28,Jawa Barat,Cabai Merah Besar,63518
2022-03-29,Jawa Barat,Cabai Merah Besar,60333
2022-03-30,Jawa Barat,Cabai Merah Besar,62583
2022-03-31,Jawa Barat,Cabai Merah Besar,61511
2022-04-01,Jawa Barat,Cabai Merah Besar,64013
2022-04-04,Jawa Barat,Cabai Merah Besar,66005
2022-04-05,Jawa Barat,Cabai Merah Besar,66434
2022-04-06,Jawa Barat,Cabai Merah Besar,67446
2022-04-07,Jawa Barat,Cabai Merah Besar,68720
2022-04-08,Jawa Barat,Cabai Merah Besar,68328
2022-04-11,Jawa Barat,Cabai Merah Besar,68029
2022-04-12,Jawa Barat,Cabai Merah Besar,69211
2022-04-13,Jawa Barat,Cabai Merah Besar,63551
2022-04-14,Jawa Barat,Cabai Merah Besar,63516
2022-04-15,Jawa Barat,Cabai Merah Besar,62804
2022-04-18,Jawa Barat,Cabai Merah Besar,61412
2022-04-19,Jawa Barat,Cabai Merah Besar,62141
2022-04-20,Jawa Barat,Cabai Merah Besar,61022
2022-04-21,Jawa Barat,Cabai Merah Besar,62568
2022-04-22,Jawa Barat,Cabai Merah Besar,64322
2022-04-26,Jawa Barat,Cabai Merah Besar,66675
2022-04-27,Jawa Barat,Cabai Merah Besar,67681
2022-04-28,Jawa Barat,Cabai Merah Besar,69271
2022-04-29,Jawa Barat,Cabai Merah Besar,70804
2022-05-02,Jawa Barat,Cabai Merah Besar,71529
2022-05-03,Jawa Barat,Cabai Merah Besar,73785
2022-05-04,Jawa Barat,Cabai Merah Besar,73437
2022-05-05,Jawa Barat,Cabai Merah Besar,71867
2022-05-06,Jawa Barat,Cabai Merah Besar,70233
2022-05-09,Jawa Barat,Cabai Merah Besar,69609
2022-05-10,Jawa Barat,Cabai Merah Besar,65887
2022-05-11,Jawa Barat,Cabai Merah Besar,66296
2022-05-12,Jawa Barat,Cabai Merah Besar,67577
2022-05-13,Jawa Barat,Cabai Merah Besar,69440
2022-05-16,Jawa Barat,Cabai Merah Besar,66276
2022-05-17,Jawa Barat,Cabai Merah Besar,64825
2022-05-18,Jawa Barat,Cabai Merah Besar,66404
2022-05-19,Jawa Barat,Cabai Merah Besar,66032
2022-05-20,Jawa Barat,Cabai Merah Besar,67260
2022-05-23,Jawa Barat,Cabai Merah Besar,64885
2022-05-24,Jawa Barat,Cabai Merah Besar,67498
2022-05-25,Jawa Barat,Cabai Merah Besar,64983
2022-05-26,Jawa Barat,Cabai Merah Besar,59532
2022-05-27,Jawa Barat,Cabai Merah Besar,59850
2022-05-30,Jawa Barat,Cabai Merah Besar,60215
2022-05-31,Jawa Barat,Cabai Merah Besar,59363
2022-06-01,Jawa Barat,Cabai Merah Besar,60189
2022-06-02,Jawa Barat,Cabai Merah Besar,61078
2022-06-03,Jawa Barat,Cabai Merah Besar,61777
2022-06-06,Jawa Barat,Cabai Merah Besar,60872
2022-06-07,Jawa Barat,Cabai Merah Besar,59657
2022-06-08,Jawa Barat,Cabai Merah Besar,58953
2022-06-10,Jawa Barat,Cabai Merah Besar,59466
2022-06-13,Jawa Barat,Cabai Merah Besar,58903
2022-06-15,Jawa Barat,Cabai Merah Besar,60602
2022-06-16,Jawa Barat,Cabai Merah Besar,59097
2022-06-17,Jawa Barat,Cabai Merah Besar,56833
2022-06-20,Jawa Barat,Cabai Merah Besar,55498
2022-06-21,Jawa Barat,Cabai Merah Besar,55923
2022-06-22,Jawa Barat,Cabai Merah Besar,56238
2022-06-23,Jawa Barat,Cabai Merah Besar,56878
2022-06-24,Jawa Barat,Cabai Merah Besar,56708
2022-06-27,Jawa Barat,Cabai Merah Besar,52834
2022-06-28,Jawa Barat,Cabai Merah Besar,52629
2022-06-29,Jawa Barat,Cabai Merah Besar,54124
2022-06-30,Jawa Barat,Cabai Merah Besar,56100
2022-07-01,Jawa Barat,Cabai Merah Besar,56245
2022-07-04,Jawa Barat,Cabai Merah Besar,56568
2022-07-05,Jawa Barat,Cabai Merah Besar,57587
2022-07-06,Jawa Barat,Cabai Merah Besar,59634
2022-07-07,Jawa Barat,Cabai Merah Besar,59635
2022-07-08,Jawa Barat,Cabai Merah Besar,60685
2022-07-11,Jawa Barat,Cabai Merah Besar,59723
2022-07-12,Jawa Barat,Cabai Merah Besar,57645
2022-07-13,Jawa Barat,Cabai Merah Besar,56892
2022-07-14,Jawa Barat,Cabai Merah Besar,59341
2022-07-15,Jawa Barat,Cabai Merah Besar,60422
2022-07-18,Jawa Barat,Cabai Merah Besar,58458
2022-07-19,Jawa Barat,Cabai Merah Besar,59606
2022-07-20,Jawa Barat,Cabai Merah Besar,57781
2022-07-21,Jawa Barat,Cabai Merah Besar,58415
2022-07-22,Jawa Barat,Cabai Merah Besar,56906
2022-07-25,Jawa Barat,Cabai Merah Besar,54976
2022-07-26,Jawa Barat,Cabai Merah Besar,57660
2022-07-27,Jawa Barat,Cabai Merah Besar,57112
2022-07-28,Jawa Barat,Cabai Merah Besar,58121
2022-07-29,Jawa Barat,Cabai Merah Besar,58190
2022-08-01,Jawa Barat,Cabai Merah Besar,56522
2022-08-02,Jawa Barat,Cabai Merah Besar,56149
2022-08-03,Jawa Barat,Cabai Merah Besar,54552
2022-08-05,Jawa Barat,Cabai Merah Besar,59854
2022-08-08,Jawa Barat,Cabai Merah Besar,59893
2022-08-09,Jawa Barat,Cabai Merah Besar,60852
2022-08-10,Jawa Barat,Cabai Merah Besar,62128
2022-08-11,Jawa Barat,Cabai Merah Besar,63436
2022-08-12,Jawa Barat,Cabai Merah Besar,64687
2022-08-15,Jawa Barat,Cabai Merah Besar,65807
2022-08-16,Jawa Barat,Cabai Merah Besar,66002
2022-08-17,Jawa Barat,Cabai Merah Besar,69036
2022-08-18,Jawa Barat,Cabai Merah Besar,69367
2022-08-22,Jawa Barat,Cabai Merah Besar,69820
2022-08-23,Jawa Barat,Cabai Merah Besar,70316
2022-08-24,Jawa Barat,Cabai Merah Besar,67124
2022-08-25,Jawa Barat,Cabai Merah Besar,65530
2022-08-26,Jawa Barat,Cabai Merah Besar,65334
2022-08-29,Jawa Barat,Cabai Merah Besar,62292
2022-08-30,Jawa Barat,Cabai Merah Besar,62330
2022-08-31,Jawa Barat,Cabai Merah Besar,62748
2022-09-01,Jawa Barat,Cabai Merah Besar,60496
2022-09-02,Jawa Barat,Cabai Merah Besar,59423
2022-09-05,Jawa Barat,Cabai Merah Besar,61675
2022-09-06,Jawa Barat,Cabai Merah Besar,62681
2022-09-07,Jawa Barat,Cabai Merah Besar,63593
2022-09-08,Jawa Barat,Cabai Merah Besar,65732
2022-09-09,Jawa Barat,Cabai Merah Besar,64204
2022-09-12,Jawa Barat,Cabai Merah Besar,61903
2022-09-13,Jawa Barat,Cabai Merah Besar,63702
2022-09-14,Jawa Barat,Cabai Merah Besar,63562
2022-09-15,Jawa Barat,Cabai Merah Besar,62041
2022-09-16,Jawa Barat,Cabai Merah Besar,65918
2022-09-19,Jawa Barat,Cabai Merah Besar,62914
2022-09-20,Jawa Barat,Cabai Merah Besar,63252
2022-09-21,Jawa Barat,Cabai Merah Besar,62904
2022-09-22,Jawa Barat,Cabai Merah Besar,62255
2022-09-23,Jawa Barat,Cabai Merah Besar,58386
2022-09-26,Jawa Barat,Cabai Merah Besar,61042
2022-09-27,Jawa Barat,Cabai Merah Besar,58571
2022-09-28,Jawa Barat,Cabai Merah Besar,58120
2022-09-29,Jawa Barat,Cabai Merah Besar,57401
2022-09-30,Jawa Barat,Cabai Merah Besar,58389
2022-10-03,Jawa Barat,Cabai Merah Besar,55744
2022-10-04,Jawa Barat,Cabai Merah Besar,56496
2022-10-05,Jawa Barat,Cabai Merah Besar,56808
2022-10-06,Jawa Barat,Cabai Merah Besar,55727
2022-10-07,Jawa Barat,Cabai Merah Besar,56420
2022-10-10,Jawa Barat,Cabai Merah Besar,56451
2022-10-11,Jawa Barat,Cabai Merah Besar,59486
2022-10-12,Jawa Barat,Cabai Merah Besar,59157
2022-10-13,Jawa Barat,Cabai Merah Besar,57538
2022-10-14,Jawa Barat,Cabai Merah Besar,58332
2022-10-18,Jawa Barat,Cabai Merah Besar,57803
2022-10-19,Jawa Barat,Cabai Merah Besar,55744
2022-10-20,Jawa Barat,Cabai Merah Besar,56730
2022-10-21,Jawa Barat,Cabai Merah Besar,55962
2022-10-25,Jawa Barat,Cabai Merah Besar,59938
2022-10-26,Jawa Barat,Cabai Merah Besar,59510
2022-10-27,Jawa Barat,Cabai Merah Besar,60809
2022-10-28,Jawa Barat,Cabai Merah Besar,60490
2022-10-31,Jawa Barat,Cabai Merah Besar,59361
2022-11-01,Jawa Barat,Cabai Merah Besar,61680
2022-11-02,Jawa Barat,Cabai Merah Besar,58429
2022-11-03,Jawa Barat,Cabai Merah Besar,60162
2022-11-04,Jawa Barat,Cabai Merah Besar,56820
2022-11-07,Jawa Barat,Cabai Merah Besar,58310
2022-11-08,Jawa Barat,Cabai Merah Besar,58335
2022-11-09,Jawa Barat,Cabai Merah Besar,56742
2022-11-10,Jawa Barat,Cabai Merah Besar,56076
2022-11-11,Jawa Barat,Cabai Merah Besar,57204
2022-11-14,Jawa Barat,Cabai Merah Besar,60580
2022-11-15,Jawa Barat,Cabai Merah Besar,57892
2022-11-16,Jawa Barat,Cabai Merah Besar,56402
2022-11-17,Jawa Barat,Cabai Merah Besar,54266
2022-11-18,Jawa Barat,Cabai Merah Besar,53969
2022-11-21,Jawa Barat,Cabai Merah Besar,55432
2022-11-22,Jawa Barat,Cabai Merah Besar,53147
2022-11-23,Jawa Barat,Cabai Merah Besar,53128
2022-11-24,Jawa Barat,Cabai Merah Besar,54513
2022-11-25,Jawa Barat,Cabai Merah Besar,53851
2022-11-28,Jawa Barat,Cabai Merah Besar,49932
2022-11-29,Jawa Barat,Cabai Merah Besar,50221
2022-11-30,Jawa Barat,Cabai Merah Besar,52055
2022-12-01,Jawa Barat,Cabai Merah Besar,50462
2022-12-02,Jawa Barat,Cabai Merah Besar,47924
2022-12-05,Jawa Barat,Cabai Merah Besar,48370
2022-12-07,Jawa Barat,Cabai Merah Besar,48175
2022-12-08,Jawa Barat,Cabai Merah Besar,47240
2022-12-09,Jawa Barat,Cabai Merah Besar,47287
2022-12-12,Jawa Barat,Cabai Merah Besar,45818
2022-12-14,Jawa Barat,Cabai Merah Besar,45281
2022-12-15,Jawa Barat,Cabai Merah Besar,43797
2022-12-16,Jawa Barat,Cabai Merah Besar,41658
2022-12-19,Jawa Barat,Cabai Merah Besar,40847
2022-12-20,Jawa Barat,Cabai Merah Besar,40300
2022-12-21,Jawa Barat,Cabai Merah Besar,40844
2022-12-22,Jawa Barat,Cabai Merah Besar,40142
2022-12-23,Jawa Barat,Cabai Merah Besar,41833
2022-12-26,Jawa Barat,Cabai Merah Besar,41937
2022-12-27,Jawa Barat,Cabai Merah Besar,40965
2022-12-28,Jawa Barat,Cabai Merah Besar,41465
2022-12-29,Jawa Barat,Cabai Merah Besar,43186
2022-12-30,Jawa Barat,Cabai Merah Besar,44009
2023-01-02,Jawa Barat,Cabai Merah Besar,42131
2023-01-03,Jawa Barat,Cabai Merah Besar,41664
2023-01-04,Jawa Barat,Cabai Merah Besar,41968
2023-01-05,Jawa Barat,Cabai Merah Besar,42713
2023-01-06,Jawa Barat,Cabai Merah Besar,42487
2023-01-09,Jawa Barat,Cabai Merah Besar,42093
2023-01-10,Jawa Barat,Cabai Merah Besar,44344
2023-01-11,Jawa Barat,Cabai Merah Besar,45209
2023-01-12,Jawa Barat,Cabai Merah Besar,45765
2023-01-13,Jawa Barat,Cabai Merah Besar,45030
2023-01-16,Jawa Barat,Cabai Merah Besar,43615
2023-01-17,Jawa Barat,Cabai Merah Besar,44175
2023-01-18,Jawa Barat,Cabai Merah Besar,45185
2023-01-19,Jawa Barat,Cabai Merah Besar,45177
2023-01-20,Jawa Barat,Cabai Merah Besar,46062
2023-01-23,Jawa Barat,Cabai Merah Besar,47001
2023-01-25,Jawa Barat,Cabai Merah Besar,46098
2023-01-26,Jawa Barat,Cabai Merah Besar,45623
2023-01-27,Jawa Barat,Cabai Merah Besar,46291
2023-01-30,Jawa Barat,Cabai Merah Besar,46358
2023-01-31,Jawa Barat,Cabai Merah Besar,47307
2023-02-01,Jawa Barat,Cabai Merah Besar,47889
2023-02-02,Jawa Barat,Cabai Merah Besar,44988
2023-02-03,Jawa Barat,Cabai Merah Besar,46443
2023-02-06,Jawa Barat,Cabai Merah Besar,45802
2023-02-07,Jawa Barat,Cabai Merah Besar,44670
2023-02-08,Jawa Barat,Cabai Merah Besar,46065
2023-02-09,Jawa Barat,Cabai Merah Besar,46897
2023-02-10,Jawa Barat,Cabai Merah Besar,48576
2023-02-14,Jawa Barat,Cabai Merah Besar,48424
2023-02-15,Jawa Barat,Cabai Merah Besar,48626
2023-02-16,Jawa Barat,Cabai Merah Besar,47195
2023-02-17,Jawa Barat,Cabai Merah Besar,45378
2023-02-20,Jawa Barat,Cabai Merah Besar,44557
2023-02-21,Jawa Barat,Cabai Merah Besar,46585
2023-02-22,Jawa Barat,Cabai Merah Besar,45866
2023-02-23,Jawa Barat,Cabai Merah Besar,43650
2023-02-24,Jawa Barat,Cabai Merah Besar,43453
2023-02-27,Jawa Barat,Cabai Merah Besar,42767
2023-02-28,Jawa Barat,Cabai Merah Besar,44176
2023-03-01,Jawa Barat,Cabai Merah Besar,46072
2023-03-02,Jawa Barat,Cabai Merah Besar,45523
2023-03-03,Jawa Barat,Cabai Merah Besar,45868
2023-03-06,Jawa Barat,Cabai Merah Besar,46328
2023-03-07,Jawa Barat,Cabai Merah Besar,46262
2023-03-08,Jawa Barat,Cabai Merah Besar,45954
2023-03-09,Jawa Barat,Cabai Merah Besar,44738
2023-03-10,Jawa Barat,Cabai Merah Besar,42405
2023-03-13,Jawa Barat,Cabai Merah Besar,41277
2023-03-14,Jawa Barat,Cabai Merah Besar,41177
2023-03-15,Jawa Barat,Cabai Merah Besar,39481
2023-03-16,Jawa Barat,Cabai Merah Besar,39719
2023-03-17,Jawa Barat,Cabai Merah Besar,39799
2023-03-20,Jawa Barat,Cabai Merah Besar,39173
2023-03-21,Jawa Barat,Cabai Merah Besar,38865
2023-03-23,Jawa Barat,Cabai Merah Besar,38339
2023-03-24,Jawa Barat,Cabai Merah Besar,39252
2023-03-27,Jawa Barat,Cabai Merah Besar,37966
2023-03-28,Jawa Barat,Cabai Merah Besar,36749
2023-03-29,Jawa Barat,Cabai Merah Besar,35784
2023-03-30,Jawa Barat,Cabai Merah Besar,36361
2023-03-31,Jawa Barat,Cabai Merah Besar,36722
2023-04-03,Jawa Barat,Cabai Merah Besar,37855
2023-04-05,Jawa Barat,Cabai Merah Besar,37460
2023-04-06,Jawa Barat,Cabai Merah Besar,38023
2023-04-07,Jawa Barat,Cabai Merah Besar,39284
2023-04-10,Jawa Barat,Cabai Merah Besar,38905
2023-04-11,Jawa Barat,Cabai Merah Besar,38879
2023-04-12,Jawa Barat,Cabai Merah Besar,38682
2023-04-13,Jawa Barat,Cabai Merah Besar,38535
2023-04-14,Jawa Barat,Cabai Merah Besar,39470
2023-04-17,Jawa Barat,Cabai Merah Besar,41525
2023-04-18,Jawa Barat,Cabai Merah Besar,43224
2023-04-19,Jawa Barat,Cabai Merah Besar,42597
2023-04-20,Jawa Barat,Cabai Merah Besar,42924
2023-04-21,Jawa Barat,Cabai Merah Besar,41959
2023-04-24,Jawa Barat,Cabai Merah Besar,41127
2023-04-25,Jawa Barat,Cabai Merah Besar,41047
2023-04-26,Jawa Barat,Cabai Merah Besar,40203
2023-04-27,Jawa Barat,Cabai Merah Besar,39532
2023-04-28,Jawa Barat,Cabai Merah Besar,39808
2023-05-01,Jawa Barat,Cabai Merah Besar,40389
2023-05-02,Jawa Barat,Cabai Merah Besar,40946
2023-05-03,Jawa Barat,Cabai Merah Besar,41523
2023-05-04,Jawa Barat,Cabai Merah Besar,40058
2023-05-05,Jawa Barat,Cabai Merah Besar,39181
2023-05-08,Jawa Barat,Cabai Merah Besar,39224
2023-05-09,Jawa Barat,Cabai Merah Besar,40464
2023-05-10,Jawa Barat,Cabai Merah Besar,43337
2023-05-11,Jawa Barat,Cabai Merah Besar,43721
2023-05-12,Jawa Barat,Cabai Merah Besar,44646
2023-05-15,Jawa Barat,Cabai Merah Besar,42945
2023-05-16,Jawa Barat,Cabai Merah Besar,43817
2023-05-17,Jawa Barat,Cabai Merah Besar,46425
2023-05-18,Jawa Barat,Cabai Merah Besar,45404
2023-05-19,Jawa Barat,Cabai Merah Besar,44685
2023-05-23,Jawa Barat,Cabai Merah Besar,45848
2023-05-24,Jawa Barat,Cabai Merah Besar,43364
2023-05-25,Jawa Barat,Cabai Merah Besar,42748
2023-05-26,Jawa Barat,Cabai Merah Besar,44576
2023-05-29,Jawa Barat,Cabai Merah Besar,44217
2023-05-30,Jawa Barat,Cabai Merah Besar,43860
2023-05-31,Jawa Barat,Cabai Merah Besar,44877
2023-06-01,Jawa Barat,Cabai Merah Besar,45322
2023-06-02,Jawa Barat,Cabai Merah Besar,44888
2023-06-05,Jawa Barat,Cabai Merah Besar,44098
2023-06-06,Jawa Barat,Cabai Merah Besar,48037
2023-06-07,Jawa Barat,Cabai Merah Besar,49804
2023-06-08,Jawa Barat,Cabai Merah Besar,50505
2023-06-09,Jawa Barat,Cabai Merah Besar,51313
2023-06-12,Jawa Barat,Cabai Merah Besar,51127
2023-06-13,Jawa Barat,Cabai Merah Besar,51616
2023-06-14,Jawa Barat,Cabai Merah Besar,51273
2023-06-15,Jawa Barat,Cabai Merah Besar,50022
2023-06-16,Jawa Barat,Cabai Merah Besar,50558
2023-06-19,Jawa Barat,Cabai Merah Besar,50100
2023-06-20,Jawa Barat,Cabai Merah Besar,50714
2023-06-21,Jawa Barat,Cabai Merah Besar,51615
2023-06-22,Jawa Barat,Cabai Merah Besar,52329
2023-06-23,Jawa Barat,Cabai Merah Besar,50942
2023-06-26,Jawa Barat,Cabai Merah Besar,50329
2023-06-28,Jawa Barat,Cabai Merah Besar,51332
2023-06-29,Jawa Barat,Cabai Merah Besar,52719
2023-06-30,Jawa Barat,Cabai Merah Besar,51644
2023-07-03,Jawa Barat,Cabai Merah Besar,49793
2023-07-04,Jawa Barat,Cabai Merah Besar,53425
2023-07-05,Jawa Barat,Cabai Merah Besar,54100
2023-07-06,Jawa Barat,Cabai Merah Besar,51981
2023-07-07,Jawa Barat,Cabai Merah Besar,51136
2023-07-10,Jawa Barat,Cabai Merah Besar,52674
2023-07-11,Jawa Barat,Cabai Merah Besar,55964
2023-07-12,Jawa Barat,Cabai Merah Besar,59086
2023-07-13,Jawa Barat,Cabai Merah Besar,59758
2023-07-14,Jawa Barat,Cabai Merah Besar,55358
2023-07-17,Jawa Barat,Cabai Merah Besar,55364
2023-07-18,Jawa Barat,Cabai Merah Besar,53759
2023-07-19,Jawa Barat,Cabai Merah Besar,53893
2023-07-20,Jawa Barat,Cabai Merah Besar,52511
2023-07-21,Jawa Barat,Cabai Merah Besar,51893
2023-07-24,Jawa Barat,Cabai Merah Besar,53201
2023-07-25,Jawa Barat,Cabai Merah Besar,52840
2023-07-26,Jawa Barat,Cabai Merah Besar,52383
2023-07-27,Jawa Barat,Cabai Merah Besar,52307
2023-07-28,Jawa Barat,Cabai Merah Besar,56439
2023-07-31,Jawa Barat,Cabai Merah Besar,54647
2023-08-01,Jawa Barat,Cabai Merah Besar,55094
2023-08-02,Jawa Barat,Cabai Merah Besar,57978
2023-08-03,Jawa Barat,Cabai Merah Besar,57889
2023-08-04,Jawa Barat,Cabai Merah Besar,59981
2023-08-07,Jawa Barat,Cabai Merah Besar,57729
2023-08-08,Jawa Barat,Cabai Merah Besar,57390
2023-08-09,Jawa Barat,Cabai Merah Besar,56073
2023-08-10,Jawa Barat,Cabai Merah Besar,55969
2023-08-11,Jawa Barat,Cabai Merah Besar,55900
2023-08-14,Jawa Barat,Cabai Merah Besar,55994
2023-08-15,Jawa Barat,Cabai Merah Besar,57390
2023-08-16,Jawa Barat,Cabai Merah Besar,53768
2023-08-17,Jawa Barat,Cabai Merah Besar,52829
2023-08-18,Jawa Barat,Cabai Merah Besar,53154
2023-08-21,Jawa Barat,Cabai Merah Besar,50338
2023-08-22,Jawa Barat,Cabai Merah Besar,51251
2023-08-23,Jawa Barat,Cabai Merah Besar,50331
2023-08-24,Jawa Barat,Cabai Merah Besar,50062
2023-08-25,Jawa Barat,Cabai Merah Besar,51382
2023-08-29,Jawa Barat,Cabai Merah Besar,54336
2023-08-31,Jawa Barat,Cabai Merah Besar,53493
2023-09-01,Jawa Barat,Cabai Merah Besar,54540
2023-09-04,Jawa Barat,Cabai Merah Besar,55269
2023-09-05,Jawa Barat,Cabai Merah Besar,57653
2023-09-06,Jawa Barat,Cabai Merah Besar,57794
2023-09-07,Jawa Barat,Cabai Merah Besar,60208
2023-09-08,Jawa Barat,Cabai Merah Besar,62710
2023-09-11,Jawa Barat,Cabai Merah Besar,63993
2023-09-12,Jawa Barat,Cabai Merah Besar,64546
2023-09-13,Jawa Barat,Cabai Merah Besar,65419
2023-09-14,Jawa Barat,Cabai Merah Besar,68727
2023-09-15,Jawa Barat,Cabai Merah Besar,70897
2023-09-18,Jawa Barat,Cabai Merah Besar,68805
2023-09-19,Jawa Barat,Cabai Merah Besar,69604
2023-09-20,Jawa Barat,Cabai Merah Besar,67913
2023-09-21,Jawa Barat,Cabai Merah Besar,66640
2023-09-22,Jawa Barat,Cabai Merah Besar,65927
2023-09-25,Jawa Barat,Cabai Merah Besar,63293
2023-09-26,Jawa Barat,Cabai Merah Besar,61647
2023-09-27,Jawa Barat,Cabai Merah Besar,64426
2023-09-28,Jawa Barat,Cabai Merah Besar,63208
2023-09-29,Jawa Barat,Cabai Merah Besar,64794
2023-10-02,Jawa Barat,Cabai Merah Besar,65118
2023-10-03,Jawa Barat,Cabai Merah Besar,66172
2023-10-04,Jawa Barat,Cabai Merah Besar,67329
2023-10-05,Jawa Barat,Cabai Merah Besar,65501
2023-10-06,Jawa Barat,Cabai Merah Besar,67133
2023-10-09,Jawa Barat,Cabai Merah Besar,64775
2023-10-10,Jawa Barat,Cabai Merah Besar,63479
2023-10-11,Jawa Barat,Cabai Merah Besar,64560
2023-10-13,Jawa Barat,Cabai Merah Besar,59227
2023-10-16,Jawa Barat,Cabai Merah Besar,59831
2023-10-17,Jawa Barat,Cabai Merah Besar,57176
2023-10-18,Jawa Barat,Cabai Merah Besar,58313
2023-10-19,Jawa Barat,Cabai Merah Besar,57805
2023-10-20,Jawa Barat,Cabai Merah Besar,58369
2023-10-23,Jawa Barat,Cabai Merah Besar,58907
2023-10-24,Jawa Barat,Cabai Merah Besar,60215
2023-10-25,Jawa Barat,Cabai Merah Besar,61295
2023-10-27,Jawa Barat,Cabai Merah Besar,59093
2023-10-30,Jawa Barat,Cabai Merah Besar,59668
2023-10-31,Jawa Barat,Cabai Merah Besar,62198
2023-11-01,Jawa Barat,Cabai Merah Besar,63331
2023-11-02,Jawa Barat,Cabai Merah Besar,65821
2023-11-03,Jawa Barat,Cabai Merah Besar,66564
2023-11-06,Jawa Barat,Cabai Merah Besar,68704
2023-11-07,Jawa Barat,Cabai Merah Besar,69203
2023-11-08,Jawa Barat,Cabai Merah Besar,71334
2023-11-09,Jawa Barat,Cabai Merah Besar,70610
2023-11-10,Jawa Barat,Cabai Merah Besar,73887
2023-11-13,Jawa Barat,Cabai Merah Besar,74966
2023-11-14,Jawa Barat,Cabai Merah Besar,71983
2023-11-15,Jawa Barat,Cabai Merah Besar,72755
2023-11-16,Jawa Barat,Cabai Merah Besar,68455
2023-11-17,Jawa Barat,Cabai Merah Besar,69708
2023-11-20,Jawa Barat,Cabai Merah Besar,71522
2023-11-21,Jawa Barat,Cabai Merah Besar,75694
2023-11-22,Jawa Barat,Cabai Merah Besar,74592
2023-11-23,Jawa Barat,Cabai Merah Besar,78962
2023-11-24,Jawa Barat,Cabai Merah Besar,78971
2023-11-27,Jawa Barat,Cabai Merah Besar,77288
2023-11-28,Jawa Barat,Cabai Merah Besar,76207
2023-11-29,Jawa Barat,Cabai Merah Besar,77462
2023-11-30,Jawa Barat,Cabai Merah Besar,75510
2023-12-04,Jawa Barat,Cabai Merah Besar,75525
2023-12-05,Jawa Barat,Cabai Merah Besar,79009
2023-12-06,Jawa Barat,Cabai Merah Besar,80991
2023-12-07,Jawa Barat,Cabai Merah Besar,81093
2023-12-08,Jawa Barat,Cabai Merah Besar,82417
2023-12-11,Jawa Barat,Cabai Merah Besar,82996
2023-12-12,Jawa Barat,Cabai Merah Besar,80271
2023-12-13,Jawa Barat,Cabai Merah Besar,84465
2023-12-14,Jawa Barat,Cabai Merah Besar,88409
2023-12-15,Jawa Barat,Cabai Merah Besar,88220
2023-12-18,Jawa Barat,Cabai Merah Besar,87071
2023-12-19,Jawa Barat,Cabai Merah Besar,84261
2023-12-20,Jawa Barat,Cabai Merah Besar,85797
2023-12-21,Jawa Barat,Cabai Merah Besar,87379
2023-12-22,Jawa Barat,Cabai Merah Besar,85363
2023-12-25,Jawa Barat,Cabai Merah Besar,85993
2023-12-26,Jawa Barat,Cabai Merah Besar,88064
2023-12-27,Jawa Barat,Cabai Merah Besar,86754
2023-12-28,Jawa Barat,Cabai Merah Besar,86261
2023-12-29,Jawa Barat,Cabai Merah Besar,85748
2024-01-01,Jawa Barat,Cabai Merah Besar,83910
2024-01-02,Jawa Barat,Cabai Merah Besar,83481
2024-01-03,Jawa Barat,Cabai Merah Besar,79813
2024-01-04,Jawa Barat,Cabai Merah Besar,79222
2024-01-05,Jawa Barat,Cabai Merah Besar,78669
2024-01-08,Jawa Barat,Cabai Merah Besar,78528
2024-01-09,Jawa Barat,Cabai Merah Besar,79628
2024-01-10,Jawa Barat,Cabai Merah Besar,76896
2024-01-11,Jawa Barat,Cabai Merah Besar,74606
2024-01-12,Jawa Barat,Cabai Merah Besar,72958
2024-01-15,Jawa Barat,Cabai Merah Besar,70265
2024-01-16,Jawa Barat,Cabai Merah Besar,71489
2024-01-17,Jawa Barat,Cabai Merah Besar,70342
2024-01-18,Jawa Barat,Cabai Merah Besar,70278
2024-01-19,Jawa Barat,Cabai Merah Besar,68569
2024-01-22,Jawa Barat,Cabai Merah Besar,67857
2024-01-23,Jawa Barat,Cabai Merah Besar,68452
2024-01-24,Jawa Barat,Cabai Merah Besar,69151
2024-01-25,Jawa Barat,Cabai Merah Besar,67165
2024-01-26,Jawa Barat,Cabai Merah Besar,67008
2024-01-29,Jawa Barat,Cabai Merah Besar,65408
2024-01-30,Jawa Barat,Cabai Merah Besar,65187
2024-01-31,Jawa Barat,Cabai Merah Besar,63996
2024-02-01,Jawa Barat,Cabai Merah Besar,67491
2024-02-02,Jawa Barat,Cabai Merah Besar,69104
2024-02-05,Jawa Barat,Cabai Merah Besar,69898
2024-02-06,Jawa Barat,Cabai Merah Besar,66096
2024-02-07,Jawa Barat,Cabai Merah Besar,65563
2024-02-08,Jawa Barat,Cabai Merah Besar,67191
2024-02-09,Jawa Barat,Cabai Merah Besar,67089
2024-02-12,Jawa Barat,Cabai Merah Besar,70489
2024-02-13,Jawa Barat,Cabai Merah Besar,72462
2024-02-14,Jawa Barat,Cabai Merah Besar,71696
2024-02-15,Jawa Barat,Cabai Merah Besar,75022
2024-02-16,Jawa Barat,Cabai Merah Besar,74428
2024-02-19,Jawa Barat,Cabai Merah Besar,78655
2024-02-20,Jawa Barat,Cabai Merah Besar,82455
2024-02-21,Jawa Barat,Cabai Merah Besar,83165
2024-02-22,Jawa Barat,Cabai Merah Besar,79585
2024-02-23,Jawa Barat,Cabai Merah Besar,80087
2024-02-26,Jawa Barat,Cabai Merah Besar,77577
2024-02-27,Jawa Barat,Cabai Merah Besar,76221
2024-02-28,Jawa Barat,Cabai Merah Besar,75038
2024-02-29,Jawa Barat,Cabai Merah Besar,72671
2024-03-01,Jawa Barat,Cabai Merah Besar,73137
2024-03-04,Jawa Barat,Cabai Merah Besar,71630
2024-03-05,Jawa Barat,Cabai Merah Besar,71152
2024-03-06,Jawa Barat,Cabai Merah Besar,70064
2024-03-07,Jawa Barat,Cabai Merah Besar,71054
2024-03-08,Jawa Barat,Cabai Merah Besar,71902
2024-03-11,Jawa Barat,Cabai Merah Besar,71263
2024-03-12,Jawa Barat,Cabai Merah Besar,72377
2024-03-13,Jawa Barat,Cabai Merah Besar,75004
2024-03-14,Jawa Barat,Cabai Merah Besar,70597
2024-03-15,Jawa Barat,Cabai Merah Besar,69410
2024-03-18,Jawa Barat,Cabai Merah Besar,67549
2024-03-19,Jawa Barat,Cabai Merah Besar,66253
2024-03-20,Jawa Barat,Cabai Merah Besar,62087
2024-03-21,Jawa Barat,Cabai Merah Besar,58382
2024-03-22,Jawa Barat,Cabai Merah Besar,53909
2024-03-25,Jawa Barat,Cabai Merah Besar,53133
2024-03-26,Jawa Barat,Cabai Merah Besar,52328
2024-03-27,Jawa Barat,Cabai Merah Besar,54479
2024-03-28,Jawa Barat,Cabai Merah Besar,54702
2024-03-29,Jawa Barat,Cabai Merah Besar,51423
2024-04-01,Jawa Barat,Cabai Merah Besar,52187
2024-04-02,Jawa Barat,Cabai Merah Besar,58484
2024-04-03,Jawa Barat,Cabai Merah Besar,55052
2024-04-04,Jawa Barat,Cabai Merah Besar,57877
2024-04-05,Jawa Barat,Cabai Merah Besar,57801
2024-04-08,Jawa Barat,Cabai Merah Besar,57094
2024-04-09,Jawa Barat,Cabai Merah Besar,56158
2024-04-10,Jawa Barat,Cabai Merah Besar,56697
2024-04-11,Jawa Barat,Cabai Merah Besar,56017
2024-04-12,Jawa Barat,Cabai Merah Besar,54210
2024-04-15,Jawa Barat,Cabai Merah Besar,53374
2024-04-16,Jawa Barat,Cabai Merah Besar,53932
2024-04-17,Jawa Barat,Cabai Merah Besar,55016
2024-04-18,Jawa Barat,Cabai Merah Besar,58047
2024-04-19,Jawa Barat,Cabai Merah Besar,58212
2024-04-22,Jawa Barat,Cabai Merah Besar,60443
2024-04-23,Jawa Barat,Cabai Merah Besar,60102
2024-04-24,Jawa Barat,Cabai Merah Besar,59991
2024-04-25,Jawa Barat,Cabai Merah Besar,59789
2024-04-26,Jawa Barat,Cabai Merah Besar,60162
2024-04-29,Jawa Barat,Cabai Merah Besar,61699
2024-04-30,Jawa Barat,Cabai Merah Besar,60889
2024-05-01,Jawa Barat,Cabai Merah Besar,59338
2024-05-02,Jawa Barat,Cabai Merah Besar,61005
2024-05-03,Jawa Barat,Cabai Merah Besar,62576
2024-05-06,Jawa Barat,Cabai Merah Besar,65308
2024-05-07,Jawa Barat,Cabai Merah Besar,64173
2024-05-08,Jawa Barat,Cabai Merah Besar,63747
2024-05-09,Jawa Barat,Cabai Merah Besar,65617
2024-05-10,Jawa Barat,Cabai Merah Besar,64735
2024-05-13,Jawa Barat,Cabai Merah Besar,65949
2024-05-14,Jawa Barat,Cabai Merah Besar,65586
2024-05-15,Jawa Barat,Cabai Merah Besar,66205
2024-05-16,Jawa Barat,Cabai Merah Besar,64037
2024-05-17,Jawa Barat,Cabai Merah Besar,64196
2024-05-20,Jawa Barat,Cabai Merah Besar,58859
2024-05-21,Jawa Barat,Cabai Merah Besar,60955
2024-05-22,Jawa Barat,Cabai Merah Besar,62346
2024-05-23,Jawa Barat,Cabai Merah Besar,60653
2024-05-24,Jawa Barat,Cabai Merah Besar,63807
2024-05-27,Jawa Barat,Cabai Merah Besar,65944
2024-05-28,Jawa Barat,Cabai Merah Besar,63861
2024-05-29,Jawa Barat,Cabai Merah Besar,62889
2024-05-30,Jawa Barat,Cabai Merah Besar,60990
2024-05-31,Jawa Barat,Cabai Merah Besar,61617
2024-06-03,Jawa Barat,Cabai Merah Besar,60606
2024-06-04,Jawa Barat,Cabai Merah Besar,57335
2024-06-05,Jawa Barat,Cabai Merah Besar,57221
2024-06-06,Jawa Barat,Cabai Merah Besar,58754
2024-06-07,Jawa Barat,Cabai Merah Besar,58934
2024-06-10,Jawa Barat,Cabai Merah Besar,59871
2024-06-11,Jawa Barat,Cabai Merah Besar,60219
2024-06-12,Jawa Barat,Cabai Merah Besar,61513
2024-06-13,Jawa Barat,Cabai Merah Besar,62030
2024-06-14,Jawa Barat,Cabai Merah Besar,61810
2024-06-17,Jawa Barat,Cabai Merah Besar,61977
2024-06-19,Jawa Barat,Cabai Merah Besar,65907
2024-06-20,Jawa Barat,Cabai Merah Besar,64111
2024-06-21,Jawa Barat,Cabai Merah Besar,64255
2024-06-24,Jawa Barat,Cabai Merah Besar,64881
2024-06-25,Jawa Barat,Cabai Merah Besar,64590
2024-06-26,Jawa Barat,Cabai Merah Besar,61112
2024-06-27,Jawa Barat,Cabai Merah Besar,59605
2024-06-28,Jawa Barat,Cabai Merah Besar,58894
2024-07-01,Jawa Barat,Cabai Merah Besar,62210
2024-07-02,Jawa Barat,Cabai Merah Besar,63093
2024-07-03,Jawa Barat,Cabai Merah Besar,60323
2024-07-04,Jawa Barat,Cabai Merah Besar,60160
2024-07-05,Jawa Barat,Cabai Merah Besar,62519
2024-07-08,Jawa Barat,Cabai Merah Besar,61469
2024-07-09,Jawa Barat,Cabai Merah Besar,63349
2024-07-10,Jawa Barat,Cabai Merah Besar,60617
2024-07-11,Jawa Barat,Cabai Merah Besar,55835
2024-07-12,Jawa Barat,Cabai Merah Besar,57814
2024-07-15,Jawa Barat,Cabai Merah Besar,57042
2024-07-16,Jawa Barat,Cabai Merah Besar,54030
2024-07-17,Jawa Barat,Cabai Merah Besar,53425
2024-07-18,Jawa Barat,Cabai Merah Besar,53721
2024-07-22,Jawa Barat,Cabai Merah Besar,50635
2024-07-23,Jawa Barat,Cabai Merah Besar,49677
2024-07-24,Jawa Barat,Cabai Merah Besar,49762
2024-07-25,Jawa Barat,Cabai Merah Besar,50411
2024-07-26,Jawa Barat,Cabai Merah Besar,49023
2024-07-29,Jawa Barat,Cabai Merah Besar,48730
2024-07-30,Jawa Barat,Cabai Merah Besar,47907
2024-07-31,Jawa Barat,Cabai Merah Besar,48220
2024-08-01,Jawa Barat,Cabai Merah Besar,49869
2024-08-02,Jawa Barat,Cabai Merah Besar,49385
2024-08-05,Jawa Barat,Cabai Merah Besar,47458
2024-08-06,Jawa Barat,Cabai Merah Besar,46491
2024-08-07,Jawa Barat,Cabai Merah Besar,48891
2024-08-08,Jawa Barat,Cabai Merah Besar,47691
2024-08-09,Jawa Barat,Cabai Merah Besar,46056
2024-08-12,Jawa Barat,Cabai Merah Besar,45531
2024-08-13,Jawa Barat,Cabai Merah Besar,45407
2024-08-14,Jawa Barat,Cabai Merah Besar,44715
2024-08-15,Jawa Barat,Cabai Merah Besar,42793
2024-08-16,Jawa Barat,Cabai Merah Besar,43194
2024-08-19,Jawa Barat,Cabai Merah Besar,43477
2024-08-20,Jawa Barat,Cabai Merah Besar,44360
2024-08-21,Jawa Barat,Cabai Merah Besar,44621
2024-08-22,Jawa Barat,Cabai Merah Besar,46785
2024-08-23,Jawa Barat,Cabai Merah Besar,47849
2024-08-26,Jawa Barat,Cabai Merah Besar,48623
2024-08-27,Jawa Barat,Cabai Merah Besar,50346
2024-08-28,Jawa Barat,Cabai Merah Besar,50552
2024-08-29,Jawa Barat,Cabai Merah Besar,50280
2024-08-30,Jawa Barat,Cabai Merah Besar,50734
2024-09-02,Jawa Barat,Cabai Merah Besar,47942
2024-09-03,Jawa Barat,Cabai Merah Besar,48142
2024-09-04,Jawa Barat,Cabai Merah Besar,48010
2024-09-05,Jawa Barat,Cabai Merah Besar,48598
2024-09-06,Jawa Barat,Cabai Merah Besar,50090
2024-09-09,Jawa Barat,Cabai Merah Besar,50945
2024-09-10,Jawa Barat,Cabai Merah Besar,49911
2024-09-12,Jawa Barat,Cabai Merah Besar,53674
2024-09-13,Jawa Barat,Cabai Merah Besar,55367
2024-09-16,Jawa Barat,Cabai Merah Besar,53328
2024-09-17,Jawa Barat,Cabai Merah Besar,54221
2024-09-18,Jawa Barat,Cabai Merah Besar,52424
2024-09-19,Jawa Barat,Cabai Merah Besar,51995
2024-09-20,Jawa Barat,Cabai Merah Besar,52585
2024-09-23,Jawa Barat,Cabai Merah Besar,52970
2024-09-24,Jawa Barat,Cabai Merah Besar,54607
2024-09-25,Jawa Barat,Cabai Merah Besar,57294
2024-09-26,Jawa Barat,Cabai Merah Besar,58116
2024-09-27,Jawa Barat,Cabai Merah Besar,57515
2024-10-01,Jawa Barat,Cabai Merah Besar,56537
2024-10-02,Jawa Barat,Cabai Merah Besar,56391
2024-10-03,Jawa Barat,Cabai Merah Besar,56330
2024-10-04,Jawa Barat,Cabai Merah Besar,56397
2024-10-07,Jawa Barat,Cabai Merah Besar,57127
2024-10-08,Jawa Barat,Cabai Merah Besar,57917
2024-10-09,Jawa Barat,Cabai Merah Besar,57469
2024-10-10,Jawa Barat,Cabai Merah Besar,57304
2024-10-11,Jawa Barat,Cabai Merah Besar,56311
2024-10-14,Jawa Barat,Cabai Merah Besar,55166
2024-10-15,Jawa Barat,Cabai Merah Besar,54038
2024-10-16,Jawa Barat,Cabai Merah Besar,53865
2024-10-17,Jawa Barat,Cabai Merah Besar,52482
2024-10-18,Jawa Barat,Cabai Merah Besar,48237
2024-10-21,Jawa Barat,Cabai Merah Besar,47715
2024-10-22,Jawa Barat,Cabai Merah Besar,46032
2024-10-23,Jawa Barat,Cabai Merah Besar,46178
2024-10-24,Jawa Barat,Cabai Merah Besar,45373
2024-10-25,Jawa Barat,Cabai Merah Besar,45977
2024-10-28,Jawa Barat,Cabai Merah Besar,44463
2024-10-29,Jawa Barat,Cabai Merah Besar,42259
2024-10-30,Jawa Barat,Cabai Merah Besar,42141
2024-10-31,Jawa Barat,Cabai Merah Besar,41635
2024-11-01,Jawa Barat,Cabai Merah Besar,40074
2024-11-04,Jawa Barat,Cabai Merah Besar,40987
2024-11-05,Jawa Barat,Cabai Merah Besar,39812
2024-11-06,Jawa Barat,Cabai Merah Besar,38952
2024-11-07,Jawa Barat,Cabai Merah Besar,40070
2024-11-08,Jawa Barat,Cabai Merah Besar,40674
2024-11-11,Jawa Barat,Cabai Merah Besar,39393
2024-11-12,Jawa Barat,Cabai Merah Besar,39016
2024-11-13,Jawa Barat,Cabai Merah Besar,37685
2024-11-14,Jawa Barat,Cabai Merah Besar,38675
2024-11-15,Jawa Barat,Cabai Merah Besar,39690
2024-11-18,Jawa Barat,Cabai Merah Besar,41854
2024-11-19,Jawa Barat,Cabai Merah Besar,44718
2024-11-20,Jawa Barat,Cabai Merah Besar,43924
2024-11-21,Jawa Barat,Cabai Merah Besar,44842
2024-11-22,Jawa Barat,Cabai Merah Besar,42457
2024-11-25,Jawa Barat,Cabai Merah Besar,42686
2024-11-26,Jawa Barat,Cabai Merah Besar,43216
2024-11-27,Jawa Barat,Cabai Merah Besar,42038
2024-11-28,Jawa Barat,Cabai Merah Besar,41221
2024-11-29,Jawa Barat,Cabai Merah Besar,42312
2024-12-02,Jawa Barat,Cabai Merah Besar,42869
2024-12-03,Jawa Barat,Cabai Merah Besar,44994
2024-12-04,Jawa Barat,Cabai Merah Besar,47027
2024-12-05,Jawa Barat,Cabai Merah Besar,44820
2024-12-06,Jawa Barat,Cabai Merah Besar,44144
2024-12-09,Jawa Barat,Cabai Merah Besar,42819
2024-12-10,Jawa Barat,Cabai Merah Besar,43770
2024-12-11,Jawa Barat,Cabai Merah Besar,44132
2024-12-12,Jawa Barat,Cabai Merah Besar,42885
2024-12-13,Jawa Barat,Cabai Merah Besar,41844
2024-12-16,Jawa Barat,Cabai Merah Besar,43389
2024-12-18,Jawa Barat,Cabai Merah Besar,40419
2024-12-19,Jawa Barat,Cabai Merah Besar,39183
2024-12-20,Jawa Barat,Cabai Merah Besar,41417
2024-12-23,Jawa Barat,Cabai Merah Besar,42646
2024-12-24,Jawa Barat,Cabai Merah Besar,41121
2024-12-25,Jawa Barat,Cabai Merah Besar,41342
2024-12-26,Jawa Barat,Cabai Merah Besar,42482
2024-12-27,Jawa Barat,Cabai Merah Besar,40475
2024-12-30,Jawa Barat,Cabai Merah Besar,41737
2024-12-31,Jawa Barat,Cabai Merah Besar,42275
2025-01-01,Jawa Barat,Cabai Merah Besar,41385
2025-01-02,Jawa Barat,Cabai Merah Besar,42116
2025-01-03,Jawa Barat,Cabai Merah Besar,42482
2025-01-06,Jawa Barat,Cabai Merah Besar,42938
2025-01-08,Jawa Barat,Cabai Merah Besar,42034
2025-01-09,Jawa Barat,Cabai Merah Besar,41174
2025-01-10,Jawa Barat,Cabai Merah Besar,40891
2025-01-13,Jawa Barat,Cabai Merah Besar,40945
2025-01-14,Jawa Barat,Cabai Merah Besar,41744
2025-01-15,Jawa Barat,Cabai Merah Besar,44162
2025-01-16,Jawa Barat,Cabai Merah Besar,44460
2025-01-17,Jawa Barat,Cabai Merah Besar,45302
2025-01-20,Jawa Barat,Cabai Merah Besar,46475
2025-01-22,Jawa Barat,Cabai Merah Besar,46213
2025-01-24,Jawa Barat,Cabai Merah Besar,49726
2025-01-27,Jawa Barat,Cabai Merah Besar,49920
2025-01-28,Jawa Barat,Cabai Merah Besar,48688
2025-01-29,Jawa Barat,Cabai Merah Besar,48730
2025-01-30,Jawa Barat,Cabai Merah Besar,46572
2025-01-31,Jawa Barat,Cabai Merah Besar,48648
2025-02-03,Jawa Barat,Cabai Merah Besar,47770
2025-02-04,Jawa Barat,Cabai Merah Besar,47373
2025-02-05,Jawa Barat,Cabai Merah Besar,49363
2025-02-06,Jawa Barat,Cabai Merah Besar,45926
2025-02-07,Jawa Barat,Cabai Merah Besar,47659
2025-02-10,Jawa Barat,Cabai Merah Besar,48129
2025-02-11,Jawa Barat,Cabai Merah Besar,50528
2025-02-12,Jawa Barat,Cabai Merah Besar,49160
2025-02-13,Jawa Barat,Cabai Merah Besar,49645
2025-02-14,Jawa Barat,Cabai Merah Besar,48313
2025-02-17,Jawa Barat,Cabai Merah Besar,49881
2025-02-18,Jawa Barat,Cabai Merah Besar,51441
2025-02-19,Jawa Barat,Cabai Merah Besar,54138
2025-02-20,Jawa Barat,Cabai Merah Besar,54137
2025-02-21,Jawa Barat,Cabai Merah Besar,57515
2025-02-24,Jawa Barat,Cabai Merah Besar,55846
2025-02-25,Jawa Barat,Cabai Merah Besar,55759
2025-02-26,Jawa Barat,Cabai Merah Besar,54192
2025-02-27,Jawa Barat,Cabai Merah Besar,54501
2025-02-28,Jawa Barat,Cabai Merah Besar,53090
2025-03-03,Jawa Barat,Cabai Merah Besar,54818
2025-03-04,Jawa Barat,Cabai Merah Besar,55579
2025-03-05,Jawa Barat,Cabai Merah Besar,53846
2025-03-06,Jawa Barat,Cabai Merah Besar,55166
2025-03-07,Jawa Barat,Cabai Merah Besar,57770
2025-03-10,Jawa Barat,Cabai Merah Besar,58740
2025-03-11,Jawa Barat,Cabai Merah Besar,56458
2025-03-12,Jawa Barat,Cabai Merah Besar,56215
2025-03-14,Jawa Barat,Cabai Merah Besar,56976
2025-03-17,Jawa Barat,Cabai Merah Besar,55304
2025-03-18,Jawa Barat,Cabai Merah Besar,57313
2025-03-19,Jawa Barat,Cabai Merah Besar,56842
2025-03-20,Jawa Barat,Cabai Merah Besar,59527
2025-03-21,Jawa Barat,Cabai Merah Besar,58637
2025-03-24,Jawa Barat,Cabai Merah Besar,58059
2025-03-25,Jawa Barat,Cabai Merah Besar,57068
2025-03-26,Jawa Barat,Cabai Merah Besar,56794
2025-03-27,Jawa Barat,Cabai Merah Besar,57554
2025-03-28,Jawa Barat,Cabai Merah Besar,55941
2025-03-31,Jawa Barat,Cabai Merah Besar,54100
2025-04-01,Jawa Barat,Cabai Merah Besar,51515
2025-04-02,Jawa Barat,Cabai Merah Besar,48903
2025-04-03,Jawa Barat,Cabai Merah Besar,47017
2025-04-04,Jawa Barat,Cabai Merah Besar,46305
2025-04-07,Jawa Barat,Cabai Merah Besar,46544
2025-04-08,Jawa Barat,Cabai Merah Besar,47088
2025-04-09,Jawa Barat,Cabai Merah Besar,47268
2025-04-10,Jawa Barat,Cabai Merah Besar,49300
2025-04-11,Jawa Barat,Cabai Merah Besar,51954
2025-04-14,Jawa Barat,Cabai Merah Besar,51534
2025-04-15,Jawa Barat,Cabai Merah Besar,50112
2025-04-16,Jawa Barat,Cabai Merah Besar,53361
2025-04-17,Jawa Barat,Cabai Merah Besar,55236
2025-04-18,Jawa Barat,Cabai Merah Besar,57037
2025-04-21,Jawa Barat,Cabai Merah Besar,56111
2025-04-22,Jawa Barat,Cabai Merah Besar,57532
2025-04-23,Jawa Barat,Cabai Merah Besar,57764
2025-04-24,Jawa Barat,Cabai Merah Besar,57641
2025-04-25,Jawa Barat,Cabai Merah Besar,57514
2025-04-28,Jawa Barat,Cabai Merah Besar,58364
2025-04-29,Jawa Barat,Cabai Merah Besar,60941
2025-04-30,Jawa Barat,Cabai Merah Besar,65093
2025-05-01,Jawa Barat,Cabai Merah Besar,64333
2025-05-02,Jawa Barat,Cabai Merah Besar,64699
2025-05-05,Jawa Barat,Cabai Merah Besar,64514
2025-05-06,Jawa Barat,Cabai Merah Besar,65335
2025-05-07,Jawa Barat,Cabai Merah Besar,60707
2025-05-08,Jawa Barat,Cabai Merah Besar,60316
2025-05-09,Jawa Barat,Cabai Merah Besar,64007
2025-05-12,Jawa Barat,Cabai Merah Besar,62766
2025-05-13,Jawa Barat,Cabai Merah Besar,62036
2025-05-14,Jawa Barat,Cabai Merah Besar,61054
2025-05-15,Jawa Barat,Cabai Merah Besar,60794
2025-05-16,Jawa Barat,Cabai Merah Besar,58556
2025-05-19,Jawa Barat,Cabai Merah Besar,57659
2025-05-20,Jawa Barat,Cabai Merah Besar,58376
2025-05-21,Jawa Barat,Cabai Merah Besar,59088
2025-05-22,Jawa Barat,Cabai Merah Besar,59523
2025-05-23,Jawa Barat,Cabai Merah Besar,61963
2025-05-26,Jawa Barat,Cabai Merah Besar,62807
2025-05-27,Jawa Barat,Cabai Merah Besar,65309
2025-05-28,Jawa Barat,Cabai Merah Besar,69760
2025-05-29,Jawa Barat,Cabai Merah Besar,71583
2025-05-30,Jawa Barat,Cabai Merah Besar,68957
2025-06-02,Jawa Barat,Cabai Merah Besar,69545
2025-06-03,Jawa Barat,Cabai Merah Besar,69830
2025-06-04,Jawa Barat,Cabai Merah Besar,73124
2025-06-05,Jawa Barat,Cabai Merah Besar,72888
2025-06-06,Jawa Barat,Cabai Merah Besar,71205
2025-06-09,Jawa Barat,Cabai Merah Besar,70225
2025-06-10,Jawa Barat,Cabai Merah Besar,67714
2025-06-11,Jawa Barat,Cabai Merah Besar,62196
2025-06-12,Jawa Barat,Cabai Merah Besar,66013
2025-06-13,Jawa Barat,Cabai Merah Besar,66049
2025-06-16,Jawa Barat,Cabai Merah Besar,63842
2025-06-17,Jawa Barat,Cabai Merah Besar,67061
2025-06-18,Jawa Barat,Cabai Merah Besar,70857
2025-06-19,Jawa Barat,Cabai Merah Besar,71218
2025-06-20,Jawa Barat,Cabai Merah Besar,68509
2025-06-23,Jawa Barat,Cabai Merah Besar,67611
2025-06-24,Jawa Barat,Cabai Merah Besar,67183
2025-06-25,Jawa Barat,Cabai Merah Besar,67285
2025-06-26,Jawa Barat,Cabai Merah Besar,65246
2025-06-27,Jawa Barat,Cabai Merah Besar,67124
2025-07-01,Jawa Barat,Cabai Merah Besar,65295
2025-07-02,Jawa Barat,Cabai Merah Besar,67975
2025-07-03,Jawa Barat,Cabai Merah Besar,67266
2025-07-04,Jawa Barat,Cabai Merah Besar,67141
2025-07-07,Jawa Barat,Cabai Merah Besar,70189
2025-07-08,Jawa Barat,Cabai Merah Besar,71556
2025-07-09,Jawa Barat,Cabai Merah Besar,70881
2025-07-10,Jawa Barat,Cabai Merah Besar,70443
2025-07-11,Jawa Barat,Cabai Merah Besar,71496
2025-07-14,Jawa Barat,Cabai Merah Besar,75625
2025-07-15,Jawa Barat,Cabai Merah Besar,75225
2025-07-16,Jawa Barat,Cabai Merah Besar,74450
2025-07-17,Jawa Barat,Cabai Merah Besar,74548
2025-07-18,Jawa Barat,Cabai Merah Besar,74659
2025-07-21,Jawa Barat,Cabai Merah Besar,75362
2025-07-22,Jawa Barat,Cabai Merah Besar,75228
2025-07-23,Jawa Barat,Cabai Merah Besar,77941
2025-07-24,Jawa Barat,Cabai Merah Besar,75983
2025-07-25,Jawa Barat,Cabai Merah Besar,76948
2025-07-28,Jawa Barat,Cabai Merah Besar,78016
2025-07-29,Jawa Barat,Cabai Merah Besar,76236
2025-07-30,Jawa Barat,Cabai Merah Besar,77181
2025-07-31,Jawa Barat,Cabai Merah Besar,78315
2025-08-01,Jawa Barat,Cabai Merah Besar,72850
2025-08-04,Jawa Barat,Cabai Merah Besar,70837
2025-08-05,Jawa Barat,Cabai Merah Besar,74266
2025-08-06,Jawa Barat,Cabai Merah Besar,73022
2025-08-07,Jawa Barat,Cabai Merah Besar,70577
2025-08-08,Jawa Barat,Cabai Merah Besar,66924
2025-08-11,Jawa Barat,Cabai Merah Besar,64914
2025-08-12,Jawa Barat,Cabai Merah Besar,64719
2025-08-13,Jawa Barat,Cabai Merah Besar,62434
2025-08-15,Jawa Barat,Cabai Merah Besar,62193
2025-08-18,Jawa Barat,Cabai Merah Besar,62793
2025-08-19,Jawa Barat,Cabai Merah Besar,65493
2025-08-20,Jawa Barat,Cabai Merah Besar,68161
2025-08-21,Jawa Barat,Cabai Merah Besar,68783
2025-08-22,Jawa Barat,Cabai Merah Besar,66600
2025-08-25,Jawa Barat,Cabai Merah Besar,66531
2025-08-26,Jawa Barat,Cabai Merah Besar,67204
2025-08-28,Jawa Barat,Cabai Merah Besar,68526
2025-09-01,Jawa Barat,Cabai Merah Besar,69746
2025-09-02,Jawa Barat,Cabai Merah Besar,69995
2025-09-03,Jawa Barat,Cabai Merah Besar,70470
2025-09-04,Jawa Barat,Cabai Merah Besar,68939
2025-09-05,Jawa Barat,Cabai Merah Besar,70883
2025-09-09,Jawa Barat,Cabai Merah Besar,71463
2025-09-10,Jawa Barat,Cabai Merah Besar,73726
2025-09-11,Jawa Barat,Cabai Merah Besar,73092
2025-09-12,Jawa Barat,Cabai Merah Besar,75928
2025-09-15,Jawa Barat,Cabai Merah Besar,73181
2025-09-16,Jawa Barat,Cabai Merah Besar,73793
2025-09-17,Jawa Barat,Cabai Merah Besar,72067
2025-09-18,Jawa Barat,Cabai Merah Besar,69872
2025-09-19,Jawa Barat,Cabai Merah Besar,73876
2025-09-22,Jawa Barat,Cabai Merah Besar,71300
2025-09-23,Jawa Barat,Cabai Merah Besar,71448
2025-09-24,Jawa Barat,Cabai Merah Besar,68816
2025-09-26,Jawa Barat,Cabai Merah Besar,70521
2025-09-29,Jawa Barat,Cabai Merah Besar,72741
2025-10-01,Jawa Barat,Cabai Merah Besar,79144
2025-10-02,Jawa Barat,Cabai Merah Besar,75819
2025-10-03,Jawa Barat,Cabai Merah Besar,73708
2025-10-06,Jawa Barat,Cabai Merah Besar,75893
2025-10-07,Jawa Barat,Cabai Merah Besar,76637
2025-10-08,Jawa Barat,Cabai Merah Besar,76133
2025-10-09,Jawa Barat,Cabai Merah Besar,80798
2025-10-10,Jawa Barat,Cabai Merah Besar,80800
2025-10-13,Jawa Barat,Cabai Merah Besar,78992
2025-10-14,Jawa Barat,Cabai Merah Besar,81511
2025-10-15,Jawa Barat,Cabai Merah Besar,81592
2025-10-16,Jawa Barat,Cabai Merah Besar,81856
2025-10-17,Jawa Barat,Cabai Merah Besar,83518
2025-10-20,Jawa Barat,Cabai Merah Besar,85317
2025-10-21,Jawa Barat,Cabai Merah Besar,82912
2025-10-22,Jawa Barat,Cabai Merah Besar,82231
2025-10-23,Jawa Barat,Cabai Merah Besar,79020
2025-10-24,Jawa Barat,Cabai Merah Besar,79830
2025-10-27,Jawa Barat,Cabai Merah Besar,84349
2025-10-28,Jawa Barat,Cabai Merah Besar,82060
2025-10-29,Jawa Barat,Cabai Merah Besar,78468
2025-10-30,Jawa Barat,Cabai Merah Besar,77041
2025-10-31,Jawa Barat,Cabai Merah Besar,76515
2025-11-03,Jawa Barat,Cabai Merah Besar,78185
2025-11-04,Jawa Barat,Cabai Merah Besar,77420
2025-11-05,Jawa Barat,Cabai Merah Besar,78255
2025-11-06,Jawa Barat,Cabai Merah Besar,77135
2025-11-07,Jawa Barat,Cabai Merah Besar,76728
2025-11-10,Jawa Barat,Cabai Merah Besar,74943
2025-11-11,Jawa Barat,Cabai Merah Besar,72560
2025-11-12,Jawa Barat,Cabai Merah Besar,74227
2025-11-13,Jawa Barat,Cabai Merah Besar,73304
2025-11-14,Jawa Barat,Cabai Merah Besar,74256
2025-11-17,Jawa Barat,Cabai Merah Besar,72498
2025-11-18,Jawa Barat,Cabai Merah Besar,72513
2025-11-19,Jawa Barat,Cabai Merah Besar,68254
2025-11-20,Jawa Barat,Cabai Merah Besar,67545
2025-11-21,Jawa Barat,Cabai Merah Besar,66133
2025-11-24,Jawa Barat,Cabai Merah Besar,68461
2025-11-25,Jawa Barat,Cabai Merah Besar,66008
2025-11-26,Jawa Barat,Cabai Merah Besar,65736
2025-11-27,Jawa Barat,Cabai Merah Besar,66385
2025-11-28,Jawa Barat,Cabai Merah Besar,68398
2025-12-01,Jawa Barat,Cabai Merah Besar,70151
2025-12-02,Jawa Barat,Cabai Merah Besar,70020
2025-12-03,Jawa Barat,Cabai Merah Besar,70168
2025-12-04,Jawa Barat,Cabai Merah Besar,72637
2025-12-05,Jawa Barat,Cabai Merah Besar,72460
2025-12-08,Jawa Barat,Cabai Merah Besar,72837
2025-12-09,Jawa Barat,Cabai Merah Besar,75482
2025-12-10,Jawa Barat,Cabai Merah Besar,81125
2025-12-11,Jawa Barat,Cabai Merah Besar,81751
2025-12-12,Jawa Barat,Cabai Merah Besar,83026
2025-12-15,Jawa Barat,Cabai Merah Besar,85073
2025-12-16,Jawa Barat,Cabai Merah Besar,88134
2025-12-17,Jawa Barat,Cabai Merah Besar,90879
2025-12-18,Jawa Barat,Cabai Merah Besar,89384
2025-12-19,Jawa Barat,Cabai Merah Besar,90251
2025-12-22,Jawa Barat,Cabai Merah Besar,93084
2025-12-23,Jawa Barat,Cabai Merah Besar,97091
2025-12-24,Jawa Barat,Cabai Merah Besar,96696
2025-12-25,Jawa Barat,Cabai Merah Besar,97563
2025-12-26,Jawa Barat,Cabai Merah Besar,98771
2025-12-29,Jawa Barat,Cabai Merah Besar,98884
2025-12-30,Jawa Barat,Cabai Merah Besar,99693
2025-12-31,Jawa Barat,Cabai Merah Besar,93712
2026-01-01,Jawa Barat,Cabai Merah Besar,81590
2026-01-02,Jawa Barat,Cabai Merah Besar,87241
2026-01-05,Jawa Barat,Cabai Merah Besar,86782
2026-01-06,Jawa Barat,Cabai Merah Besar,86515
2026-01-07,Jawa Barat,Cabai Merah Besar,82500
2026-01-08,Jawa Barat,Cabai Merah Besar,78333
2026-01-09,Jawa Barat,Cabai Merah Besar,79470
2026-01-12,Jawa Barat,Cabai Merah Besar,81975
2026-01-13,Jawa Barat,Cabai Merah Besar,84042
2026-01-14,Jawa Barat,Cabai Merah Besar,82046
2026-01-15,Jawa Barat,Cabai Merah Besar,83956
2026-01-16,Jawa Barat,Cabai Merah Besar,83659
2026-01-19,Jawa Barat,Cabai Merah Besar,82765
2026-01-21,Jawa Barat,Cabai Merah Besar,77957
2026-01-22,Jawa Barat,Cabai Merah Besar,79145
2026-01-23,Jawa Barat,Cabai Merah Besar,79887
2026-01-26,Jawa Barat,Cabai Merah Besar,80277
2026-01-27,Jawa Barat,Cabai Merah Besar,75363
2026-01-28,Jawa Barat,Cabai Merah Besar,75755
2026-01-29,Jawa Barat,Cabai Merah Besar,74478
2026-01-30,Jawa Barat,Cabai Merah Besar,75192
2026-02-02,Jawa Barat,Cabai Merah Besar,77976
2026-02-03,Jawa Barat,Cabai Merah Besar,76968
2026-02-04,Jawa Barat,Cabai Merah Besar,77200
2026-02-05,Jawa Barat,Cabai Merah Besar,81912
2026-02-06,Jawa Barat,Cabai Merah Besar,82574
2026-02-09,Jawa Barat,Cabai Merah Besar,82520
2026-02-10,Jawa Barat,Cabai Merah Besar,80597
2026-02-11,Jawa Barat,Cabai Merah Besar,82545
2026-02-13,Jawa Barat,Cabai Merah Besar,83335
2026-02-16,Jawa Barat,Cabai Merah Besar,84957
2026-02-17,Jawa Barat,Cabai Merah Besar,83605
2026-02-18,Jawa Barat,Cabai Merah Besar,81730
2026-02-19,Jawa Barat,Cabai Merah Besar,79948
2026-02-20,Jawa Barat,Cabai Merah Besar,75944
2026-02-23,Jawa Barat,Cabai Merah Besar,76990
2026-02-24,Jawa Barat,Cabai Merah Besar,72490
2026-02-25,Jawa Barat,Cabai Merah Besar,72309
2026-02-26,Jawa Barat,Cabai Merah Besar,71995
2026-02-27,Jawa Barat,Cabai Merah Besar,71315
2026-03-02,Jawa Barat,Cabai Merah Besar,72283
2026-03-03,Jawa Barat,Cabai Merah Besar,71137
2026-03-04,Jawa Barat,Cabai Merah Besar,71512
2026-03-05,Jawa Barat,Cabai Merah Besar,74268
2026-03-06,Jawa Barat,Cabai Merah Besar,75542
2026-03-09,Jawa Barat,Cabai Merah Besar,74643
2026-03-10,Jawa Barat,Cabai Merah Besar,74660
2026-03-11,Jawa Barat,Cabai Merah Besar,73958
2026-03-12,Jawa Barat,Cabai Merah Besar,73607
2026-03-13,Jawa Barat,Cabai Merah Besar,74061
2026-03-16,Jawa Barat,Cabai Merah Besar,71136
2026-03-17,Jawa Barat,Cabai Merah Besar,67909
2026-03-18,Jawa Barat,Cabai Merah Besar,66173
2026-03-19,Jawa Barat,Cabai Merah Besar,67166
2026-03-20,Jawa Barat,Cabai Merah Besar,68455
2026-03-23,Jawa Barat,Cabai Merah Besar,70084
2026-03-24,Jawa Barat,Cabai Merah Besar,68364
2026-03-25,Jawa Barat,Cabai Merah Besar,68558
2026-03-26,Jawa Barat,Cabai Merah Besar,67801
2026-03-27,Jawa Barat,Cabai Merah Besar,67558
2026-03-30,Jawa Barat,Cabai Merah Besar,66778
2026-03-31,Jawa Barat,Cabai Merah Besar,67302
2026-04-01,Jawa Barat,Cabai Merah Besar,66006
2026-04-02,Jawa Barat,Cabai Merah Besar,68289
2026-04-03,Jawa Barat,Cabai Merah Besar,70671
2026-04-06,Jawa Barat,Cabai Merah Besar,71664
2026-04-07,Jawa Barat,Cabai Merah Besar,73851
2026-04-08,Jawa Barat,Cabai Merah Besar,70864
2026-04-09,Jawa Barat,Cabai Merah Besar,73455
2026-04-10,Jawa Barat,Cabai Merah Besar,74269
2026-04-13,Jawa Barat,Cabai Merah Besar,72957
2026-04-14,Jawa Barat,Cabai Merah Besar,71470
2026-04-15,Jawa Barat,Cabai Merah Besar,74885
2026-04-16,Jawa Barat,Cabai Merah Besar,76706
2026-04-17,Jawa Barat,Cabai Merah Besar,76373
2026-04-20,Jawa Barat,Cabai Merah Besar,73263
2026-04-22,Jawa Barat,Cabai Merah Besar,73665
2026-04-23,Jawa Barat,Cabai Merah Besar,72888
2026-04-24,Jawa Barat,Cabai Merah Besar,72569
2026-04-27,Jawa Barat,Cabai Merah Besar,71061
2026-04-28,Jawa Barat,Cabai Merah Besar,70659
2026-04-29,Jawa Barat,Cabai Merah Besar,70644
2026-04-30,Jawa Barat,Cabai Merah Besar,70204
2026-05-01,Jawa Barat,Cabai Merah Besar,70858
2026-05-04,Jawa Barat,Cabai Merah Besar,74340
2026-05-05,Jawa Barat,Cabai Merah Besar,71401
2026-05-06,Jawa Barat,Cabai Merah Besar,71729
2026-05-07,Jawa Barat,Cabai Merah Besar,69481
2026-05-08,Jawa Barat,Cabai Merah Besar,66567
2026-05-11,Jawa Barat,Cabai Merah Besar,68427
2026-05-12,Jawa Barat,Cabai Merah Besar,68911
2026-05-13,Jawa Barat,Cabai Merah Besar,65914
2026-05-14,Jawa Barat,Cabai Merah Besar,65539
2026-05-15,Jawa Barat,Cabai Merah Besar,62125
2026-05-18,Jawa Barat,Cabai Merah Besar,60541
2026-05-19,Jawa Barat,Cabai Merah Besar,56804
2026-05-20,Jawa Barat,Cabai Merah Besar,56537
2026-05-21,Jawa Barat,Cabai Merah Besar,57685
2026-05-22,Jawa Barat,Cabai Merah Besar,58669
2026-05-25,Jawa Barat,Cabai Merah Besar,58003
2026-05-26,Jawa Barat,Cabai Merah Besar,59714
2026-05-27,Jawa Barat,Cabai Merah Besar,62177
2026-05-28,Jawa Barat,Cabai Merah Besar,63473
2026-05-29,Jawa Barat,Cabai Merah Besar,62457
2026-06-01,Jawa Barat,Cabai Merah Besar,62221
2026-06-02,Jawa Barat,Cabai Merah Besar,65206
2026-06-03,Jawa Barat,Cabai Merah Besar,64600
2026-06-04,Jawa Barat,Cabai Merah Besar,65707
2026-06-05,Jawa Barat,Cabai Merah Besar,64317
2026-06-08,Jawa Barat,Cabai Merah Besar,66229
2026-06-09,Jawa Barat,Cabai Merah Besar,64625
2026-06-10,Jawa Barat,Cabai Merah Besar,64461
2026-06-11,Jawa Barat,Cabai Merah Besar,65495
2026-06-12,Jawa Barat,Cabai Merah Besar,69118
2026-06-15,Jawa Barat,Cabai Merah Besar,69569
2026-06-17,Jawa Barat,Cabai Merah Besar,68370
2026-06-18,Jawa Barat,Cabai Merah Besar,70302
2026-06-19,Jawa Barat,Cabai Merah Besar,71252
2026-06-22,Jawa Barat,Cabai Merah Besar,72654
2026-06-23,Jawa Barat,Cabai Merah Besar,75947
2026-06-24,Jawa Barat,Cabai Merah Besar,76080
2026-06-25,Jawa Barat,Cabai Merah Besar,76942
2026-06-26,Jawa Barat,Cabai Merah Besar,76166
2026-06-29,Jawa Barat,Cabai Merah Besar,74477
2026-06-30,Jawa Barat,Cabai Merah Besar,73198
2026-07-01,Jawa Barat,Cabai Merah Besar,68294
2026-07-02,Jawa Barat,Cabai Merah Besar,69368
2026-07-03,Jawa Barat,Cabai Merah Besar,70235
2026-07-06,Jawa Barat,Cabai Merah Besar,71293
2026-07-07,Jawa Barat,Cabai Merah Besar,69588
2026-07-08,Jawa Barat,Cabai Merah Besar,68425
2026-07-09,Jawa Barat,Cabai Merah Besar,67222
2026-07-10,Jawa Barat,Cabai Merah Besar,69436
2026-07-13,Jawa Barat,Cabai Merah Besar,69813
2026-07-14,Jawa Barat,Cabai Merah Besar,69913
2026-07-15,Jawa Barat,Cabai Merah Besar,71490
2026-07-16,Jawa Barat,Cabai Merah Besar,70239
2026-07-17,Jawa Barat,Cabai Merah Besar,70983
2026-07-20,Jawa Barat,Cabai Merah Besar,75257
2026-07-21,Jawa Barat,Cabai Merah Besar,78129
2026-07-22,Jawa Barat,Cabai Merah Besar,78921
2026-07-23,Jawa Barat,Cabai Merah Besar,79119
2026-07-24,Jawa Barat,Cabai Merah Besar,80290
2026-07-27,Jawa Barat,Cabai Merah Besar,83734
2026-07-28,Jawa Barat,Cabai Merah Besar,87110
2026-07-29,Jawa Barat,Cabai Merah Besar,91357
2026-07-30,Jawa Barat,Cabai Merah Besar,92003
2026-07-31,Jawa Barat,Cabai Merah Besar,86610
2026-08-03,Jawa Barat,Cabai Merah Besar,91581
2026-08-04,Jawa Barat,Cabai Merah Besar,89545
2026-08-05,Jawa Barat,Cabai Merah Besar,84557
2026-08-06,Jawa Barat,Cabai Merah Besar,86420
2026-08-07,Jawa Barat,Cabai Merah Besar,81394
2026-08-10,Jawa Barat,Cabai Merah Besar,81461
2026-08-11,Jawa Barat,Cabai Merah Besar,76695
2026-08-13,Jawa Barat,Cabai Merah Besar,79697
2026-08-14,Jawa Barat,Cabai Merah Besar,80535
2026-08-17,Jawa Barat,Cabai Merah Besar,80577
2026-08-18,Jawa Barat,Cabai Merah Besar,81690
2026-08-19,Jawa Barat,Cabai Merah Besar,75525
2026-08-20,Jawa Barat,Cabai Merah Besar,74157
2026-08-21,Jawa Barat,Cabai Merah Besar,73114
2026-08-24,Jawa Barat,Cabai Merah Besar,74470
2026-08-25,Jawa Barat,Cabai Merah Besar,72372
2026-08-26,Jawa Barat,Cabai Merah Besar,72790
2026-08-27,Jawa Barat,Cabai Merah Besar,72623
2026-08-28,Jawa Barat,Cabai Merah Besar,71413
2018-01-01,Jawa Barat,Cabai Merah Keriting,44695
2018-01-02,Jawa Barat,Cabai Merah Keriting,44013
2018-01-03,Jawa Barat,Cabai Merah Keriting,43692
2018-01-04,Jawa Barat,Cabai Merah Keriting,43542
2018-01-05,Jawa Barat,Cabai Merah Keriting,44300
2018-01-08,Jawa Barat,Cabai Merah Keriting,44686
2018-01-09,Jawa Barat,Cabai Merah Keriting,44133
2018-01-10,Jawa Barat,Cabai Merah Keriting,42801
2018-01-11,Jawa Barat,Cabai Merah Keriting,43041
2018-01-12,Jawa Barat,Cabai Merah Keriting,42938
2018-01-15,Jawa Barat,Cabai Merah Keriting,43033
2018-01-16,Jawa Barat,Cabai Merah Keriting,43390
2018-01-17,Jawa Barat,Cabai Merah Keriting,43829
2018-01-18,Jawa Barat,Cabai Merah Keriting,43633
2018-01-19,Jawa Barat,Cabai Merah Keriting,43584
2018-01-22,Jawa Barat,Cabai Merah Keriting,43770
2018-01-23,Jawa Barat,Cabai Merah Keriting,43988
2018-01-24,Jawa Barat,Cabai Merah Keriting,44080
2018-01-25,Jawa Barat,Cabai Merah Keriting,44782
2018-01-26,Jawa Barat,Cabai Merah Keriting,44999
2018-01-29,Jawa Barat,Cabai Merah Keriting,45365
2018-01-30,Jawa Barat,Cabai Merah Keriting,45502
2018-01-31,Jawa Barat,Cabai Merah Keriting,45018
2018-02-01,Jawa Barat,Cabai Merah Keriting,44711
2018-02-02,Jawa Barat,Cabai Merah Keriting,44140
2018-02-05,Jawa Barat,Cabai Merah Keriting,44646
2018-02-06,Jawa Barat,Cabai Merah Keriting,43911
2018-02-07,Jawa Barat,Cabai Merah Keriting,43842
2018-02-08,Jawa Barat,Cabai Merah Keriting,43670
2018-02-09,Jawa Barat,Cabai Merah Keriting,42734
2018-02-12,Jawa Barat,Cabai Merah Keriting,42555
2018-02-13,Jawa Barat,Cabai Merah Keriting,42415
2018-02-15,Jawa Barat,Cabai Merah Keriting,42308
2018-02-16,Jawa Barat,Cabai Merah Keriting,42912
2018-02-19,Jawa Barat,Cabai Merah Keriting,42808
2018-02-20,Jawa Barat,Cabai Merah Keriting,43207
2018-02-21,Jawa Barat,Cabai Merah Keriting,43244
2018-02-22,Jawa Barat,Cabai Merah Keriting,42734
2018-02-23,Jawa Barat,Cabai Merah Keriting,43395
2018-02-26,Jawa Barat,Cabai Merah Keriting,43977
2018-02-27,Jawa Barat,Cabai Merah Keriting,43490
2018-02-28,Jawa Barat,Cabai Merah Keriting,43770
2018-03-01,Jawa Barat,Cabai Merah Keriting,43492
2018-03-02,Jawa Barat,Cabai Merah Keriting,42794
2018-03-05,Jawa Barat,Cabai Merah Keriting,42435
2018-03-06,Jawa Barat,Cabai Merah Keriting,43059
2018-03-07,Jawa Barat,Cabai Merah Keriting,43473
2018-03-08,Jawa Barat,Cabai Merah Keriting,43335
2018-03-09,Jawa Barat,Cabai Merah Keriting,43974
2018-03-12,Jawa Barat,Cabai Merah Keriting,44522
2018-03-13,Jawa Barat,Cabai Merah Keriting,44150
2018-03-14,Jawa Barat,Cabai Merah Keriting,44934
2018-03-15,Jawa Barat,Cabai Merah Keriting,44753
2018-03-16,Jawa Barat,Cabai Merah Keriting,44636
2018-03-19,Jawa Barat,Cabai Merah Keriting,43734
2018-03-20,Jawa Barat,Cabai Merah Keriting,43448
2018-03-21,Jawa Barat,Cabai Merah Keriting,43384
2018-03-22,Jawa Barat,Cabai Merah Keriting,43528
2018-03-23,Jawa Barat,Cabai Merah Keriting,43016
2018-03-26,Jawa Barat,Cabai Merah Keriting,42676
2018-03-28,Jawa Barat,Cabai Merah Keriting,43951
2018-03-29,Jawa Barat,Cabai Merah Keriting,44559
2018-03-30,Jawa Barat,Cabai Merah Keriting,44532
2018-04-02,Jawa Barat,Cabai Merah Keriting,44695
2018-04-03,Jawa Barat,Cabai Merah Keriting,44995
2018-04-04,Jawa Barat,Cabai Merah Keriting,45798
2018-04-05,Jawa Barat,Cabai Merah Keriting,45053
2018-04-06,Jawa Barat,Cabai Merah Keriting,43791
2018-04-09,Jawa Barat,Cabai Merah Keriting,43548
2018-04-10,Jawa Barat,Cabai Merah Keriting,43663
2018-04-11,Jawa Barat,Cabai Merah Keriting,43704
2018-04-12,Jawa Barat,Cabai Merah Keriting,43353
2018-04-13,Jawa Barat,Cabai Merah Keriting,43600
2018-04-16,Jawa Barat,Cabai Merah Keriting,43376
2018-04-17,Jawa Barat,Cabai Merah Keriting,43382
2018-04-18,Jawa Barat,Cabai Merah Keriting,43607
2018-04-19,Jawa Barat,Cabai Merah Keriting,43404
2018-04-20,Jawa Barat,Cabai Merah Keriting,43777
2018-04-23,Jawa Barat,Cabai Merah Keriting,44246
2018-04-24,Jawa Barat,Cabai Merah Keriting,43907
2018-04-25,Jawa Barat,Cabai Merah Keriting,43678
2018-04-26,Jawa Barat,Cabai Merah Keriting,43225
2018-04-27,Jawa Barat,Cabai Merah Keriting,43220
2018-04-30,Jawa Barat,Cabai Merah Keriting,43364
2018-05-01,Jawa Barat,Cabai Merah Keriting,44222
2018-05-02,Jawa Barat,Cabai Merah Keriting,44058
2018-05-03,Jawa Barat,Cabai Merah Keriting,44191
2018-05-04,Jawa Barat,Cabai Merah Keriting,43948
2018-05-07,Jawa Barat,Cabai Merah Keriting,43722
2018-05-08,Jawa Barat,Cabai Merah Keriting,43892
2018-05-09,Jawa Barat,Cabai Merah Keriting,43695
2018-05-11,Jawa Barat,Cabai Merah Keriting,43852
2018-05-14,Jawa Barat,Cabai Merah Keriting,43977
2018-05-15,Jawa Barat,Cabai Merah Keriting,42858
2018-05-16,Jawa Barat,Cabai Merah Keriting,42629
2018-05-17,Jawa Barat,Cabai Merah Keriting,43137
2018-05-18,Jawa Barat,Cabai Merah Keriting,42414
2018-05-21,Jawa Barat,Cabai Merah Keriting,41059
2018-05-22,Jawa Barat,Cabai Merah Keriting,41313
2018-05-23,Jawa Barat,Cabai Merah Keriting,41422
2018-05-24,Jawa Barat,Cabai Merah Keriting,40937
2018-05-25,Jawa Barat,Cabai Merah Keriting,40986
2018-05-28,Jawa Barat,Cabai Merah Keriting,40709
2018-05-29,Jawa Barat,Cabai Merah Keriting,40927
2018-05-30,Jawa Barat,Cabai Merah Keriting,39685
2018-05-31,Jawa Barat,Cabai Merah Keriting,39575
2018-06-01,Jawa Barat,Cabai Merah Keriting,39346
2018-06-04,Jawa Barat,Cabai Merah Keriting,39686
2018-06-07,Jawa Barat,Cabai Merah Keriting,39152
2018-06-08,Jawa Barat,Cabai Merah Keriting,39945
2018-06-11,Jawa Barat,Cabai Merah Keriting,39737
2018-06-12,Jawa Barat,Cabai Merah Keriting,39877
2018-06-13,Jawa Barat,Cabai Merah Keriting,39108
2018-06-14,Jawa Barat,Cabai Merah Keriting,39105
2018-06-15,Jawa Barat,Cabai Merah Keriting,39606
2018-06-18,Jawa Barat,Cabai Merah Keriting,40414
2018-06-19,Jawa Barat,Cabai Merah Keriting,40597
2018-06-20,Jawa Barat,Cabai Merah Keriting,39914
2018-06-21,Jawa Barat,Cabai Merah Keriting,40503
2018-06-22,Jawa Barat,Cabai Merah Keriting,39825
2018-06-25,Jawa Barat,Cabai Merah Keriting,39321
2018-06-26,Jawa Barat,Cabai Merah Keriting,39943
2018-06-27,Jawa Barat,Cabai Merah Keriting,39909
2018-06-28,Jawa Barat,Cabai Merah Keriting,39656
2018-06-29,Jawa Barat,Cabai Merah Keriting,39956
2018-07-02,Jawa Barat,Cabai Merah Keriting,40027
2018-07-03,Jawa Barat,Cabai Merah Keriting,40988
2018-07-04,Jawa Barat,Cabai Merah Keriting,41466
2018-07-05,Jawa Barat,Cabai Merah Keriting,41561
2018-07-06,Jawa Barat,Cabai Merah Keriting,41666
2018-07-09,Jawa Barat,Cabai Merah Keriting,42134
2018-07-10,Jawa Barat,Cabai Merah Keriting,42093
2018-07-11,Jawa Barat,Cabai Merah Keriting,41691
2018-07-12,Jawa Barat,Cabai Merah Keriting,42034
2018-07-13,Jawa Barat,Cabai Merah Keriting,41902
2018-07-16,Jawa Barat,Cabai Merah Keriting,42034
2018-07-17,Jawa Barat,Cabai Merah Keriting,41138
2018-07-18,Jawa Barat,Cabai Merah Keriting,41079
2018-07-19,Jawa Barat,Cabai Merah Keriting,40848
2018-07-20,Jawa Barat,Cabai Merah Keriting,39966
2018-07-23,Jawa Barat,Cabai Merah Keriting,39922
2018-07-24,Jawa Barat,Cabai Merah Keriting,39892
2018-07-25,Jawa Barat,Cabai Merah Keriting,40050
2018-07-26,Jawa Barat,Cabai Merah Keriting,40554
2018-07-27,Jawa Barat,Cabai Merah Keriting,40983
2018-07-30,Jawa Barat,Cabai Merah Keriting,40780
2018-07-31,Jawa Barat,Cabai Merah Keriting,40862
2018-08-02,Jawa Barat,Cabai Merah Keriting,40897
2018-08-03,Jawa Barat,Cabai Merah Keriting,40247
2018-08-06,Jawa Barat,Cabai Merah Keriting,40156
2018-08-07,Jawa Barat,Cabai Merah Keriting,40683
2018-08-08,Jawa Barat,Cabai Merah Keriting,40017
2018-08-09,Jawa Barat,Cabai Merah Keriting,39594
2018-08-10,Jawa Barat,Cabai Merah Keriting,39257
2018-08-13,Jawa Barat,Cabai Merah Keriting,38846
2018-08-14,Jawa Barat,Cabai Merah Keriting,39142
2018-08-15,Jawa Barat,Cabai Merah Keriting,38877
2018-08-16,Jawa Barat,Cabai Merah Keriting,39185
2018-08-17,Jawa Barat,Cabai Merah Keriting,39204
2018-08-20,Jawa Barat,Cabai Merah Keriting,38472
2018-08-21,Jawa Barat,Cabai Merah Keriting,38302
2018-08-22,Jawa Barat,Cabai Merah Keriting,38721
2018-08-24,Jawa Barat,Cabai Merah Keriting,38645
2018-08-27,Jawa Barat,Cabai Merah Keriting,39157
2018-08-28,Jawa Barat,Cabai Merah Keriting,38705
2018-08-29,Jawa Barat,Cabai Merah Keriting,38456
2018-08-30,Jawa Barat,Cabai Merah Keriting,38832
2018-08-31,Jawa Barat,Cabai Merah Keriting,39119
2018-09-03,Jawa Barat,Cabai Merah Keriting,38635
2018-09-04,Jawa Barat,Cabai Merah Keriting,38833
2018-09-05,Jawa Barat,Cabai Merah Keriting,38563
2018-09-06,Jawa Barat,Cabai Merah Keriting,37713
2018-09-07,Jawa Barat,Cabai Merah Keriting,37584
2018-09-10,Jawa Barat,Cabai Merah Keriting,38383
2018-09-11,Jawa Barat,Cabai Merah Keriting,38810
2018-09-12,Jawa Barat,Cabai Merah Keriting,38791
2018-09-13,Jawa Barat,Cabai Merah Keriting,38133
2018-09-14,Jawa Barat,Cabai Merah Keriting,37304
2018-09-17,Jawa Barat,Cabai Merah Keriting,37323
2018-09-18,Jawa Barat,Cabai Merah Keriting,37487
2018-09-19,Jawa Barat,Cabai Merah Keriting,37777
2018-09-20,Jawa Barat,Cabai Merah Keriting,38019
2018-09-21,Jawa Barat,Cabai Merah Keriting,38300
2018-09-24,Jawa Barat,Cabai Merah Keriting,38414
2018-09-25,Jawa Barat,Cabai Merah Keriting,38913
2018-09-26,Jawa Barat,Cabai Merah Keriting,38693
2018-09-27,Jawa Barat,Cabai Merah Keriting,38707
2018-09-28,Jawa Barat,Cabai Merah Keriting,37985
2018-10-01,Jawa Barat,Cabai Merah Keriting,37762
2018-10-02,Jawa Barat,Cabai Merah Keriting,38170
2018-10-03,Jawa Barat,Cabai Merah Keriting,38437
2018-10-04,Jawa Barat,Cabai Merah Keriting,37465
2018-10-05,Jawa Barat,Cabai Merah Keriting,38300
2018-10-08,Jawa Barat,Cabai Merah Keriting,38365
2018-10-09,Jawa Barat,Cabai Merah Keriting,38438
2018-10-10,Jawa Barat,Cabai Merah Keriting,38187
2018-10-11,Jawa Barat,Cabai Merah Keriting,38021
2018-10-12,Jawa Barat,Cabai Merah Keriting,38081
2018-10-15,Jawa Barat,Cabai Merah Keriting,38322
2018-10-16,Jawa Barat,Cabai Merah Keriting,38457
2018-10-17,Jawa Barat,Cabai Merah Keriting,38236
2018-10-18,Jawa Barat,Cabai Merah Keriting,37866
2018-10-22,Jawa Barat,Cabai Merah Keriting,37913
2018-10-23,Jawa Barat,Cabai Merah Keriting,38301
2018-10-24,Jawa Barat,Cabai Merah Keriting,38503
2018-10-25,Jawa Barat,Cabai Merah Keriting,38952
2018-10-26,Jawa Barat,Cabai Merah Keriting,38899
2018-10-29,Jawa Barat,Cabai Merah Keriting,39256
2018-10-30,Jawa Barat,Cabai Merah Keriting,39486
2018-10-31,Jawa Barat,Cabai Merah Keriting,39862
2018-11-01,Jawa Barat,Cabai Merah Keriting,39409
2018-11-02,Jawa Barat,Cabai Merah Keriting,38360
2018-11-05,Jawa Barat,Cabai Merah Keriting,38469
2018-11-06,Jawa Barat,Cabai Merah Keriting,37667
2018-11-07,Jawa Barat,Cabai Merah Keriting,37525
2018-11-08,Jawa Barat,Cabai Merah Keriting,36637
2018-11-09,Jawa Barat,Cabai Merah Keriting,37137
2018-11-12,Jawa Barat,Cabai Merah Keriting,37518
2018-11-13,Jawa Barat,Cabai Merah Keriting,37660
2018-11-14,Jawa Barat,Cabai Merah Keriting,37318
2018-11-15,Jawa Barat,Cabai Merah Keriting,36607
2018-11-16,Jawa Barat,Cabai Merah Keriting,35736
2018-11-19,Jawa Barat,Cabai Merah Keriting,35523
2018-11-20,Jawa Barat,Cabai Merah Keriting,35791
2018-11-21,Jawa Barat,Cabai Merah Keriting,35660
2018-11-22,Jawa Barat,Cabai Merah Keriting,35853
2018-11-23,Jawa Barat,Cabai Merah Keriting,36067
2018-11-26,Jawa Barat,Cabai Merah Keriting,36333
2018-11-27,Jawa Barat,Cabai Merah Keriting,35581
2018-11-28,Jawa Barat,Cabai Merah Keriting,35290
2018-11-29,Jawa Barat,Cabai Merah Keriting,35474
2018-11-30,Jawa Barat,Cabai Merah Keriting,36052
2018-12-04,Jawa Barat,Cabai Merah Keriting,36619
2018-12-05,Jawa Barat,Cabai Merah Keriting,37124
2018-12-06,Jawa Barat,Cabai Merah Keriting,37240
2018-12-10,Jawa Barat,Cabai Merah Keriting,36884
2018-12-11,Jawa Barat,Cabai Merah Keriting,37360
2018-12-12,Jawa Barat,Cabai Merah Keriting,38114
2018-12-13,Jawa Barat,Cabai Merah Keriting,37876
2018-12-14,Jawa Barat,Cabai Merah Keriting,37406
2018-12-17,Jawa Barat,Cabai Merah Keriting,37751
2018-12-18,Jawa Barat,Cabai Merah Keriting,37921
2018-12-19,Jawa Barat,Cabai Merah Keriting,38054
2018-12-20,Jawa Barat,Cabai Merah Keriting,38585
2018-12-21,Jawa Barat,Cabai Merah Keriting,38939
2018-12-24,Jawa Barat,Cabai Merah Keriting,39156
2018-12-25,Jawa Barat,Cabai Merah Keriting,38961
2018-12-26,Jawa Barat,Cabai Merah Keriting,39281
2018-12-27,Jawa Barat,Cabai Merah Keriting,38778
2018-12-28,Jawa Barat,Cabai Merah Keriting,38897
2018-12-31,Jawa Barat,Cabai Merah Keriting,38883
2019-01-01,Jawa Barat,Cabai Merah Keriting,38219
2019-01-02,Jawa Barat,Cabai Merah Keriting,38393
2019-01-03,Jawa Barat,Cabai Merah Keriting,38154
2019-01-04,Jawa Barat,Cabai Merah Keriting,38318
2019-01-07,Jawa Barat,Cabai Merah Keriting,37924
2019-01-08,Jawa Barat,Cabai Merah Keriting,38276
2019-01-09,Jawa Barat,Cabai Merah Keriting,38976
2019-01-10,Jawa Barat,Cabai Merah Keriting,38073
2019-01-11,Jawa Barat,Cabai Merah Keriting,37585
2019-01-14,Jawa Barat,Cabai Merah Keriting,37198
2019-01-15,Jawa Barat,Cabai Merah Keriting,36659
2019-01-16,Jawa Barat,Cabai Merah Keriting,36574
2019-01-17,Jawa Barat,Cabai Merah Keriting,36724
2019-01-18,Jawa Barat,Cabai Merah Keriting,36999
2019-01-21,Jawa Barat,Cabai Merah Keriting,37105
2019-01-22,Jawa Barat,Cabai Merah Keriting,37370
2019-01-23,Jawa Barat,Cabai Merah Keriting,37342
2019-01-24,Jawa Barat,Cabai Merah Keriting,37105
2019-01-25,Jawa Barat,Cabai Merah Keriting,36732
2019-01-28,Jawa Barat,Cabai Merah Keriting,36662
2019-01-29,Jawa Barat,Cabai Merah Keriting,36302
2019-01-30,Jawa Barat,Cabai Merah Keriting,36439
2019-01-31,Jawa Barat,Cabai Merah Keriting,36087
2019-02-01,Jawa Barat,Cabai Merah Keriting,35898
2019-02-04,Jawa Barat,Cabai Merah Keriting,36317
2019-02-05,Jawa Barat,Cabai Merah Keriting,36782
2019-02-06,Jawa Barat,Cabai Merah Keriting,37240
2019-02-07,Jawa Barat,Cabai Merah Keriting,37218
2019-02-08,Jawa Barat,Cabai Merah Keriting,36998
2019-02-11,Jawa Barat,Cabai Merah Keriting,37198
2019-02-12,Jawa Barat,Cabai Merah Keriting,36847
2019-02-13,Jawa Barat,Cabai Merah Keriting,37144
2019-02-14,Jawa Barat,Cabai Merah Keriting,36889
2019-02-15,Jawa Barat,Cabai Merah Keriting,36802
2019-02-18,Jawa Barat,Cabai Merah Keriting,37107
2019-02-19,Jawa Barat,Cabai Merah Keriting,36385
2019-02-20,Jawa Barat,Cabai Merah Keriting,36151
2019-02-21,Jawa Barat,Cabai Merah Keriting,36296
2019-02-22,Jawa Barat,Cabai Merah Keriting,36525
2019-02-25,Jawa Barat,Cabai Merah Keriting,36688
2019-02-26,Jawa Barat,Cabai Merah Keriting,36596
2019-02-28,Jawa Barat,Cabai Merah Keriting,36559
2019-03-01,Jawa Barat,Cabai Merah Keriting,36164
2019-03-04,Jawa Barat,Cabai Merah Keriting,36305
2019-03-05,Jawa Barat,Cabai Merah Keriting,35888
2019-03-06,Jawa Barat,Cabai Merah Keriting,36561
2019-03-07,Jawa Barat,Cabai Merah Keriting,36875
2019-03-08,Jawa Barat,Cabai Merah Keriting,36648
2019-03-11,Jawa Barat,Cabai Merah Keriting,36987
2019-03-12,Jawa Barat,Cabai Merah Keriting,36499
2019-03-13,Jawa Barat,Cabai Merah Keriting,37076
2019-03-14,Jawa Barat,Cabai Merah Keriting,37082
2019-03-15,Jawa Barat,Cabai Merah Keriting,36844
2019-03-18,Jawa Barat,Cabai Merah Keriting,36725
2019-03-19,Jawa Barat,Cabai Merah Keriting,36429
2019-03-20,Jawa Barat,Cabai Merah Keriting,36342
2019-03-21,Jawa Barat,Cabai Merah Keriting,35883
2019-03-22,Jawa Barat,Cabai Merah Keriting,36595
2019-03-25,Jawa Barat,Cabai Merah Keriting,36372
2019-03-26,Jawa Barat,Cabai Merah Keriting,36700
2019-03-27,Jawa Barat,Cabai Merah Keriting,36783
2019-03-28,Jawa Barat,Cabai Merah Keriting,36394
2019-03-29,Jawa Barat,Cabai Merah Keriting,36321
2019-04-01,Jawa Barat,Cabai Merah Keriting,36791
2019-04-02,Jawa Barat,Cabai Merah Keriting,36609
2019-04-03,Jawa Barat,Cabai Merah Keriting,36185
2019-04-04,Jawa Barat,Cabai Merah Keriting,36399
2019-04-05,Jawa Barat,Cabai Merah Keriting,35555
2019-04-08,Jawa Barat,Cabai Merah Keriting,35449
2019-04-09,Jawa Barat,Cabai Merah Keriting,35947
2019-04-10,Jawa Barat,Cabai Merah Keriting,35863
2019-04-11,Jawa Barat,Cabai Merah Keriting,36228
2019-04-12,Jawa Barat,Cabai Merah Keriting,35803
2019-04-16,Jawa Barat,Cabai Merah Keriting,35572
2019-04-17,Jawa Barat,Cabai Merah Keriting,35761
2019-04-18,Jawa Barat,Cabai Merah Keriting,35787
2019-04-19,Jawa Barat,Cabai Merah Keriting,35015
2019-04-22,Jawa Barat,Cabai Merah Keriting,35564
2019-04-24,Jawa Barat,Cabai Merah Keriting,35389
2019-04-25,Jawa Barat,Cabai Merah Keriting,35271
2019-04-26,Jawa Barat,Cabai Merah Keriting,35265
2019-04-29,Jawa Barat,Cabai Merah Keriting,35225
2019-04-30,Jawa Barat,Cabai Merah Keriting,34889
2019-05-01,Jawa Barat,Cabai Merah Keriting,35181
2019-05-02,Jawa Barat,Cabai Merah Keriting,34928
2019-05-03,Jawa Barat,Cabai Merah Keriting,34653
2019-05-06,Jawa Barat,Cabai Merah Keriting,34079
2019-05-07,Jawa Barat,Cabai Merah Keriting,33882
2019-05-08,Jawa Barat,Cabai Merah Keriting,33634
2019-05-09,Jawa Barat,Cabai Merah Keriting,32592
2019-05-10,Jawa Barat,Cabai Merah Keriting,31890
2019-05-13,Jawa Barat,Cabai Merah Keriting,30929
2019-05-14,Jawa Barat,Cabai Merah Keriting,30854
2019-05-15,Jawa Barat,Cabai Merah Keriting,31320
2019-05-16,Jawa Barat,Cabai Merah Keriting,30853
2019-05-17,Jawa Barat,Cabai Merah Keriting,30841
2019-05-20,Jawa Barat,Cabai Merah Keriting,30758
2019-05-21,Jawa Barat,Cabai Merah Keriting,30967
2019-05-22,Jawa Barat,Cabai Merah Keriting,31203
2019-05-23,Jawa Barat,Cabai Merah Keriting,31938
2019-05-24,Jawa Barat,Cabai Merah Keriting,32023
2019-05-27,Jawa Barat,Cabai Merah Keriting,31747
2019-05-28,Jawa Barat,Cabai Merah Keriting,31553
2019-05-29,Jawa Barat,Cabai Merah Keriting,31393
2019-05-30,Jawa Barat,Cabai Merah Keriting,31176
2019-05-31,Jawa Barat,Cabai Merah Keriting,31742
2019-06-03,Jawa Barat,Cabai Merah Keriting,31967
2019-06-04,Jawa Barat,Cabai Merah Keriting,31408
2019-06-05,Jawa Barat,Cabai Merah Keriting,31572
2019-06-06,Jawa Barat,Cabai Merah Keriting,31214
2019-06-07,Jawa Barat,Cabai Merah Keriting,31448
2019-06-10,Jawa Barat,Cabai Merah Keriting,31826
2019-06-11,Jawa Barat,Cabai Merah Keriting,31747
2019-06-12,Jawa Barat,Cabai Merah Keriting,31550
2019-06-13,Jawa Barat,Cabai Merah Keriting,32055
2019-06-14,Jawa Barat,Cabai Merah Keriting,31814
2019-06-17,Jawa Barat,Cabai Merah Keriting,31541
2019-06-18,Jawa Barat,Cabai Merah Keriting,31219
2019-06-19,Jawa Barat,Cabai Merah Keriting,31192
2019-06-21,Jawa Barat,Cabai Merah Keriting,31596
2019-06-24,Jawa Barat,Cabai Merah Keriting,31777
2019-06-25,Jawa Barat,Cabai Merah Keriting,31952
2019-06-26,Jawa Barat,Cabai Merah Keriting,32394
2019-06-27,Jawa Barat,Cabai Merah Keriting,32049
2019-06-28,Jawa Barat,Cabai Merah Keriting,31553
2019-07-01,Jawa Barat,Cabai Merah Keriting,31750
2019-07-02,Jawa Barat,Cabai Merah Keriting,31706
2019-07-03,Jawa Barat,Cabai Merah Keriting,32035
2019-07-04,Jawa Barat,Cabai Merah Keriting,32021
2019-07-05,Jawa Barat,Cabai Merah Keriting,31812
2019-07-08,Jawa Barat,Cabai Merah Keriting,32016
2019-07-09,Jawa Barat,Cabai Merah Keriting,32044
2019-07-10,Jawa Barat,Cabai Merah Keriting,32031
2019-07-11,Jawa Barat,Cabai Merah Keriting,32868
2019-07-15,Jawa Barat,Cabai Merah Keriting,33552
2019-07-16,Jawa Barat,Cabai Merah Keriting,33592
2019-07-17,Jawa Barat,Cabai Merah Keriting,33602
2019-07-18,Jawa Barat,Cabai Merah Keriting,33492
2019-07-19,Jawa Barat,Cabai Merah Keriting,33568
2019-07-22,Jawa Barat,Cabai Merah Keriting,33391
2019-07-23,Jawa Barat,Cabai Merah Keriting,32965
2019-07-24,Jawa Barat,Cabai Merah Keriting,32948
2019-07-25,Jawa Barat,Cabai Merah Keriting,33051
2019-07-26,Jawa Barat,Cabai Merah Keriting,33395
2019-07-29,Jawa Barat,Cabai Merah Keriting,33111
2019-07-30,Jawa Barat,Cabai Merah Keriting,33123
2019-07-31,Jawa Barat,Cabai Merah Keriting,33309
2019-08-01,Jawa Barat,Cabai Merah Keriting,33488
2019-08-02,Jawa Barat,Cabai Merah Keriting,34073
2019-08-05,Jawa Barat,Cabai Merah Keriting,33968
2019-08-06,Jawa Barat,Cabai Merah Keriting,33651
2019-08-07,Jawa Barat,Cabai Merah Keriting,33687
2019-08-08,Jawa Barat,Cabai Merah Keriting,33601
2019-08-09,Jawa Barat,Cabai Merah Keriting,33454
2019-08-12,Jawa Barat,Cabai Merah Keriting,33261
2019-08-13,Jawa Barat,Cabai Merah Keriting,33367
2019-08-14,Jawa Barat,Cabai Merah Keriting,33129
2019-08-15,Jawa Barat,Cabai Merah Keriting,33388
2019-08-16,Jawa Barat,Cabai Merah Keriting,33631
2019-08-19,Jawa Barat,Cabai Merah Keriting,33771
2019-08-20,Jawa Barat,Cabai Merah Keriting,33410
2019-08-21,Jawa Barat,Cabai Merah Keriting,33500
2019-08-22,Jawa Barat,Cabai Merah Keriting,33875
2019-08-23,Jawa Barat,Cabai Merah Keriting,34167
2019-08-26,Jawa Barat,Cabai Merah Keriting,34406
2019-08-27,Jawa Barat,Cabai Merah Keriting,34414
2019-08-28,Jawa Barat,Cabai Merah Keriting,34405
2019-08-29,Jawa Barat,Cabai Merah Keriting,34854
2019-08-30,Jawa Barat,Cabai Merah Keriting,34959
2019-09-02,Jawa Barat,Cabai Merah Keriting,35070
2019-09-03,Jawa Barat,Cabai Merah Keriting,36129
2019-09-04,Jawa Barat,Cabai Merah Keriting,36010
2019-09-05,Jawa Barat,Cabai Merah Keriting,35206
2019-09-06,Jawa Barat,Cabai Merah Keriting,35141
2019-09-09,Jawa Barat,Cabai Merah Keriting,35098
2019-09-10,Jawa Barat,Cabai Merah Keriting,35198
2019-09-11,Jawa Barat,Cabai Merah Keriting,35383
2019-09-12,Jawa Barat,Cabai Merah Keriting,34646
2019-09-13,Jawa Barat,Cabai Merah Keriting,34837
2019-09-16,Jawa Barat,Cabai Merah Keriting,34815
2019-09-17,Jawa Barat,Cabai Merah Keriting,34716
2019-09-18,Jawa Barat,Cabai Merah Keriting,34123
2019-09-19,Jawa Barat,Cabai Merah Keriting,34653
2019-09-20,Jawa Barat,Cabai Merah Keriting,34497
2019-09-23,Jawa Barat,Cabai Merah Keriting,34743
2019-09-24,Jawa Barat,Cabai Merah Keriting,34443
2019-09-25,Jawa Barat,Cabai Merah Keriting,34557
2019-09-26,Jawa Barat,Cabai Merah Keriting,34465
2019-09-27,Jawa Barat,Cabai Merah Keriting,34699
2019-09-30,Jawa Barat,Cabai Merah Keriting,34595
2019-10-01,Jawa Barat,Cabai Merah Keriting,34280
2019-10-02,Jawa Barat,Cabai Merah Keriting,34275
2019-10-03,Jawa Barat,Cabai Merah Keriting,34252
2019-10-04,Jawa Barat,Cabai Merah Keriting,34341
2019-10-07,Jawa Barat,Cabai Merah Keriting,34686
2019-10-08,Jawa Barat,Cabai Merah Keriting,34294
2019-10-09,Jawa Barat,Cabai Merah Keriting,34617
2019-10-10,Jawa Barat,Cabai Merah Keriting,34177
2019-10-11,Jawa Barat,Cabai Merah Keriting,34394
2019-10-14,Jawa Barat,Cabai Merah Keriting,34625
2019-10-15,Jawa Barat,Cabai Merah Keriting,34451
2019-10-16,Jawa Barat,Cabai Merah Keriting,34170
2019-10-18,Jawa Barat,Cabai Merah Keriting,33901
2019-10-21,Jawa Barat,Cabai Merah Keriting,34153
2019-10-22,Jawa Barat,Cabai Merah Keriting,34101
2019-10-23,Jawa Barat,Cabai Merah Keriting,33308
2019-10-24,Jawa Barat,Cabai Merah Keriting,33118
2019-10-25,Jawa Barat,Cabai Merah Keriting,32918
2019-10-28,Jawa Barat,Cabai Merah Keriting,33089
2019-10-29,Jawa Barat,Cabai Merah Keriting,33279
2019-10-30,Jawa Barat,Cabai Merah Keriting,33332
2019-10-31,Jawa Barat,Cabai Merah Keriting,33647
2019-11-01,Jawa Barat,Cabai Merah Keriting,33994
2019-11-04,Jawa Barat,Cabai Merah Keriting,33820
2019-11-05,Jawa Barat,Cabai Merah Keriting,33519
2019-11-06,Jawa Barat,Cabai Merah Keriting,33492
2019-11-07,Jawa Barat,Cabai Merah Keriting,32888
2019-11-08,Jawa Barat,Cabai Merah Keriting,32940
2019-11-11,Jawa Barat,Cabai Merah Keriting,32755
2019-11-12,Jawa Barat,Cabai Merah Keriting,33862
2019-11-13,Jawa Barat,Cabai Merah Keriting,34363
2019-11-14,Jawa Barat,Cabai Merah Keriting,34138
2019-11-15,Jawa Barat,Cabai Merah Keriting,33766
2019-11-18,Jawa Barat,Cabai Merah Keriting,33518
2019-11-19,Jawa Barat,Cabai Merah Keriting,33870
2019-11-20,Jawa Barat,Cabai Merah Keriting,34236
2019-11-21,Jawa Barat,Cabai Merah Keriting,34748
2019-11-22,Jawa Barat,Cabai Merah Keriting,34429
2019-11-25,Jawa Barat,Cabai Merah Keriting,34606
2019-11-26,Jawa Barat,Cabai Merah Keriting,34319
2019-11-27,Jawa Barat,Cabai Merah Keriting,34921
2019-11-28,Jawa Barat,Cabai Merah Keriting,34612
2019-11-29,Jawa Barat,Cabai Merah Keriting,34160
2019-12-02,Jawa Barat,Cabai Merah Keriting,33769
2019-12-03,Jawa Barat,Cabai Merah Keriting,33766
2019-12-04,Jawa Barat,Cabai Merah Keriting,34011
2019-12-05,Jawa Barat,Cabai Merah Keriting,34234
2019-12-06,Jawa Barat,Cabai Merah Keriting,33856
2019-12-09,Jawa Barat,Cabai Merah Keriting,33720
2019-12-10,Jawa Barat,Cabai Merah Keriting,33539
2019-12-11,Jawa Barat,Cabai Merah Keriting,33124
2019-12-12,Jawa Barat,Cabai Merah Keriting,32939
2019-12-13,Jawa Barat,Cabai Merah Keriting,33414
2019-12-16,Jawa Barat,Cabai Merah Keriting,32958
2019-12-17,Jawa Barat,Cabai Merah Keriting,33034
2019-12-18,Jawa Barat,Cabai Merah Keriting,33519
2019-12-19,Jawa Barat,Cabai Merah Keriting,33990
2019-12-20,Jawa Barat,Cabai Merah Keriting,34607
2019-12-23,Jawa Barat,Cabai Merah Keriting,34721
2019-12-24,Jawa Barat,Cabai Merah Keriting,34889
2019-12-25,Jawa Barat,Cabai Merah Keriting,34701
2019-12-26,Jawa Barat,Cabai Merah Keriting,34220
2019-12-30,Jawa Barat,Cabai Merah Keriting,34575
2019-12-31,Jawa Barat,Cabai Merah Keriting,33766
2020-01-01,Jawa Barat,Cabai Merah Keriting,33599
2020-01-02,Jawa Barat,Cabai Merah Keriting,33797
2020-01-03,Jawa Barat,Cabai Merah Keriting,33798
2020-01-06,Jawa Barat,Cabai Merah Keriting,34250
2020-01-07,Jawa Barat,Cabai Merah Keriting,34615
2020-01-08,Jawa Barat,Cabai Merah Keriting,34096
2020-01-09,Jawa Barat,Cabai Merah Keriting,34126
2020-01-10,Jawa Barat,Cabai Merah Keriting,33859
2020-01-13,Jawa Barat,Cabai Merah Keriting,33589
2020-01-14,Jawa Barat,Cabai Merah Keriting,33109
2020-01-15,Jawa Barat,Cabai Merah Keriting,33195
2020-01-16,Jawa Barat,Cabai Merah Keriting,33647
2020-01-17,Jawa Barat,Cabai Merah Keriting,33766
2020-01-20,Jawa Barat,Cabai Merah Keriting,33263
2020-01-21,Jawa Barat,Cabai Merah Keriting,33245
2020-01-22,Jawa Barat,Cabai Merah Keriting,33426
2020-01-23,Jawa Barat,Cabai Merah Keriting,33381
2020-01-24,Jawa Barat,Cabai Merah Keriting,33493
2020-01-27,Jawa Barat,Cabai Merah Keriting,33257
2020-01-28,Jawa Barat,Cabai Merah Keriting,33172
2020-01-29,Jawa Barat,Cabai Merah Keriting,33067
2020-01-30,Jawa Barat,Cabai Merah Keriting,33590
2020-01-31,Jawa Barat,Cabai Merah Keriting,33226
2020-02-03,Jawa Barat,Cabai Merah Keriting,32486
2020-02-04,Jawa Barat,Cabai Merah Keriting,32973
2020-02-05,Jawa Barat,Cabai Merah Keriting,33014
2020-02-06,Jawa Barat,Cabai Merah Keriting,32590
2020-02-07,Jawa Barat,Cabai Merah Keriting,32904
2020-02-10,Jawa Barat,Cabai Merah Keriting,33105
2020-02-12,Jawa Barat,Cabai Merah Keriting,33765
2020-02-13,Jawa Barat,Cabai Merah Keriting,34648
2020-02-14,Jawa Barat,Cabai Merah Keriting,34606
2020-02-17,Jawa Barat,Cabai Merah Keriting,34818
2020-02-18,Jawa Barat,Cabai Merah Keriting,35087
2020-02-19,Jawa Barat,Cabai Merah Keriting,36286
2020-02-20,Jawa Barat,Cabai Merah Keriting,36120
2020-02-21,Jawa Barat,Cabai Merah Keriting,35944
2020-02-24,Jawa Barat,Cabai Merah Keriting,36229
2020-02-25,Jawa Barat,Cabai Merah Keriting,35734
2020-02-26,Jawa Barat,Cabai Merah Keriting,35452
2020-02-27,Jawa Barat,Cabai Merah Keriting,35398
2020-03-02,Jawa Barat,Cabai Merah Keriting,36301
2020-03-03,Jawa Barat,Cabai Merah Keriting,36331
2020-03-04,Jawa Barat,Cabai Merah Keriting,36131
2020-03-05,Jawa Barat,Cabai Merah Keriting,35319
2020-03-06,Jawa Barat,Cabai Merah Keriting,36106
2020-03-09,Jawa Barat,Cabai Merah Keriting,36084
2020-03-10,Jawa Barat,Cabai Merah Keriting,35798
2020-03-11,Jawa Barat,Cabai Merah Keriting,36689
2020-03-12,Jawa Barat,Cabai Merah Keriting,36204
2020-03-13,Jawa Barat,Cabai Merah Keriting,36711
2020-03-16,Jawa Barat,Cabai Merah Keriting,36716
2020-03-17,Jawa Barat,Cabai Merah Keriting,37007
2020-03-18,Jawa Barat,Cabai Merah Keriting,37223
2020-03-20,Jawa Barat,Cabai Merah Keriting,38494
2020-03-23,Jawa Barat,Cabai Merah Keriting,39414
2020-03-24,Jawa Barat,Cabai Merah Keriting,39122
2020-03-25,Jawa Barat,Cabai Merah Keriting,39334
2020-03-26,Jawa Barat,Cabai Merah Keriting,38622
2020-03-27,Jawa Barat,Cabai Merah Keriting,38968
2020-03-30,Jawa Barat,Cabai Merah Keriting,39422
2020-03-31,Jawa Barat,Cabai Merah Keriting,38548
2020-04-01,Jawa Barat,Cabai Merah Keriting,38539
2020-04-02,Jawa Barat,Cabai Merah Keriting,38844
2020-04-03,Jawa Barat,Cabai Merah Keriting,38992
2020-04-06,Jawa Barat,Cabai Merah Keriting,38483
2020-04-07,Jawa Barat,Cabai Merah Keriting,38019
2020-04-08,Jawa Barat,Cabai Merah Keriting,37963
2020-04-09,Jawa Barat,Cabai Merah Keriting,37789
2020-04-10,Jawa Barat,Cabai Merah Keriting,37653
2020-04-13,Jawa Barat,Cabai Merah Keriting,37111
2020-04-14,Jawa Barat,Cabai Merah Keriting,37124
2020-04-15,Jawa Barat,Cabai Merah Keriting,37774
2020-04-16,Jawa Barat,Cabai Merah Keriting,37296
2020-04-17,Jawa Barat,Cabai Merah Keriting,37208
2020-04-20,Jawa Barat,Cabai Merah Keriting,37453
2020-04-21,Jawa Barat,Cabai Merah Keriting,36830
2020-04-22,Jawa Barat,Cabai Merah Keriting,36846
2020-04-23,Jawa Barat,Cabai Merah Keriting,37261
2020-04-24,Jawa Barat,Cabai Merah Keriting,36863
2020-04-27,Jawa Barat,Cabai Merah Keriting,36918
2020-04-28,Jawa Barat,Cabai Merah Keriting,37301
2020-04-29,Jawa Barat,Cabai Merah Keriting,38249
2020-04-30,Jawa Barat,Cabai Merah Keriting,38284
2020-05-01,Jawa Barat,Cabai Merah Keriting,37990
2020-05-04,Jawa Barat,Cabai Merah Keriting,37250
2020-05-05,Jawa Barat,Cabai Merah Keriting,36968
2020-05-06,Jawa Barat,Cabai Merah Keriting,36416
2020-05-07,Jawa Barat,Cabai Merah Keriting,37092
2020-05-08,Jawa Barat,Cabai Merah Keriting,37450
2020-05-11,Jawa Barat,Cabai Merah Keriting,36999
2020-05-12,Jawa Barat,Cabai Merah Keriting,36694
2020-05-13,Jawa Barat,Cabai Merah Keriting,36721
2020-05-14,Jawa Barat,Cabai Merah Keriting,37131
2020-05-15,Jawa Barat,Cabai Merah Keriting,37333
2020-05-18,Jawa Barat,Cabai Merah Keriting,37495
2020-05-19,Jawa Barat,Cabai Merah Keriting,37577
2020-05-20,Jawa Barat,Cabai Merah Keriting,37143
2020-05-21,Jawa Barat,Cabai Merah Keriting,37176
2020-05-22,Jawa Barat,Cabai Merah Keriting,37160
2020-05-25,Jawa Barat,Cabai Merah Keriting,36601
2020-05-26,Jawa Barat,Cabai Merah Keriting,37268
2020-05-27,Jawa Barat,Cabai Merah Keriting,37032
2020-05-28,Jawa Barat,Cabai Merah Keriting,36484
2020-05-29,Jawa Barat,Cabai Merah Keriting,36312
2020-06-01,Jawa Barat,Cabai Merah Keriting,36211
2020-06-02,Jawa Barat,Cabai Merah Keriting,36184
2020-06-03,Jawa Barat,Cabai Merah Keriting,36077
2020-06-04,Jawa Barat,Cabai Merah Keriting,36072
2020-06-05,Jawa Barat,Cabai Merah Keriting,36130
2020-06-08,Jawa Barat,Cabai Merah Keriting,36168
2020-06-09,Jawa Barat,Cabai Merah Keriting,36322
2020-06-10,Jawa Barat,Cabai Merah Keriting,36500
2020-06-11,Jawa Barat,Cabai Merah Keriting,36690
2020-06-12,Jawa Barat,Cabai Merah Keriting,36980
2020-06-15,Jawa Barat,Cabai Merah Keriting,36704
2020-06-16,Jawa Barat,Cabai Merah Keriting,36444
2020-06-17,Jawa Barat,Cabai Merah Keriting,36853
2020-06-18,Jawa Barat,Cabai Merah Keriting,36691
2020-06-19,Jawa Barat,Cabai Merah Keriting,36642
2020-06-22,Jawa Barat,Cabai Merah Keriting,36559
2020-06-23,Jawa Barat,Cabai Merah Keriting,37468
2020-06-24,Jawa Barat,Cabai Merah Keriting,37125
2020-06-25,Jawa Barat,Cabai Merah Keriting,36778
2020-06-26,Jawa Barat,Cabai Merah Keriting,36774
2020-06-29,Jawa Barat,Cabai Merah Keriting,36701
2020-06-30,Jawa Barat,Cabai Merah Keriting,36256
2020-07-01,Jawa Barat,Cabai Merah Keriting,36220
2020-07-02,Jawa Barat,Cabai Merah Keriting,36226
2020-07-03,Jawa Barat,Cabai Merah Keriting,36029
2020-07-06,Jawa Barat,Cabai Merah Keriting,35971
2020-07-07,Jawa Barat,Cabai Merah Keriting,35674
2020-07-08,Jawa Barat,Cabai Merah Keriting,35243
2020-07-09,Jawa Barat,Cabai Merah Keriting,35085
2020-07-10,Jawa Barat,Cabai Merah Keriting,34710
2020-07-13,Jawa Barat,Cabai Merah Keriting,34226
2020-07-15,Jawa Barat,Cabai Merah Keriting,33627
2020-07-16,Jawa Barat,Cabai Merah Keriting,33465
2020-07-17,Jawa Barat,Cabai Merah Keriting,33843
2020-07-20,Jawa Barat,Cabai Merah Keriting,33136
2020-07-21,Jawa Barat,Cabai Merah Keriting,33005
2020-07-22,Jawa Barat,Cabai Merah Keriting,33081
2020-07-23,Jawa Barat,Cabai Merah Keriting,32855
2020-07-24,Jawa Barat,Cabai Merah Keriting,32840
2020-07-27,Jawa Barat,Cabai Merah Keriting,32192
2020-07-28,Jawa Barat,Cabai Merah Keriting,32043
2020-07-29,Jawa Barat,Cabai Merah Keriting,31751
2020-07-30,Jawa Barat,Cabai Merah Keriting,32070
2020-07-31,Jawa Barat,Cabai Merah Keriting,32122
2020-08-03,Jawa Barat,Cabai Merah Keriting,32391
2020-08-04,Jawa Barat,Cabai Merah Keriting,32799
2020-08-05,Jawa Barat,Cabai Merah Keriting,32620
2020-08-06,Jawa Barat,Cabai Merah Keriting,32658
2020-08-07,Jawa Barat,Cabai Merah Keriting,32280
2020-08-10,Jawa Barat,Cabai Merah Keriting,32406
2020-08-11,Jawa Barat,Cabai Merah Keriting,32583
2020-08-12,Jawa Barat,Cabai Merah Keriting,32685
2020-08-13,Jawa Barat,Cabai Merah Keriting,32507
2020-08-14,Jawa Barat,Cabai Merah Keriting,33139
2020-08-17,Jawa Barat,Cabai Merah Keriting,33144
2020-08-18,Jawa Barat,Cabai Merah Keriting,34212
2020-08-19,Jawa Barat,Cabai Merah Keriting,33817
2020-08-20,Jawa Barat,Cabai Merah Keriting,34037
2020-08-21,Jawa Barat,Cabai Merah Keriting,34391
2020-08-24,Jawa Barat,Cabai Merah Keriting,34001
2020-08-25,Jawa Barat,Cabai Merah Keriting,33907
2020-08-26,Jawa Barat,Cabai Merah Keriting,33399
2020-08-27,Jawa Barat,Cabai Merah Keriting,33836
2020-08-28,Jawa Barat,Cabai Merah Keriting,33798
2020-08-31,Jawa Barat,Cabai Merah Keriting,33492
2020-09-01,Jawa Barat,Cabai Merah Keriting,33846
2020-09-02,Jawa Barat,Cabai Merah Keriting,33841
2020-09-03,Jawa Barat,Cabai Merah Keriting,34142
2020-09-04,Jawa Barat,Cabai Merah Keriting,34298
2020-09-07,Jawa Barat,Cabai Merah Keriting,33942
2020-09-08,Jawa Barat,Cabai Merah Keriting,33746
2020-09-09,Jawa Barat,Cabai Merah Keriting,33449
2020-09-10,Jawa Barat,Cabai Merah Keriting,33042
2020-09-11,Jawa Barat,Cabai Merah Keriting,32466
2020-09-14,Jawa Barat,Cabai Merah Keriting,33183
2020-09-15,Jawa Barat,Cabai Merah Keriting,33281
2020-09-16,Jawa Barat,Cabai Merah Keriting,33431
2020-09-17,Jawa Barat,Cabai Merah Keriting,33828
2020-09-18,Jawa Barat,Cabai Merah Keriting,33629
2020-09-21,Jawa Barat,Cabai Merah Keriting,33147
2020-09-22,Jawa Barat,Cabai Merah Keriting,33407
2020-09-23,Jawa Barat,Cabai Merah Keriting,32977
2020-09-24,Jawa Barat,Cabai Merah Keriting,33227
2020-09-25,Jawa Barat,Cabai Merah Keriting,32703
2020-09-28,Jawa Barat,Cabai Merah Keriting,32261
2020-09-29,Jawa Barat,Cabai Merah Keriting,32038
2020-09-30,Jawa Barat,Cabai Merah Keriting,32267
2020-10-01,Jawa Barat,Cabai Merah Keriting,32836
2020-10-02,Jawa Barat,Cabai Merah Keriting,32984
2020-10-05,Jawa Barat,Cabai Merah Keriting,32769
2020-10-06,Jawa Barat,Cabai Merah Keriting,33093
2020-10-07,Jawa Barat,Cabai Merah Keriting,32562
2020-10-08,Jawa Barat,Cabai Merah Keriting,32241
2020-10-09,Jawa Barat,Cabai Merah Keriting,32269
2020-10-12,Jawa Barat,Cabai Merah Keriting,32534
2020-10-13,Jawa Barat,Cabai Merah Keriting,32461
2020-10-14,Jawa Barat,Cabai Merah Keriting,32351
2020-10-15,Jawa Barat,Cabai Merah Keriting,32262
2020-10-16,Jawa Barat,Cabai Merah Keriting,32641
2020-10-19,Jawa Barat,Cabai Merah Keriting,32374
2020-10-20,Jawa Barat,Cabai Merah Keriting,32034
2020-10-21,Jawa Barat,Cabai Merah Keriting,31940
2020-10-22,Jawa Barat,Cabai Merah Keriting,32368
2020-10-23,Jawa Barat,Cabai Merah Keriting,32140
2020-10-26,Jawa Barat,Cabai Merah Keriting,32049
2020-10-27,Jawa Barat,Cabai Merah Keriting,31531
2020-10-28,Jawa Barat,Cabai Merah Keriting,31456
2020-10-29,Jawa Barat,Cabai Merah Keriting,31532
2020-11-02,Jawa Barat,Cabai Merah Keriting,31493
2020-11-03,Jawa Barat,Cabai Merah Keriting,31565
2020-11-04,Jawa Barat,Cabai Merah Keriting,31389
2020-11-05,Jawa Barat,Cabai Merah Keriting,31463
2020-11-06,Jawa Barat,Cabai Merah Keriting,31625
2020-11-09,Jawa Barat,Cabai Merah Keriting,31034
2020-11-10,Jawa Barat,Cabai Merah Keriting,31120
2020-11-11,Jawa Barat,Cabai Merah Keriting,31523
2020-11-12,Jawa Barat,Cabai Merah Keriting,31262
2020-11-13,Jawa Barat,Cabai Merah Keriting,31094
2020-11-16,Jawa Barat,Cabai Merah Keriting,30978
2020-11-17,Jawa Barat,Cabai Merah Keriting,31237
2020-11-18,Jawa Barat,Cabai Merah Keriting,30883
2020-11-19,Jawa Barat,Cabai Merah Keriting,31026
2020-11-20,Jawa Barat,Cabai Merah Keriting,30916
2020-11-23,Jawa Barat,Cabai Merah Keriting,31480
2020-11-24,Jawa Barat,Cabai Merah Keriting,31387
2020-11-25,Jawa Barat,Cabai Merah Keriting,30650
2020-11-26,Jawa Barat,Cabai Merah Keriting,30853
2020-11-27,Jawa Barat,Cabai Merah Keriting,30979
2020-11-30,Jawa Barat,Cabai Merah Keriting,31035
2020-12-01,Jawa Barat,Cabai Merah Keriting,31427
2020-12-02,Jawa Barat,Cabai Merah Keriting,30878
2020-12-03,Jawa Barat,Cabai Merah Keriting,30578
2020-12-04,Jawa Barat,Cabai Merah Keriting,30562
2020-12-07,Jawa Barat,Cabai Merah Keriting,30600
2020-12-08,Jawa Barat,Cabai Merah Keriting,30537
2020-12-09,Jawa Barat,Cabai Merah Keriting,30047
2020-12-10,Jawa Barat,Cabai Merah Keriting,29889
2020-12-11,Jawa Barat,Cabai Merah Keriting,30406
2020-12-14,Jawa Barat,Cabai Merah Keriting,30049
2020-12-15,Jawa Barat,Cabai Merah Keriting,30027
2020-12-16,Jawa Barat,Cabai Merah Keriting,30167
2020-12-17,Jawa Barat,Cabai Merah Keriting,30409
2020-12-18,Jawa Barat,Cabai Merah Keriting,30609
2020-12-21,Jawa Barat,Cabai Merah Keriting,30426
2020-12-22,Jawa Barat,Cabai Merah Keriting,30129
2020-12-23,Jawa Barat,Cabai Merah Keriting,30682
2020-12-24,Jawa Barat,Cabai Merah Keriting,30962
2020-12-25,Jawa Barat,Cabai Merah Keriting,30970
2020-12-28,Jawa Barat,Cabai Merah Keriting,31425
2020-12-29,Jawa Barat,Cabai Merah Keriting,30916
2020-12-30,Jawa Barat,Cabai Merah Keriting,30475
2020-12-31,Jawa Barat,Cabai Merah Keriting,29766
2021-01-04,Jawa Barat,Cabai Merah Keriting,29848
2021-01-05,Jawa Barat,Cabai Merah Keriting,29396
2021-01-06,Jawa Barat,Cabai Merah Keriting,29652
2021-01-07,Jawa Barat,Cabai Merah Keriting,29052
2021-01-08,Jawa Barat,Cabai Merah Keriting,29150
2021-01-11,Jawa Barat,Cabai Merah Keriting,29319
2021-01-12,Jawa Barat,Cabai Merah Keriting,29348
2021-01-13,Jawa Barat,Cabai Merah Keriting,28866
2021-01-14,Jawa Barat,Cabai Merah Keriting,29227
2021-01-15,Jawa Barat,Cabai Merah Keriting,29062
2021-01-18,Jawa Barat,Cabai Merah Keriting,28898
2021-01-19,Jawa Barat,Cabai Merah Keriting,28677
2021-01-20,Jawa Barat,Cabai Merah Keriting,28877
2021-01-21,Jawa Barat,Cabai Merah Keriting,28700
2021-01-22,Jawa Barat,Cabai Merah Keriting,28337
2021-01-25,Jawa Barat,Cabai Merah Keriting,28622
2021-01-26,Jawa Barat,Cabai Merah Keriting,28594
2021-01-27,Jawa Barat,Cabai Merah Keriting,28893
2021-01-29,Jawa Barat,Cabai Merah Keriting,28647
2021-02-01,Jawa Barat,Cabai Merah Keriting,28103
2021-02-02,Jawa Barat,Cabai Merah Keriting,28136
2021-02-03,Jawa Barat,Cabai Merah Keriting,28031
2021-02-04,Jawa Barat,Cabai Merah Keriting,28240
2021-02-05,Jawa Barat,Cabai Merah Keriting,28054
2021-02-08,Jawa Barat,Cabai Merah Keriting,28158
2021-02-09,Jawa Barat,Cabai Merah Keriting,28140
2021-02-10,Jawa Barat,Cabai Merah Keriting,27882
2021-02-11,Jawa Barat,Cabai Merah Keriting,27720
2021-02-12,Jawa Barat,Cabai Merah Keriting,27319
2021-02-15,Jawa Barat,Cabai Merah Keriting,27845
2021-02-16,Jawa Barat,Cabai Merah Keriting,27942
2021-02-17,Jawa Barat,Cabai Merah Keriting,27520
2021-02-18,Jawa Barat,Cabai Merah Keriting,28032
2021-02-19,Jawa Barat,Cabai Merah Keriting,27698
2021-02-22,Jawa Barat,Cabai Merah Keriting,27511
2021-02-23,Jawa Barat,Cabai Merah Keriting,27429
2021-02-24,Jawa Barat,Cabai Merah Keriting,27418
2021-02-25,Jawa Barat,Cabai Merah Keriting,27614
2021-02-26,Jawa Barat,Cabai Merah Keriting,27033
2021-03-01,Jawa Barat,Cabai Merah Keriting,27027
2021-03-02,Jawa Barat,Cabai Merah Keriting,26932
2021-03-03,Jawa Barat,Cabai Merah Keriting,26968
2021-03-04,Jawa Barat,Cabai Merah Keriting,26860
2021-03-08,Jawa Barat,Cabai Merah Keriting,26666
2021-03-10,Jawa Barat,Cabai Merah Keriting,27001
2021-03-11,Jawa Barat,Cabai Merah Keriting,27323
2021-03-12,Jawa Barat,Cabai Merah Keriting,27347
2021-03-15,Jawa Barat,Cabai Merah Keriting,27358
2021-03-16,Jawa Barat,Cabai Merah Keriting,27398
2021-03-17,Jawa Barat,Cabai Merah Keriting,27525
2021-03-18,Jawa Barat,Cabai Merah Keriting,27403
2021-03-19,Jawa Barat,Cabai Merah Keriting,27707
2021-03-22,Jawa Barat,Cabai Merah Keriting,27836
2021-03-23,Jawa Barat,Cabai Merah Keriting,27455
2021-03-24,Jawa Barat,Cabai Merah Keriting,26812
2021-03-25,Jawa Barat,Cabai Merah Keriting,27279
2021-03-26,Jawa Barat,Cabai Merah Keriting,27328
2021-03-29,Jawa Barat,Cabai Merah Keriting,26923
2021-03-30,Jawa Barat,Cabai Merah Keriting,26783
2021-03-31,Jawa Barat,Cabai Merah Keriting,27028
2021-04-01,Jawa Barat,Cabai Merah Keriting,26962
2021-04-02,Jawa Barat,Cabai Merah Keriting,26920
2021-04-05,Jawa Barat,Cabai Merah Keriting,27106
2021-04-06,Jawa Barat,Cabai Merah Keriting,27182
2021-04-07,Jawa Barat,Cabai Merah Keriting,27331
2021-04-08,Jawa Barat,Cabai Merah Keriting,27516
2021-04-09,Jawa Barat,Cabai Merah Keriting,27295
2021-04-12,Jawa Barat,Cabai Merah Keriting,27101
2021-04-13,Jawa Barat,Cabai Merah Keriting,26852
2021-04-14,Jawa Barat,Cabai Merah Keriting,26675
2021-04-15,Jawa Barat,Cabai Merah Keriting,26623
2021-04-16,Jawa Barat,Cabai Merah Keriting,26592
2021-04-19,Jawa Barat,Cabai Merah Keriting,26972
2021-04-20,Jawa Barat,Cabai Merah Keriting,27034
2021-04-21,Jawa Barat,Cabai Merah Keriting,26987
2021-04-22,Jawa Barat,Cabai Merah Keriting,27726
2021-04-23,Jawa Barat,Cabai Merah Keriting,27411
2021-04-26,Jawa Barat,Cabai Merah Keriting,27307
2021-04-27,Jawa Barat,Cabai Merah Keriting,27809
2021-04-28,Jawa Barat,Cabai Merah Keriting,28315
2021-04-29,Jawa Barat,Cabai Merah Keriting,28204
2021-04-30,Jawa Barat,Cabai Merah Keriting,27700
2021-05-03,Jawa Barat,Cabai Merah Keriting,27553
2021-05-04,Jawa Barat,Cabai Merah Keriting,27951
2021-05-05,Jawa Barat,Cabai Merah Keriting,27899
2021-05-07,Jawa Barat,Cabai Merah Keriting,28073
2021-05-10,Jawa Barat,Cabai Merah Keriting,27636
2021-05-11,Jawa Barat,Cabai Merah Keriting,27627
2021-05-12,Jawa Barat,Cabai Merah Keriting,27860
2021-05-13,Jawa Barat,Cabai Merah Keriting,27672
2021-05-14,Jawa Barat,Cabai Merah Keriting,27897
2021-05-17,Jawa Barat,Cabai Merah Keriting,27906
2021-05-18,Jawa Barat,Cabai Merah Keriting,28115
2021-05-19,Jawa Barat,Cabai Merah Keriting,28198
2021-05-20,Jawa Barat,Cabai Merah Keriting,27895
2021-05-21,Jawa Barat,Cabai Merah Keriting,27792
2021-05-24,Jawa Barat,Cabai Merah Keriting,27680
2021-05-25,Jawa Barat,Cabai Merah Keriting,27481
2021-05-26,Jawa Barat,Cabai Merah Keriting,27538
2021-05-27,Jawa Barat,Cabai Merah Keriting,28109
2021-05-28,Jawa Barat,Cabai Merah Keriting,28421
2021-05-31,Jawa Barat,Cabai Merah Keriting,28782
2021-06-01,Jawa Barat,Cabai Merah Keriting,28558
2021-06-02,Jawa Barat,Cabai Merah Keriting,28926
2021-06-03,Jawa Barat,Cabai Merah Keriting,29411
2021-06-04,Jawa Barat,Cabai Merah Keriting,29173
2021-06-07,Jawa Barat,Cabai Merah Keriting,29294
2021-06-09,Jawa Barat,Cabai Merah Keriting,29336
2021-06-10,Jawa Barat,Cabai Merah Keriting,29372
2021-06-11,Jawa Barat,Cabai Merah Keriting,29517
2021-06-14,Jawa Barat,Cabai Merah Keriting,29449
2021-06-15,Jawa Barat,Cabai Merah Keriting,29760
2021-06-16,Jawa Barat,Cabai Merah Keriting,29354
2021-06-17,Jawa Barat,Cabai Merah Keriting,29234
2021-06-18,Jawa Barat,Cabai Merah Keriting,29443
2021-06-21,Jawa Barat,Cabai Merah Keriting,30010
2021-06-22,Jawa Barat,Cabai Merah Keriting,30349
2021-06-23,Jawa Barat,Cabai Merah Keriting,30379
2021-06-24,Jawa Barat,Cabai Merah Keriting,30324
2021-06-25,Jawa Barat,Cabai Merah Keriting,30217
2021-06-28,Jawa Barat,Cabai Merah Keriting,30113
2021-06-29,Jawa Barat,Cabai Merah Keriting,29540
2021-06-30,Jawa Barat,Cabai Merah Keriting,30092
2021-07-01,Jawa Barat,Cabai Merah Keriting,30061
2021-07-02,Jawa Barat,Cabai Merah Keriting,29799
2021-07-05,Jawa Barat,Cabai Merah Keriting,29917
2021-07-06,Jawa Barat,Cabai Merah Keriting,29679
2021-07-07,Jawa Barat,Cabai Merah Keriting,29957
2021-07-08,Jawa Barat,Cabai Merah Keriting,29705
2021-07-09,Jawa Barat,Cabai Merah Keriting,29933
2021-07-12,Jawa Barat,Cabai Merah Keriting,29823
2021-07-13,Jawa Barat,Cabai Merah Keriting,29898
2021-07-14,Jawa Barat,Cabai Merah Keriting,30153
2021-07-15,Jawa Barat,Cabai Merah Keriting,29971
2021-07-16,Jawa Barat,Cabai Merah Keriting,30218
2021-07-19,Jawa Barat,Cabai Merah Keriting,29655
2021-07-20,Jawa Barat,Cabai Merah Keriting,30122
2021-07-21,Jawa Barat,Cabai Merah Keriting,30429
2021-07-22,Jawa Barat,Cabai Merah Keriting,30386
2021-07-23,Jawa Barat,Cabai Merah Keriting,30758
2021-07-26,Jawa Barat,Cabai Merah Keriting,31096
2021-07-27,Jawa Barat,Cabai Merah Keriting,31081
2021-07-28,Jawa Barat,Cabai Merah Keriting,31063
2021-07-29,Jawa Barat,Cabai Merah Keriting,30755
2021-07-30,Jawa Barat,Cabai Merah Keriting,30757
2021-08-02,Jawa Barat,Cabai Merah Keriting,30270
2021-08-03,Jawa Barat,Cabai Merah Keriting,30498
2021-08-04,Jawa Barat,Cabai Merah Keriting,30735
2021-08-05,Jawa Barat,Cabai Merah Keriting,30166
2021-08-06,Jawa Barat,Cabai Merah Keriting,30603
2021-08-09,Jawa Barat,Cabai Merah Keriting,30392
2021-08-10,Jawa Barat,Cabai Merah Keriting,31333
2021-08-11,Jawa Barat,Cabai Merah Keriting,31394
2021-08-12,Jawa Barat,Cabai Merah Keriting,31853
2021-08-13,Jawa Barat,Cabai Merah Keriting,31528
2021-08-16,Jawa Barat,Cabai Merah Keriting,31412
2021-08-17,Jawa Barat,Cabai Merah Keriting,31221
2021-08-18,Jawa Barat,Cabai Merah Keriting,30721
2021-08-19,Jawa Barat,Cabai Merah Keriting,30304
2021-08-20,Jawa Barat,Cabai Merah Keriting,30249
2021-08-23,Jawa Barat,Cabai Merah Keriting,30357
2021-08-24,Jawa Barat,Cabai Merah Keriting,30016
2021-08-25,Jawa Barat,Cabai Merah Keriting,29886
2021-08-26,Jawa Barat,Cabai Merah Keriting,29647
2021-08-30,Jawa Barat,Cabai Merah Keriting,29810
2021-08-31,Jawa Barat,Cabai Merah Keriting,29829
2021-09-01,Jawa Barat,Cabai Merah Keriting,29635
2021-09-02,Jawa Barat,Cabai Merah Keriting,29948
2021-09-03,Jawa Barat,Cabai Merah Keriting,30045
2021-09-06,Jawa Barat,Cabai Merah Keriting,30073
2021-09-07,Jawa Barat,Cabai Merah Keriting,29738
2021-09-08,Jawa Barat,Cabai Merah Keriting,30015
2021-09-09,Jawa Barat,Cabai Merah Keriting,30144
2021-09-10,Jawa Barat,Cabai Merah Keriting,30291
2021-09-13,Jawa Barat,Cabai Merah Keriting,30206
2021-09-14,Jawa Barat,Cabai Merah Keriting,30064
2021-09-15,Jawa Barat,Cabai Merah Keriting,30629
2021-09-16,Jawa Barat,Cabai Merah Keriting,30481
2021-09-17,Jawa Barat,Cabai Merah Keriting,30084
2021-09-20,Jawa Barat,Cabai Merah Keriting,30128
2021-09-22,Jawa Barat,Cabai Merah Keriting,30445
2021-09-23,Jawa Barat,Cabai Merah Keriting,30383
2021-09-24,Jawa Barat,Cabai Merah Keriting,30573
2021-09-27,Jawa Barat,Cabai Merah Keriting,31043
2021-09-28,Jawa Barat,Cabai Merah Keriting,31157
2021-09-29,Jawa Barat,Cabai Merah Keriting,30825
2021-09-30,Jawa Barat,Cabai Merah Keriting,30241
2021-10-01,Jawa Barat,Cabai Merah Keriting,30361
2021-10-04,Jawa Barat,Cabai Merah Keriting,30236
2021-10-05,Jawa Barat,Cabai Merah Keriting,30302
2021-10-06,Jawa Barat,Cabai Merah Keriting,30287
2021-10-07,Jawa Barat,Cabai Merah Keriting,29886
2021-10-08,Jawa Barat,Cabai Merah Keriting,29823
2021-10-11,Jawa Barat,Cabai Merah Keriting,29490
2021-10-12,Jawa Barat,Cabai Merah Keriting,29325
2021-10-14,Jawa Barat,Cabai Merah Keriting,29606
2021-10-15,Jawa Barat,Cabai Merah Keriting,29771
2021-10-18,Jawa Barat,Cabai Merah Keriting,29806
2021-10-19,Jawa Barat,Cabai Merah Keriting,29703
2021-10-20,Jawa Barat,Cabai Merah Keriting,29769
2021-10-21,Jawa Barat,Cabai Merah Keriting,29252
2021-10-22,Jawa Barat,Cabai Merah Keriting,29473
2021-10-25,Jawa Barat,Cabai Merah Keriting,29208
2021-10-26,Jawa Barat,Cabai Merah Keriting,29351
2021-10-27,Jawa Barat,Cabai Merah Keriting,29239
2021-10-28,Jawa Barat,Cabai Merah Keriting,28852
2021-10-29,Jawa Barat,Cabai Merah Keriting,28639
2021-11-01,Jawa Barat,Cabai Merah Keriting,28781
2021-11-02,Jawa Barat,Cabai Merah Keriting,29441
2021-11-03,Jawa Barat,Cabai Merah Keriting,29407
2021-11-04,Jawa Barat,Cabai Merah Keriting,30030
2021-11-05,Jawa Barat,Cabai Merah Keriting,29508
2021-11-08,Jawa Barat,Cabai Merah Keriting,28720
2021-11-09,Jawa Barat,Cabai Merah Keriting,28631
2021-11-10,Jawa Barat,Cabai Merah Keriting,28599
2021-11-11,Jawa Barat,Cabai Merah Keriting,28757
2021-11-12,Jawa Barat,Cabai Merah Keriting,28556
2021-11-15,Jawa Barat,Cabai Merah Keriting,28647
2021-11-16,Jawa Barat,Cabai Merah Keriting,28573
2021-11-17,Jawa Barat,Cabai Merah Keriting,28939
2021-11-18,Jawa Barat,Cabai Merah Keriting,28982
2021-11-19,Jawa Barat,Cabai Merah Keriting,29840
2021-11-22,Jawa Barat,Cabai Merah Keriting,29766
2021-11-23,Jawa Barat,Cabai Merah Keriting,30122
2021-11-24,Jawa Barat,Cabai Merah Keriting,30595
2021-11-25,Jawa Barat,Cabai Merah Keriting,29801
2021-11-26,Jawa Barat,Cabai Merah Keriting,30022
2021-11-29,Jawa Barat,Cabai Merah Keriting,29620
2021-11-30,Jawa Barat,Cabai Merah Keriting,29535
2021-12-01,Jawa Barat,Cabai Merah Keriting,29181
2021-12-02,Jawa Barat,Cabai Merah Keriting,29561
2021-12-03,Jawa Barat,Cabai Merah Keriting,29371
2021-12-07,Jawa Barat,Cabai Merah Keriting,28895
2021-12-08,Jawa Barat,Cabai Merah Keriting,29323
2021-12-09,Jawa Barat,Cabai Merah Keriting,28976
2021-12-10,Jawa Barat,Cabai Merah Keriting,29234
2021-12-13,Jawa Barat,Cabai Merah Keriting,28639
2021-12-14,Jawa Barat,Cabai Merah Keriting,29089
2021-12-15,Jawa Barat,Cabai Merah Keriting,29201
2021-12-16,Jawa Barat,Cabai Merah Keriting,28827
2021-12-17,Jawa Barat,Cabai Merah Keriting,29052
2021-12-20,Jawa Barat,Cabai Merah Keriting,28881
2021-12-21,Jawa Barat,Cabai Merah Keriting,28595
2021-12-22,Jawa Barat,Cabai Merah Keriting,28421
2021-12-23,Jawa Barat,Cabai Merah Keriting,28610
2021-12-24,Jawa Barat,Cabai Merah Keriting,28309
2021-12-27,Jawa Barat,Cabai Merah Keriting,27638
2021-12-28,Jawa Barat,Cabai Merah Keriting,27483
2021-12-29,Jawa Barat,Cabai Merah Keriting,27855
2021-12-30,Jawa Barat,Cabai Merah Keriting,28227
2022-01-03,Jawa Barat,Cabai Merah Keriting,27873
2022-01-04,Jawa Barat,Cabai Merah Keriting,27676
2022-01-05,Jawa Barat,Cabai Merah Keriting,27469
2022-01-06,Jawa Barat,Cabai Merah Keriting,27281
2022-01-07,Jawa Barat,Cabai Merah Keriting,27342
2022-01-10,Jawa Barat,Cabai Merah Keriting,27720
2022-01-11,Jawa Barat,Cabai Merah Keriting,27428
2022-01-12,Jawa Barat,Cabai Merah Keriting,27187
2022-01-13,Jawa Barat,Cabai Merah Keriting,27282
2022-01-14,Jawa Barat,Cabai Merah Keriting,27480
2022-01-17,Jawa Barat,Cabai Merah Keriting,27039
2022-01-18,Jawa Barat,Cabai Merah Keriting,26610
2022-01-19,Jawa Barat,Cabai Merah Keriting,27095
2022-01-20,Jawa Barat,Cabai Merah Keriting,26440
2022-01-21,Jawa Barat,Cabai Merah Keriting,26340
2022-01-24,Jawa Barat,Cabai Merah Keriting,25945
2022-01-25,Jawa Barat,Cabai Merah Keriting,25523
2022-01-26,Jawa Barat,Cabai Merah Keriting,25094
2022-01-27,Jawa Barat,Cabai Merah Keriting,25388
2022-01-28,Jawa Barat,Cabai Merah Keriting,25399
2022-01-31,Jawa Barat,Cabai Merah Keriting,25700
2022-02-01,Jawa Barat,Cabai Merah Keriting,25658
2022-02-02,Jawa Barat,Cabai Merah Keriting,25953
2022-02-03,Jawa Barat,Cabai Merah Keriting,25904
2022-02-04,Jawa Barat,Cabai Merah Keriting,25105
2022-02-07,Jawa Barat,Cabai Merah Keriting,25243
2022-02-08,Jawa Barat,Cabai Merah Keriting,25219
2022-02-09,Jawa Barat,Cabai Merah Keriting,25155
2022-02-10,Jawa Barat,Cabai Merah Keriting,24914
2022-02-11,Jawa Barat,Cabai Merah Keriting,25088
2022-02-14,Jawa Barat,Cabai Merah Keriting,24792
2022-02-15,Jawa Barat,Cabai Merah Keriting,24965
2022-02-16,Jawa Barat,Cabai Merah Keriting,24987
2022-02-17,Jawa Barat,Cabai Merah Keriting,25169
2022-02-18,Jawa Barat,Cabai Merah Keriting,25215
2022-02-21,Jawa Barat,Cabai Merah Keriting,25538
2022-02-22,Jawa Barat,Cabai Merah Keriting,25650
2022-02-23,Jawa Barat,Cabai Merah Keriting,25678
2022-02-24,Jawa Barat,Cabai Merah Keriting,25045
2022-02-25,Jawa Barat,Cabai Merah Keriting,25379
2022-02-28,Jawa Barat,Cabai Merah Keriting,24949
2022-03-01,Jawa Barat,Cabai Merah Keriting,24596
2022-03-02,Jawa Barat,Cabai Merah Keriting,24802
2022-03-03,Jawa Barat,Cabai Merah Keriting,24802
2022-03-04,Jawa Barat,Cabai Merah Keriting,24392
2022-03-07,Jawa Barat,Cabai Merah Keriting,24234
2022-03-08,Jawa Barat,Cabai Merah Keriting,24541
2022-03-09,Jawa Barat,Cabai Merah Keriting,24577
2022-03-10,Jawa Barat,Cabai Merah Keriting,24584
2022-03-11,Jawa Barat,Cabai Merah Keriting,24394
2022-03-14,Jawa Barat,Cabai Merah Keriting,24609
2022-03-15,Jawa Barat,Cabai Merah Keriting,24576
2022-03-16,Jawa Barat,Cabai Merah Keriting,24736
2022-03-17,Jawa Barat,Cabai Merah Keriting,24520
2022-03-18,Jawa Barat,Cabai Merah Keriting,25084
2022-03-21,Jawa Barat,Cabai Merah Keriting,25457
2022-03-22,Jawa Barat,Cabai Merah Keriting,25492
2022-03-23,Jawa Barat,Cabai Merah Keriting,25585
2022-03-24,Jawa Barat,Cabai Merah Keriting,25422
2022-03-25,Jawa Barat,Cabai Merah Keriting,25611
2022-03-28,Jawa Barat,Cabai Merah Keriting,25022
2022-03-29,Jawa Barat,Cabai Merah Keriting,25473
2022-03-30,Jawa Barat,Cabai Merah Keriting,25645
2022-04-01,Jawa Barat,Cabai Merah Keriting,25819
2022-04-04,Jawa Barat,Cabai Merah Keriting,26380
2022-04-05,Jawa Barat,Cabai Merah Keriting,26492
2022-04-06,Jawa Barat,Cabai Merah Keriting,26265
2022-04-07,Jawa Barat,Cabai Merah Keriting,26277
2022-04-08,Jawa Barat,Cabai Merah Keriting,26430
2022-04-11,Jawa Barat,Cabai Merah Keriting,26517
2022-04-12,Jawa Barat,Cabai Merah Keriting,26233
2022-04-13,Jawa Barat,Cabai Merah Keriting,26380
2022-04-14,Jawa Barat,Cabai Merah Keriting,26711
2022-04-15,Jawa Barat,Cabai Merah Keriting,26362
2022-04-18,Jawa Barat,Cabai Merah Keriting,26047
2022-04-19,Jawa Barat,Cabai Merah Keriting,25870
2022-04-20,Jawa Barat,Cabai Merah Keriting,25810
2022-04-21,Jawa Barat,Cabai Merah Keriting,26044
2022-04-22,Jawa Barat,Cabai Merah Keriting,26367
2022-04-25,Jawa Barat,Cabai Merah Keriting,26130
2022-04-26,Jawa Barat,Cabai Merah Keriting,26186
2022-04-27,Jawa Barat,Cabai Merah Keriting,26497
2022-04-28,Jawa Barat,Cabai Merah Keriting,27128
2022-04-29,Jawa Barat,Cabai Merah Keriting,27185
2022-05-02,Jawa Barat,Cabai Merah Keriting,27258
2022-05-03,Jawa Barat,Cabai Merah Keriting,27376
2022-05-04,Jawa Barat,Cabai Merah Keriting,27282
2022-05-05,Jawa Barat,Cabai Merah Keriting,27317
2022-05-06,Jawa Barat,Cabai Merah Keriting,26743
2022-05-09,Jawa Barat,Cabai Merah Keriting,26574
2022-05-10,Jawa Barat,Cabai Merah Keriting,26719
2022-05-11,Jawa Barat,Cabai Merah Keriting,26463
2022-05-12,Jawa Barat,Cabai Merah Keriting,26710
2022-05-13,Jawa Barat,Cabai Merah Keriting,26226
2022-05-16,Jawa Barat,Cabai Merah Keriting,26459
2022-05-17,Jawa Barat,Cabai Merah Keriting,26694
2022-05-18,Jawa Barat,Cabai Merah Keriting,27336
2022-05-19,Jawa Barat,Cabai Merah Keriting,27231
2022-05-20,Jawa Barat,Cabai Merah Keriting,27232
2022-05-23,Jawa Barat,Cabai Merah Keriting,27686
2022-05-24,Jawa Barat,Cabai Merah Keriting,28101
2022-05-25,Jawa Barat,Cabai Merah Keriting,28412
2022-05-26,Jawa Barat,Cabai Merah Keriting,28517
2022-05-27,Jawa Barat,Cabai Merah Keriting,28983
2022-05-30,Jawa Barat,Cabai Merah Keriting,29822
2022-05-31,Jawa Barat,Cabai Merah Keriting,30015
2022-06-01,Jawa Barat,Cabai Merah Keriting,30031
2022-06-02,Jawa Barat,Cabai Merah Keriting,30266
2022-06-03,Jawa Barat,Cabai Merah Keriting,30325
2022-06-06,Jawa Barat,Cabai Merah Keriting,30236
2022-06-07,Jawa Barat,Cabai Merah Keriting,30520
2022-06-08,Jawa Barat,Cabai Merah Keriting,30357
2022-06-09,Jawa Barat,Cabai Merah Keriting,30546
2022-06-10,Jawa Barat,Cabai Merah Keriting,30053
2022-06-13,Jawa Barat,Cabai Merah Keriting,30612
2022-06-14,Jawa Barat,Cabai Merah Keriting,30358
2022-06-15,Jawa Barat,Cabai Merah Keriting,29923
2022-06-17,Jawa Barat,Cabai Merah Keriting,30870
2022-06-20,Jawa Barat,Cabai Merah Keriting,30977
2022-06-21,Jawa Barat,Cabai Merah Keriting,30945
2022-06-22,Jawa Barat,Cabai Merah Keriting,30834
2022-06-23,Jawa Barat,Cabai Merah Keriting,30923
2022-06-24,Jawa Barat,Cabai Merah Keriting,30909
2022-06-27,Jawa Barat,Cabai Merah Keriting,30855
2022-06-28,Jawa Barat,Cabai Merah Keriting,30566
2022-06-30,Jawa Barat,Cabai Merah Keriting,30219
2022-07-01,Jawa Barat,Cabai Merah Keriting,30295
2022-07-04,Jawa Barat,Cabai Merah Keriting,30061
2022-07-05,Jawa Barat,Cabai Merah Keriting,29871
2022-07-06,Jawa Barat,Cabai Merah Keriting,29946
2022-07-07,Jawa Barat,Cabai Merah Keriting,29658
2022-07-08,Jawa Barat,Cabai Merah Keriting,30000
2022-07-11,Jawa Barat,Cabai Merah Keriting,30174
2022-07-12,Jawa Barat,Cabai Merah Keriting,29938
2022-07-13,Jawa Barat,Cabai Merah Keriting,30093
2022-07-14,Jawa Barat,Cabai Merah Keriting,29811
2022-07-15,Jawa Barat,Cabai Merah Keriting,30077
2022-07-18,Jawa Barat,Cabai Merah Keriting,29806
2022-07-19,Jawa Barat,Cabai Merah Keriting,29770
2022-07-20,Jawa Barat,Cabai Merah Keriting,29817
2022-07-21,Jawa Barat,Cabai Merah Keriting,30314
2022-07-22,Jawa Barat,Cabai Merah Keriting,30060
2022-07-25,Jawa Barat,Cabai Merah Keriting,29797
2022-07-26,Jawa Barat,Cabai Merah Keriting,29332
2022-07-27,Jawa Barat,Cabai Merah Keriting,29930
2022-07-28,Jawa Barat,Cabai Merah Keriting,29941
2022-07-29,Jawa Barat,Cabai Merah Keriting,30296
2022-08-01,Jawa Barat,Cabai Merah Keriting,30109
2022-08-02,Jawa Barat,Cabai Merah Keriting,29952
2022-08-04,Jawa Barat,Cabai Merah Keriting,29932
2022-08-05,Jawa Barat,Cabai Merah Keriting,30154
2022-08-08,Jawa Barat,Cabai Merah Keriting,30174
2022-08-09,Jawa Barat,Cabai Merah Keriting,30054
2022-08-10,Jawa Barat,Cabai Merah Keriting,30674
2022-08-12,Jawa Barat,Cabai Merah Keriting,30130
2022-08-15,Jawa Barat,Cabai Merah Keriting,29848
2022-08-16,Jawa Barat,Cabai Merah Keriting,30083
2022-08-18,Jawa Barat,Cabai Merah Keriting,30177
2022-08-19,Jawa Barat,Cabai Merah Keriting,29879
2022-08-22,Jawa Barat,Cabai Merah Keriting,29926
2022-08-23,Jawa Barat,Cabai Merah Keriting,30209
2022-08-24,Jawa Barat,Cabai Merah Keriting,30728
2022-08-25,Jawa Barat,Cabai Merah Keriting,30526
2022-08-26,Jawa Barat,Cabai Merah Keriting,30472
2022-08-29,Jawa Barat,Cabai Merah Keriting,30617
2022-08-30,Jawa Barat,Cabai Merah Keriting,30491
2022-08-31,Jawa Barat,Cabai Merah Keriting,30060
2022-09-01,Jawa Barat,Cabai Merah Keriting,30009
2022-09-02,Jawa Barat,Cabai Merah Keriting,29619
2022-09-05,Jawa Barat,Cabai Merah Keriting,29929
2022-09-06,Jawa Barat,Cabai Merah Keriting,29830
2022-09-07,Jawa Barat,Cabai Merah Keriting,29811
2022-09-08,Jawa Barat,Cabai Merah Keriting,29571
2022-09-09,Jawa Barat,Cabai Merah Keriting,29563
2022-09-13,Jawa Barat,Cabai Merah Keriting,30327
2022-09-14,Jawa Barat,Cabai Merah Keriting,29976
2022-09-15,Jawa Barat,Cabai Merah Keriting,29111
2022-09-16,Jawa Barat,Cabai Merah Keriting,29064
2022-09-19,Jawa Barat,Cabai Merah Keriting,28971
2022-09-20,Jawa Barat,Cabai Merah Keriting,28859
2022-09-21,Jawa Barat,Cabai Merah Keriting,28687
2022-09-23,Jawa Barat,Cabai Merah Keriting,29060
2022-09-26,Jawa Barat,Cabai Merah Keriting,29652
2022-09-27,Jawa Barat,Cabai Merah Keriting,29524
2022-09-28,Jawa Barat,Cabai Merah Keriting,29565
2022-09-29,Jawa Barat,Cabai Merah Keriting,29881
2022-09-30,Jawa Barat,Cabai Merah Keriting,29922
2022-10-03,Jawa Barat,Cabai Merah Keriting,29768
2022-10-04,Jawa Barat,Cabai Merah Keriting,29352
2022-10-05,Jawa Barat,Cabai Merah Keriting,29355
2022-10-06,Jawa Barat,Cabai Merah Keriting,28979
2022-10-07,Jawa Barat,Cabai Merah Keriting,29356
2022-10-10,Jawa Barat,Cabai Merah Keriting,29346
2022-10-11,Jawa Barat,Cabai Merah Keriting,29512
2022-10-12,Jawa Barat,Cabai Merah Keriting,29407
2022-10-13,Jawa Barat,Cabai Merah Keriting,29672
2022-10-14,Jawa Barat,Cabai Merah Keriting,29470
2022-10-17,Jawa Barat,Cabai Merah Keriting,29563
2022-10-18,Jawa Barat,Cabai Merah Keriting,29447
2022-10-19,Jawa Barat,Cabai Merah Keriting,29377
2022-10-20,Jawa Barat,Cabai Merah Keriting,29686
2022-10-21,Jawa Barat,Cabai Merah Keriting,29444
2022-10-24,Jawa Barat,Cabai Merah Keriting,29559
2022-10-25,Jawa Barat,Cabai Merah Keriting,29988
2022-10-26,Jawa Barat,Cabai Merah Keriting,30290
2022-10-27,Jawa Barat,Cabai Merah Keriting,30093
2022-10-28,Jawa Barat,Cabai Merah Keriting,30255
2022-10-31,Jawa Barat,Cabai Merah Keriting,29706
2022-11-01,Jawa Barat,Cabai Merah Keriting,30031
2022-11-02,Jawa Barat,Cabai Merah Keriting,30899
2022-11-03,Jawa Barat,Cabai Merah Keriting,31000
2022-11-04,Jawa Barat,Cabai Merah Keriting,31469
2022-11-07,Jawa Barat,Cabai Merah Keriting,31015
2022-11-08,Jawa Barat,Cabai Merah Keriting,30680
2022-11-09,Jawa Barat,Cabai Merah Keriting,30571
2022-11-10,Jawa Barat,Cabai Merah Keriting,30519
2022-11-11,Jawa Barat,Cabai Merah Keriting,30621
2022-11-14,Jawa Barat,Cabai Merah Keriting,30423
2022-11-15,Jawa Barat,Cabai Merah Keriting,30469
2022-11-16,Jawa Barat,Cabai Merah Keriting,30788
2022-11-17,Jawa Barat,Cabai Merah Keriting,30953
2022-11-18,Jawa Barat,Cabai Merah Keriting,30832
2022-11-21,Jawa Barat,Cabai Merah Keriting,31080
2022-11-22,Jawa Barat,Cabai Merah Keriting,30945
2022-11-24,Jawa Barat,Cabai Merah Keriting,31279
2022-11-25,Jawa Barat,Cabai Merah Keriting,31217
2022-11-28,Jawa Barat,Cabai Merah Keriting,30812
2022-11-29,Jawa Barat,Cabai Merah Keriting,30831
2022-11-30,Jawa Barat,Cabai Merah Keriting,31139
2022-12-01,Jawa Barat,Cabai Merah Keriting,31484
2022-12-02,Jawa Barat,Cabai Merah Keriting,31132
2022-12-05,Jawa Barat,Cabai Merah Keriting,31368
2022-12-06,Jawa Barat,Cabai Merah Keriting,31286
2022-12-07,Jawa Barat,Cabai Merah Keriting,31786
2022-12-08,Jawa Barat,Cabai Merah Keriting,31379
2022-12-09,Jawa Barat,Cabai Merah Keriting,31610
2022-12-12,Jawa Barat,Cabai Merah Keriting,31492
2022-12-13,Jawa Barat,Cabai Merah Keriting,31294
2022-12-14,Jawa Barat,Cabai Merah Keriting,31619
2022-12-15,Jawa Barat,Cabai Merah Keriting,32007
2022-12-16,Jawa Barat,Cabai Merah Keriting,31341
2022-12-19,Jawa Barat,Cabai Merah Keriting,31674
2022-12-20,Jawa Barat,Cabai Merah Keriting,31650
2022-12-21,Jawa Barat,Cabai Merah Keriting,31660
2022-12-22,Jawa Barat,Cabai Merah Keriting,31239
2022-12-23,Jawa Barat,Cabai Merah Keriting,31445
2022-12-26,Jawa Barat,Cabai Merah Keriting,32244
2022-12-27,Jawa Barat,Cabai Merah Keriting,32060
2022-12-28,Jawa Barat,Cabai Merah Keriting,32490
2022-12-29,Jawa Barat,Cabai Merah Keriting,32488
2022-12-30,Jawa Barat,Cabai Merah Keriting,32316
2023-01-02,Jawa Barat,Cabai Merah Keriting,31826
2023-01-03,Jawa Barat,Cabai Merah Keriting,32308
2023-01-04,Jawa Barat,Cabai Merah Keriting,32347
2023-01-05,Jawa Barat,Cabai Merah Keriting,32193
2023-01-06,Jawa Barat,Cabai Merah Keriting,32093
2023-01-09,Jawa Barat,Cabai Merah Keriting,32333
2023-01-10,Jawa Barat,Cabai Merah Keriting,32178
2023-01-11,Jawa Barat,Cabai Merah Keriting,31858
2023-01-13,Jawa Barat,Cabai Merah Keriting,31769
2023-01-16,Jawa Barat,Cabai Merah Keriting,31713
2023-01-17,Jawa Barat,Cabai Merah Keriting,31565
2023-01-18,Jawa Barat,Cabai Merah Keriting,32002
2023-01-19,Jawa Barat,Cabai Merah Keriting,32977
2023-01-20,Jawa Barat,Cabai Merah Keriting,32610
2023-01-23,Jawa Barat,Cabai Merah Keriting,31886
2023-01-24,Jawa Barat,Cabai Merah Keriting,31805
2023-01-25,Jawa Barat,Cabai Merah Keriting,31132
2023-01-26,Jawa Barat,Cabai Merah Keriting,30632
2023-01-27,Jawa Barat,Cabai Merah Keriting,30463
2023-01-30,Jawa Barat,Cabai Merah Keriting,30689
2023-01-31,Jawa Barat,Cabai Merah Keriting,30607
2023-02-01,Jawa Barat,Cabai Merah Keriting,29856
2023-02-02,Jawa Barat,Cabai Merah Keriting,29772
2023-02-03,Jawa Barat,Cabai Merah Keriting,29712
2023-02-06,Jawa Barat,Cabai Merah Keriting,29657
2023-02-07,Jawa Barat,Cabai Merah Keriting,30011
2023-02-08,Jawa Barat,Cabai Merah Keriting,30306
2023-02-09,Jawa Barat,Cabai Merah Keriting,30330
2023-02-10,Jawa Barat,Cabai Merah Keriting,31011
2023-02-13,Jawa Barat,Cabai Merah Keriting,30533
2023-02-14,Jawa Barat,Cabai Merah Keriting,30364
2023-02-15,Jawa Barat,Cabai Merah Keriting,30322
2023-02-16,Jawa Barat,Cabai Merah Keriting,30314
2023-02-17,Jawa Barat,Cabai Merah Keriting,29852
2023-02-20,Jawa Barat,Cabai Merah Keriting,29233
2023-02-21,Jawa Barat,Cabai Merah Keriting,29232
2023-02-22,Jawa Barat,Cabai Merah Keriting,28734
2023-02-23,Jawa Barat,Cabai Merah Keriting,28529
2023-02-24,Jawa Barat,Cabai Merah Keriting,28565
2023-02-27,Jawa Barat,Cabai Merah Keriting,28171
2023-02-28,Jawa Barat,Cabai Merah Keriting,28271
2023-03-02,Jawa Barat,Cabai Merah Keriting,27914
2023-03-03,Jawa Barat,Cabai Merah Keriting,28066
2023-03-06,Jawa Barat,Cabai Merah Keriting,28041
2023-03-07,Jawa Barat,Cabai Merah Keriting,28134
2023-03-08,Jawa Barat,Cabai Merah Keriting,28268
2023-03-09,Jawa Barat,Cabai Merah Keriting,28238
2023-03-10,Jawa Barat,Cabai Merah Keriting,28349
2023-03-13,Jawa Barat,Cabai Merah Keriting,28142
2023-03-14,Jawa Barat,Cabai Merah Keriting,28292
2023-03-15,Jawa Barat,Cabai Merah Keriting,28222
2023-03-16,Jawa Barat,Cabai Merah Keriting,28621
2023-03-17,Jawa Barat,Cabai Merah Keriting,28664
2023-03-20,Jawa Barat,Cabai Merah Keriting,28494
2023-03-21,Jawa Barat,Cabai Merah Keriting,28651
2023-03-22,Jawa Barat,Cabai Merah Keriting,29073
2023-03-23,Jawa Barat,Cabai Merah Keriting,28927
2023-03-24,Jawa Barat,Cabai Merah Keriting,28731
2023-03-27,Jawa Barat,Cabai Merah Keriting,27930
2023-03-28,Jawa Barat,Cabai Merah Keriting,27971
2023-03-29,Jawa Barat,Cabai Merah Keriting,27873
2023-03-30,Jawa Barat,Cabai Merah Keriting,28025
2023-03-31,Jawa Barat,Cabai Merah Keriting,28185
2023-04-03,Jawa Barat,Cabai Merah Keriting,27768
2023-04-04,Jawa Barat,Cabai Merah Keriting,28039
2023-04-05,Jawa Barat,Cabai Merah Keriting,27808
2023-04-06,Jawa Barat,Cabai Merah Keriting,27670
2023-04-07,Jawa Barat,Cabai Merah Keriting,27005
2023-04-10,Jawa Barat,Cabai Merah Keriting,27103
2023-04-11,Jawa Barat,Cabai Merah Keriting,26784
2023-04-12,Jawa Barat,Cabai Merah Keriting,26605
2023-04-13,Jawa Barat,Cabai Merah Keriting,26268
2023-04-14,Jawa Barat,Cabai Merah Keriting,26552
2023-04-17,Jawa Barat,Cabai Merah Keriting,26443
2023-04-18,Jawa Barat,Cabai Merah Keriting,26083
2023-04-19,Jawa Barat,Cabai Merah Keriting,25745
2023-04-20,Jawa Barat,Cabai Merah Keriting,25971
2023-04-21,Jawa Barat,Cabai Merah Keriting,25734
2023-04-24,Jawa Barat,Cabai Merah Keriting,25600
2023-04-25,Jawa Barat,Cabai Merah Keriting,25610
2023-04-26,Jawa Barat,Cabai Merah Keriting,25523
2023-04-27,Jawa Barat,Cabai Merah Keriting,25024
2023-04-28,Jawa Barat,Cabai Merah Keriting,25191
2023-05-01,Jawa Barat,Cabai Merah Keriting,25125
2023-05-02,Jawa Barat,Cabai Merah Keriting,25205
2023-05-03,Jawa Barat,Cabai Merah Keriting,25394
2023-05-04,Jawa Barat,Cabai Merah Keriting,24844
2023-05-05,Jawa Barat,Cabai Merah Keriting,25033
2023-05-08,Jawa Barat,Cabai Merah Keriting,25718
2023-05-09,Jawa Barat,Cabai Merah Keriting,25830
2023-05-10,Jawa Barat,Cabai Merah Keriting,26201
2023-05-11,Jawa Barat,Cabai Merah Keriting,26474
2023-05-12,Jawa Barat,Cabai Merah Keriting,26664
2023-05-16,Jawa Barat,Cabai Merah Keriting,27299
2023-05-17,Jawa Barat,Cabai Merah Keriting,27663
2023-05-18,Jawa Barat,Cabai Merah Keriting,27304
2023-05-19,Jawa Barat,Cabai Merah Keriting,27620
2023-05-22,Jawa Barat,Cabai Merah Keriting,27543
2023-05-23,Jawa Barat,Cabai Merah Keriting,27923
2023-05-24,Jawa Barat,Cabai Merah Keriting,28071
2023-05-25,Jawa Barat,Cabai Merah Keriting,27703
2023-05-26,Jawa Barat,Cabai Merah Keriting,28132
2023-05-29,Jawa Barat,Cabai Merah Keriting,27902
2023-05-30,Jawa Barat,Cabai Merah Keriting,27810
2023-05-31,Jawa Barat,Cabai Merah Keriting,28323
2023-06-01,Jawa Barat,Cabai Merah Keriting,28367
2023-06-02,Jawa Barat,Cabai Merah Keriting,28261
2023-06-05,Jawa Barat,Cabai Merah Keriting,28238
2023-06-06,Jawa Barat,Cabai Merah Keriting,28126
2023-06-07,Jawa Barat,Cabai Merah Keriting,28372
2023-06-08,Jawa Barat,Cabai Merah Keriting,28268
2023-06-09,Jawa Barat,Cabai Merah Keriting,28255
2023-06-12,Jawa Barat,Cabai Merah Keriting,28433
2023-06-13,Jawa Barat,Cabai Merah Keriting,28574
2023-06-14,Jawa Barat,Cabai Merah Keriting,28363
2023-06-15,Jawa Barat,Cabai Merah Keriting,28616
2023-06-16,Jawa Barat,Cabai Merah Keriting,28457
2023-06-19,Jawa Barat,Cabai Merah Keriting,28144
2023-06-21,Jawa Barat,Cabai Merah Keriting,27564
2023-06-22,Jawa Barat,Cabai Merah Keriting,27098
2023-06-23,Jawa Barat,Cabai Merah Keriting,26859
2023-06-26,Jawa Barat,Cabai Merah Keriting,26855
2023-06-27,Jawa Barat,Cabai Merah Keriting,27192
2023-06-28,Jawa Barat,Cabai Merah Keriting,27110
2023-06-29,Jawa Barat,Cabai Merah Keriting,26702
2023-06-30,Jawa Barat,Cabai Merah Keriting,26671
2023-07-03,Jawa Barat,Cabai Merah Keriting,26994
2023-07-04,Jawa Barat,Cabai Merah Keriting,26905
2023-07-05,Jawa Barat,Cabai Merah Keriting,27299
2023-07-06,Jawa Barat,Cabai Merah Keriting,27293
2023-07-07,Jawa Barat,Cabai Merah Keriting,27502
2023-07-10,Jawa Barat,Cabai Merah Keriting,27567
2023-07-11,Jawa Barat,Cabai Merah Keriting,27953
2023-07-12,Jawa Barat,Cabai Merah Keriting,28608
2023-07-13,Jawa Barat,Cabai Merah Keriting,28463
2023-07-14,Jawa Barat,Cabai Merah Keriting,28512
2023-07-17,Jawa Barat,Cabai Merah Keriting,28870
2023-07-18,Jawa Barat,Cabai Merah Keriting,28949
2023-07-19,Jawa Barat,Cabai Merah Keriting,28394
2023-07-20,Jawa Barat,Cabai Merah Keriting,28306
2023-07-21,Jawa Barat,Cabai Merah Keriting,28381
2023-07-24,Jawa Barat,Cabai Merah Keriting,28874
2023-07-25,Jawa Barat,Cabai Merah Keriting,28906
2023-07-26,Jawa Barat,Cabai Merah Keriting,28633
2023-07-27,Jawa Barat,Cabai Merah Keriting,28716
2023-07-28,Jawa Barat,Cabai Merah Keriting,29175
2023-07-31,Jawa Barat,Cabai Merah Keriting,28980
2023-08-01,Jawa Barat,Cabai Merah Keriting,28823
2023-08-02,Jawa Barat,Cabai Merah Keriting,28634
2023-08-03,Jawa Barat,Cabai Merah Keriting,28238
2023-08-04,Jawa Barat,Cabai Merah Keriting,28256
2023-08-07,Jawa Barat,Cabai Merah Keriting,28238
2023-08-08,Jawa Barat,Cabai Merah Keriting,27724
2023-08-09,Jawa Barat,Cabai Merah Keriting,27482
2023-08-10,Jawa Barat,Cabai Merah Keriting,27538
2023-08-11,Jawa Barat,Cabai Merah Keriting,27742
2023-08-14,Jawa Barat,Cabai Merah Keriting,28031
2023-08-15,Jawa Barat,Cabai Merah Keriting,28265
2023-08-16,Jawa Barat,Cabai Merah Keriting,28264
2023-08-18,Jawa Barat,Cabai Merah Keriting,27761
2023-08-21,Jawa Barat,Cabai Merah Keriting,27057
2023-08-22,Jawa Barat,Cabai Merah Keriting,27113
2023-08-23,Jawa Barat,Cabai Merah Keriting,26922
2023-08-24,Jawa Barat,Cabai Merah Keriting,26333
2023-08-25,Jawa Barat,Cabai Merah Keriting,26439
2023-08-28,Jawa Barat,Cabai Merah Keriting,26858
2023-08-29,Jawa Barat,Cabai Merah Keriting,26407
2023-08-31,Jawa Barat,Cabai Merah Keriting,26426
2023-09-01,Jawa Barat,Cabai Merah Keriting,26209
2023-09-04,Jawa Barat,Cabai Merah Keriting,25995
2023-09-05,Jawa Barat,Cabai Merah Keriting,25884
2023-09-06,Jawa Barat,Cabai Merah Keriting,25774
2023-09-07,Jawa Barat,Cabai Merah Keriting,25762
2023-09-08,Jawa Barat,Cabai Merah Keriting,25526
2023-09-11,Jawa Barat,Cabai Merah Keriting,25342
2023-09-12,Jawa Barat,Cabai Merah Keriting,25494
2023-09-13,Jawa Barat,Cabai Merah Keriting,25237
2023-09-14,Jawa Barat,Cabai Merah Keriting,25307
2023-09-15,Jawa Barat,Cabai Merah Keriting,25213
2023-09-18,Jawa Barat,Cabai Merah Keriting,25065
2023-09-19,Jawa Barat,Cabai Merah Keriting,25562
2023-09-20,Jawa Barat,Cabai Merah Keriting,25214
2023-09-21,Jawa Barat,Cabai Merah Keriting,25636
2023-09-22,Jawa Barat,Cabai Merah Keriting,25867
2023-09-25,Jawa Barat,Cabai Merah Keriting,25692
2023-09-26,Jawa Barat,Cabai Merah Keriting,25933
2023-09-28,Jawa Barat,Cabai Merah Keriting,24990
2023-09-29,Jawa Barat,Cabai Merah Keriting,24742
2023-10-02,Jawa Barat,Cabai Merah Keriting,24846
2023-10-03,Jawa Barat,Cabai Merah Keriting,25035
2023-10-05,Jawa Barat,Cabai Merah Keriting,25169
2023-10-06,Jawa Barat,Cabai Merah Keriting,25424
2023-10-09,Jawa Barat,Cabai Merah Keriting,25638
2023-10-10,Jawa Barat,Cabai Merah Keriting,25458
2023-10-11,Jawa Barat,Cabai Merah Keriting,25308
2023-10-12,Jawa Barat,Cabai Merah Keriting,25504
2023-10-13,Jawa Barat,Cabai Merah Keriting,25490
2023-10-16,Jawa Barat,Cabai Merah Keriting,25494
2023-10-17,Jawa Barat,Cabai Merah Keriting,25534
2023-10-18,Jawa Barat,Cabai Merah Keriting,25054
2023-10-19,Jawa Barat,Cabai Merah Keriting,24867
2023-10-23,Jawa Barat,Cabai Merah Keriting,24805
2023-10-24,Jawa Barat,Cabai Merah Keriting,24742
2023-10-25,Jawa Barat,Cabai Merah Keriting,24867
2023-10-26,Jawa Barat,Cabai Merah Keriting,25136
2023-10-27,Jawa Barat,Cabai Merah Keriting,25444
2023-10-30,Jawa Barat,Cabai Merah Keriting,25773
2023-10-31,Jawa Barat,Cabai Merah Keriting,25732
2023-11-01,Jawa Barat,Cabai Merah Keriting,25663
2023-11-03,Jawa Barat,Cabai Merah Keriting,25746
2023-11-06,Jawa Barat,Cabai Merah Keriting,25665
2023-11-07,Jawa Barat,Cabai Merah Keriting,26066
2023-11-08,Jawa Barat,Cabai Merah Keriting,26146
2023-11-09,Jawa Barat,Cabai Merah Keriting,26444
2023-11-10,Jawa Barat,Cabai Merah Keriting,26421
2023-11-13,Jawa Barat,Cabai Merah Keriting,26583
2023-11-14,Jawa Barat,Cabai Merah Keriting,26897
2023-11-15,Jawa Barat,Cabai Merah Keriting,26753
2023-11-16,Jawa Barat,Cabai Merah Keriting,27101
2023-11-17,Jawa Barat,Cabai Merah Keriting,26797
2023-11-20,Jawa Barat,Cabai Merah Keriting,27318
2023-11-21,Jawa Barat,Cabai Merah Keriting,27361
2023-11-22,Jawa Barat,Cabai Merah Keriting,27161
2023-11-23,Jawa Barat,Cabai Merah Keriting,27400
2023-11-24,Jawa Barat,Cabai Merah Keriting,27498
2023-11-27,Jawa Barat,Cabai Merah Keriting,26995
2023-11-28,Jawa Barat,Cabai Merah Keriting,26881
2023-11-29,Jawa Barat,Cabai Merah Keriting,26592
2023-11-30,Jawa Barat,Cabai Merah Keriting,26328
2023-12-01,Jawa Barat,Cabai Merah Keriting,26058
2023-12-04,Jawa Barat,Cabai Merah Keriting,26204
2023-12-05,Jawa Barat,Cabai Merah Keriting,26459
2023-12-06,Jawa Barat,Cabai Merah Keriting,26241
2023-12-07,Jawa Barat,Cabai Merah Keriting,25696
2023-12-08,Jawa Barat,Cabai Merah Keriting,25043
2023-12-11,Jawa Barat,Cabai Merah Keriting,25607
2023-12-13,Jawa Barat,Cabai Merah Keriting,25879
2023-12-14,Jawa Barat,Cabai Merah Keriting,25825
2023-12-15,Jawa Barat,Cabai Merah Keriting,25239
2023-12-18,Jawa Barat,Cabai Merah Keriting,25352
2023-12-19,Jawa Barat,Cabai Merah Keriting,25808
2023-12-20,Jawa Barat,Cabai Merah Keriting,25633
2023-12-21,Jawa Barat,Cabai Merah Keriting,25027
2023-12-22,Jawa Barat,Cabai Merah Keriting,24713
2023-12-25,Jawa Barat,Cabai Merah Keriting,24947
2023-12-26,Jawa Barat,Cabai Merah Keriting,25034
2023-12-28,Jawa Barat,Cabai Merah Keriting,25364
2023-12-29,Jawa Barat,Cabai Merah Keriting,25552
2024-01-01,Jawa Barat,Cabai Merah Keriting,25436
2024-01-02,Jawa Barat,Cabai Merah Keriting,25136
2024-01-03,Jawa Barat,Cabai Merah Keriting,25323
2024-01-04,Jawa Barat,Cabai Merah Keriting,25568
2024-01-05,Jawa Barat,Cabai Merah Keriting,25401
2024-01-08,Jawa Barat,Cabai Merah Keriting,25826
2024-01-09,Jawa Barat,Cabai Merah Keriting,26269
2024-01-10,Jawa Barat,Cabai Merah Keriting,26001
2024-01-11,Jawa Barat,Cabai Merah Keriting,25747
2024-01-12,Jawa Barat,Cabai Merah Keriting,25508
2024-01-15,Jawa Barat,Cabai Merah Keriting,25473
2024-01-16,Jawa Barat,Cabai Merah Keriting,25370
2024-01-17,Jawa Barat,Cabai Merah Keriting,25015
2024-01-18,Jawa Barat,Cabai Merah Keriting,24790
2024-01-19,Jawa Barat,Cabai Merah Keriting,24233
2024-01-22,Jawa Barat,Cabai Merah Keriting,23724
2024-01-23,Jawa Barat,Cabai Merah Keriting,23347
2024-01-24,Jawa Barat,Cabai Merah Keriting,23855
2024-01-25,Jawa Barat,Cabai Merah Keriting,24332
2024-01-26,Jawa Barat,Cabai Merah Keriting,24530
2024-01-29,Jawa Barat,Cabai Merah Keriting,24372
2024-01-30,Jawa Barat,Cabai Merah Keriting,23982
2024-01-31,Jawa Barat,Cabai Merah Keriting,23979
2024-02-01,Jawa Barat,Cabai Merah Keriting,24093
2024-02-02,Jawa Barat,Cabai Merah Keriting,23899
2024-02-05,Jawa Barat,Cabai Merah Keriting,23999
2024-02-06,Jawa Barat,Cabai Merah Keriting,23696
2024-02-07,Jawa Barat,Cabai Merah Keriting,23548
2024-02-08,Jawa Barat,Cabai Merah Keriting,23483
2024-02-09,Jawa Barat,Cabai Merah Keriting,23962
2024-02-13,Jawa Barat,Cabai Merah Keriting,24377
2024-02-14,Jawa Barat,Cabai Merah Keriting,24492
2024-02-15,Jawa Barat,Cabai Merah Keriting,25171
2024-02-16,Jawa Barat,Cabai Merah Keriting,24902
2024-02-19,Jawa Barat,Cabai Merah Keriting,24603
2024-02-20,Jawa Barat,Cabai Merah Keriting,24403
2024-02-21,Jawa Barat,Cabai Merah Keriting,24409
2024-02-22,Jawa Barat,Cabai Merah Keriting,24859
2024-02-23,Jawa Barat,Cabai Merah Keriting,24694
2024-02-26,Jawa Barat,Cabai Merah Keriting,24935
2024-02-27,Jawa Barat,Cabai Merah Keriting,25461
2024-02-28,Jawa Barat,Cabai Merah Keriting,25531
2024-02-29,Jawa Barat,Cabai Merah Keriting,25835
2024-03-01,Jawa Barat,Cabai Merah Keriting,25611
2024-03-04,Jawa Barat,Cabai Merah Keriting,25724
2024-03-05,Jawa Barat,Cabai Merah Keriting,25910
2024-03-06,Jawa Barat,Cabai Merah Keriting,25536
2024-03-07,Jawa Barat,Cabai Merah Keriting,25289
2024-03-08,Jawa Barat,Cabai Merah Keriting,25207
2024-03-11,Jawa Barat,Cabai Merah Keriting,24768
2024-03-12,Jawa Barat,Cabai Merah Keriting,24574
2024-03-13,Jawa Barat,Cabai Merah Keriting,24524
2024-03-14,Jawa Barat,Cabai Merah Keriting,24136
2024-03-15,Jawa Barat,Cabai Merah Keriting,24611
2024-03-18,Jawa Barat,Cabai Merah Keriting,24881
2024-03-19,Jawa Barat,Cabai Merah Keriting,25848
2024-03-20,Jawa Barat,Cabai Merah Keriting,25503
2024-03-21,Jawa Barat,Cabai Merah Keriting,25627
2024-03-22,Jawa Barat,Cabai Merah Keriting,25429
2024-03-25,Jawa Barat,Cabai Merah Keriting,25121
2024-03-26,Jawa Barat,Cabai Merah Keriting,25380
2024-03-27,Jawa Barat,Cabai Merah Keriting,25395
2024-03-28,Jawa Barat,Cabai Merah Keriting,25294
2024-03-29,Jawa Barat,Cabai Merah Keriting,25373
2024-04-01,Jawa Barat,Cabai Merah Keriting,25138
2024-04-02,Jawa Barat,Cabai Merah Keriting,24898
2024-04-03,Jawa Barat,Cabai Merah Keriting,24714
2024-04-04,Jawa Barat,Cabai Merah Keriting,25026
2024-04-05,Jawa Barat,Cabai Merah Keriting,25317
2024-04-08,Jawa Barat,Cabai Merah Keriting,24968
2024-04-09,Jawa Barat,Cabai Merah Keriting,25444
2024-04-10,Jawa Barat,Cabai Merah Keriting,25436
2024-04-11,Jawa Barat,Cabai Merah Keriting,25555
2024-04-12,Jawa Barat,Cabai Merah Keriting,25357
2024-04-15,Jawa Barat,Cabai Merah Keriting,25363
2024-04-16,Jawa Barat,Cabai Merah Keriting,25055
2024-04-17,Jawa Barat,Cabai Merah Keriting,24845
2024-04-18,Jawa Barat,Cabai Merah Keriting,25074
2024-04-19,Jawa Barat,Cabai Merah Keriting,25314
2024-04-22,Jawa Barat,Cabai Merah Keriting,25445
2024-04-23,Jawa Barat,Cabai Merah Keriting,25328
2024-04-24,Jawa Barat,Cabai Merah Keriting,24974
2024-04-25,Jawa Barat,Cabai Merah Keriting,25327
2024-04-26,Jawa Barat,Cabai Merah Keriting,25591
2024-04-29,Jawa Barat,Cabai Merah Keriting,25088
2024-04-30,Jawa Barat,Cabai Merah Keriting,25333
2024-05-01,Jawa Barat,Cabai Merah Keriting,25232
2024-05-02,Jawa Barat,Cabai Merah Keriting,25424
2024-05-03,Jawa Barat,Cabai Merah Keriting,25025
2024-05-06,Jawa Barat,Cabai Merah Keriting,24845
2024-05-07,Jawa Barat,Cabai Merah Keriting,24871
2024-05-08,Jawa Barat,Cabai Merah Keriting,25361
2024-05-09,Jawa Barat,Cabai Merah Keriting,26102
2024-05-10,Jawa Barat,Cabai Merah Keriting,26129
2024-05-13,Jawa Barat,Cabai Merah Keriting,26446
2024-05-14,Jawa Barat,Cabai Merah Keriting,26512
2024-05-15,Jawa Barat,Cabai Merah Keriting,26568
2024-05-16,Jawa Barat,Cabai Merah Keriting,26723
2024-05-20,Jawa Barat,Cabai Merah Keriting,26945
2024-05-21,Jawa Barat,Cabai Merah Keriting,26637
2024-05-22,Jawa Barat,Cabai Merah Keriting,26622
2024-05-23,Jawa Barat,Cabai Merah Keriting,27178
2024-05-24,Jawa Barat,Cabai Merah Keriting,27521
2024-05-28,Jawa Barat,Cabai Merah Keriting,27917
2024-05-29,Jawa Barat,Cabai Merah Keriting,28392
2024-05-30,Jawa Barat,Cabai Merah Keriting,27800
2024-05-31,Jawa Barat,Cabai Merah Keriting,27717
2024-06-03,Jawa Barat,Cabai Merah Keriting,27516
2024-06-04,Jawa Barat,Cabai Merah Keriting,27103
2024-06-05,Jawa Barat,Cabai Merah Keriting,27722
2024-06-06,Jawa Barat,Cabai Merah Keriting,27898
2024-06-07,Jawa Barat,Cabai Merah Keriting,28190
2024-06-10,Jawa Barat,Cabai Merah Keriting,27998
2024-06-11,Jawa Barat,Cabai Merah Keriting,27908
2024-06-13,Jawa Barat,Cabai Merah Keriting,28027
2024-06-14,Jawa Barat,Cabai Merah Keriting,28266
2024-06-17,Jawa Barat,Cabai Merah Keriting,27729
2024-06-18,Jawa Barat,Cabai Merah Keriting,27943
2024-06-19,Jawa Barat,Cabai Merah Keriting,27873
2024-06-20,Jawa Barat,Cabai Merah Keriting,28361
2024-06-21,Jawa Barat,Cabai Merah Keriting,28779
2024-06-24,Jawa Barat,Cabai Merah Keriting,28869
2024-06-25,Jawa Barat,Cabai Merah Keriting,28879
2024-06-26,Jawa Barat,Cabai Merah Keriting,28783
2024-06-27,Jawa Barat,Cabai Merah Keriting,28909
2024-06-28,Jawa Barat,Cabai Merah Keriting,29315
2024-07-01,Jawa Barat,Cabai Merah Keriting,29333
2024-07-02,Jawa Barat,Cabai Merah Keriting,29157
2024-07-03,Jawa Barat,Cabai Merah Keriting,29167
2024-07-04,Jawa Barat,Cabai Merah Keriting,29265
2024-07-05,Jawa Barat,Cabai Merah Keriting,28911
2024-07-08,Jawa Barat,Cabai Merah Keriting,28488
2024-07-09,Jawa Barat,Cabai Merah Keriting,28325
2024-07-10,Jawa Barat,Cabai Merah Keriting,28820
2024-07-11,Jawa Barat,Cabai Merah Keriting,29204
2024-07-12,Jawa Barat,Cabai Merah Keriting,28712
2024-07-15,Jawa Barat,Cabai Merah Keriting,28425
2024-07-16,Jawa Barat,Cabai Merah Keriting,28661
2024-07-17,Jawa Barat,Cabai Merah Keriting,28533
2024-07-18,Jawa Barat,Cabai Merah Keriting,28675
2024-07-19,Jawa Barat,Cabai Merah Keriting,28208
2024-07-22,Jawa Barat,Cabai Merah Keriting,28212
2024-07-23,Jawa Barat,Cabai Merah Keriting,28183
2024-07-24,Jawa Barat,Cabai Merah Keriting,28479
2024-07-25,Jawa Barat,Cabai Merah Keriting,28602
2024-07-26,Jawa Barat,Cabai Merah Keriting,28647
2024-07-30,Jawa Barat,Cabai Merah Keriting,28717
2024-07-31,Jawa Barat,Cabai Merah Keriting,28931
2024-08-01,Jawa Barat,Cabai Merah Keriting,28709
2024-08-02,Jawa Barat,Cabai Merah Keriting,28746
2024-08-05,Jawa Barat,Cabai Merah Keriting,28627
2024-08-06,Jawa Barat,Cabai Merah Keriting,28563
2024-08-07,Jawa Barat,Cabai Merah Keriting,28937
2024-08-08,Jawa Barat,Cabai Merah Keriting,28646
2024-08-09,Jawa Barat,Cabai Merah Keriting,28873
2024-08-12,Jawa Barat,Cabai Merah Keriting,29267
2024-08-13,Jawa Barat,Cabai Merah Keriting,29444
2024-08-14,Jawa Barat,Cabai Merah Keriting,29395
2024-08-15,Jawa Barat,Cabai Merah Keriting,29148
2024-08-16,Jawa Barat,Cabai Merah Keriting,28944
2024-08-19,Jawa Barat,Cabai Merah Keriting,28987
2024-08-20,Jawa Barat,Cabai Merah Keriting,28403
2024-08-21,Jawa Barat,Cabai Merah Keriting,28419
2024-08-22,Jawa Barat,Cabai Merah Keriting,28686
2024-08-23,Jawa Barat,Cabai Merah Keriting,28237
2024-08-26,Jawa Barat,Cabai Merah Keriting,28602
2024-08-27,Jawa Barat,Cabai Merah Keriting,29452
2024-08-28,Jawa Barat,Cabai Merah Keriting,29432
2024-08-29,Jawa Barat,Cabai Merah Keriting,29362
2024-08-30,Jawa Barat,Cabai Merah Keriting,29322
2024-09-02,Jawa Barat,Cabai Merah Keriting,29354
2024-09-03,Jawa Barat,Cabai Merah Keriting,29260
2024-09-04,Jawa Barat,Cabai Merah Keriting,28655
2024-09-05,Jawa Barat,Cabai Merah Keriting,28609
2024-09-06,Jawa Barat,Cabai Merah Keriting,28308
2024-09-09,Jawa Barat,Cabai Merah Keriting,28358
2024-09-10,Jawa Barat,Cabai Merah Keriting,28763
2024-09-11,Jawa Barat,Cabai Merah Keriting,28470
2024-09-12,Jawa Barat,Cabai Merah Keriting,29014
2024-09-13,Jawa Barat,Cabai Merah Keriting,28900
2024-09-16,Jawa Barat,Cabai Merah Keriting,28639
2024-09-17,Jawa Barat,Cabai Merah Keriting,28852
2024-09-18,Jawa Barat,Cabai Merah Keriting,28703
2024-09-19,Jawa Barat,Cabai Merah Keriting,28690
2024-09-20,Jawa Barat,Cabai Merah Keriting,28697
2024-09-23,Jawa Barat,Cabai Merah Keriting,28891
2024-09-24,Jawa Barat,Cabai Merah Keriting,28868
2024-09-25,Jawa Barat,Cabai Merah Keriting,28810
2024-09-26,Jawa Barat,Cabai Merah Keriting,28689
2024-09-27,Jawa Barat,Cabai Merah Keriting,28850
2024-09-30,Jawa Barat,Cabai Merah Keriting,28686
2024-10-01,Jawa Barat,Cabai Merah Keriting,29108
2024-10-03,Jawa Barat,Cabai Merah Keriting,28595
2024-10-04,Jawa Barat,Cabai Merah Keriting,28691
2024-10-07,Jawa Barat,Cabai Merah Keriting,28838
2024-10-08,Jawa Barat,Cabai Merah Keriting,29267
2024-10-09,Jawa Barat,Cabai Merah Keriting,29035
2024-10-10,Jawa Barat,Cabai Merah Keriting,28761
2024-10-11,Jawa Barat,Cabai Merah Keriting,28967
2024-10-14,Jawa Barat,Cabai Merah Keriting,29335
2024-10-15,Jawa Barat,Cabai Merah Keriting,29090
2024-10-16,Jawa Barat,Cabai Merah Keriting,29176
2024-10-17,Jawa Barat,Cabai Merah Keriting,29158
2024-10-18,Jawa Barat,Cabai Merah Keriting,28925
2024-10-21,Jawa Barat,Cabai Merah Keriting,28889
2024-10-22,Jawa Barat,Cabai Merah Keriting,29229
2024-10-23,Jawa Barat,Cabai Merah Keriting,29241
2024-10-24,Jawa Barat,Cabai Merah Keriting,29188
2024-10-25,Jawa Barat,Cabai Merah Keriting,29379
2024-10-28,Jawa Barat,Cabai Merah Keriting,29758
2024-10-29,Jawa Barat,Cabai Merah Keriting,29450
2024-10-30,Jawa Barat,Cabai Merah Keriting,29550
2024-10-31,Jawa Barat,Cabai Merah Keriting,29436
2024-11-01,Jawa Barat,Cabai Merah Keriting,29449
2024-11-04,Jawa Barat,Cabai Merah Keriting,29669
2024-11-05,Jawa Barat,Cabai Merah Keriting,29578
2024-11-06,Jawa Barat,Cabai Merah Keriting,28938
2024-11-07,Jawa Barat,Cabai Merah Keriting,28913
2024-11-08,Jawa Barat,Cabai Merah Keriting,29224
2024-11-11,Jawa Barat,Cabai Merah Keriting,29366
2024-11-12,Jawa Barat,Cabai Merah Keriting,29333
2024-11-13,Jawa Barat,Cabai Merah Keriting,29377
2024-11-14,Jawa Barat,Cabai Merah Keriting,29398
2024-11-15,Jawa Barat,Cabai Merah Keriting,28850
2024-11-18,Jawa Barat,Cabai Merah Keriting,28898
2024-11-19,Jawa Barat,Cabai Merah Keriting,28505
2024-11-20,Jawa Barat,Cabai Merah Keriting,28862
2024-11-21,Jawa Barat,Cabai Merah Keriting,28463
2024-11-22,Jawa Barat,Cabai Merah Keriting,28338
2024-11-25,Jawa Barat,Cabai Merah Keriting,28158
2024-11-26,Jawa Barat,Cabai Merah Keriting,28635
2024-11-27,Jawa Barat,Cabai Merah Keriting,28979
2024-11-28,Jawa Barat,Cabai Merah Keriting,28276
2024-11-29,Jawa Barat,Cabai Merah Keriting,28272
2024-12-02,Jawa Barat,Cabai Merah Keriting,27932
2024-12-03,Jawa Barat,Cabai Merah Keriting,27980
2024-12-04,Jawa Barat,Cabai Merah Keriting,28181
2024-12-05,Jawa Barat,Cabai Merah Keriting,28256
2024-12-06,Jawa Barat,Cabai Merah Keriting,28479
2024-12-09,Jawa Barat,Cabai Merah Keriting,28400
2024-12-10,Jawa Barat,Cabai Merah Keriting,28485
2024-12-12,Jawa Barat,Cabai Merah Keriting,28560
2024-12-13,Jawa Barat,Cabai Merah Keriting,28298
2024-12-16,Jawa Barat,Cabai Merah Keriting,28102
2024-12-17,Jawa Barat,Cabai Merah Keriting,28067
2024-12-18,Jawa Barat,Cabai Merah Keriting,28071
2024-12-19,Jawa Barat,Cabai Merah Keriting,28173
2024-12-20,Jawa Barat,Cabai Merah Keriting,27950
2024-12-23,Jawa Barat,Cabai Merah Keriting,28168
2024-12-24,Jawa Barat,Cabai Merah Keriting,28727
2024-12-25,Jawa Barat,Cabai Merah Keriting,28546
2024-12-26,Jawa Barat,Cabai Merah Keriting,29312
2024-12-27,Jawa Barat,Cabai Merah Keriting,29947
2024-12-30,Jawa Barat,Cabai Merah Keriting,29951
2025-01-01,Jawa Barat,Cabai Merah Keriting,29692
2025-01-02,Jawa Barat,Cabai Merah Keriting,29973
2025-01-03,Jawa Barat,Cabai Merah Keriting,29999
2025-01-06,Jawa Barat,Cabai Merah Keriting,30058
2025-01-07,Jawa Barat,Cabai Merah Keriting,29788
2025-01-08,Jawa Barat,Cabai Merah Keriting,30081
2025-01-09,Jawa Barat,Cabai Merah Keriting,30008
2025-01-10,Jawa Barat,Cabai Merah Keriting,29668
2025-01-13,Jawa Barat,Cabai Merah Keriting,29646
2025-01-15,Jawa Barat,Cabai Merah Keriting,29837
2025-01-16,Jawa Barat,Cabai Merah Keriting,30477
2025-01-17,Jawa Barat,Cabai Merah Keriting,30464
2025-01-20,Jawa Barat,Cabai Merah Keriting,30820
2025-01-21,Jawa Barat,Cabai Merah Keriting,31171
2025-01-22,Jawa Barat,Cabai Merah Keriting,30192
2025-01-23,Jawa Barat,Cabai Merah Keriting,29984
2025-01-24,Jawa Barat,Cabai Merah Keriting,30023
2025-01-27,Jawa Barat,Cabai Merah Keriting,29888
2025-01-28,Jawa Barat,Cabai Merah Keriting,29658
2025-01-29,Jawa Barat,Cabai Merah Keriting,30019
2025-01-30,Jawa Barat,Cabai Merah Keriting,29871
2025-01-31,Jawa Barat,Cabai Merah Keriting,29981
2025-02-03,Jawa Barat,Cabai Merah Keriting,30313
2025-02-04,Jawa Barat,Cabai Merah Keriting,30787
2025-02-05,Jawa Barat,Cabai Merah Keriting,30440
2025-02-06,Jawa Barat,Cabai Merah Keriting,30122
2025-02-07,Jawa Barat,Cabai Merah Keriting,30195
2025-02-10,Jawa Barat,Cabai Merah Keriting,29567
2025-02-11,Jawa Barat,Cabai Merah Keriting,29272
2025-02-12,Jawa Barat,Cabai Merah Keriting,29668
2025-02-13,Jawa Barat,Cabai Merah Keriting,29872
2025-02-14,Jawa Barat,Cabai Merah Keriting,29834
2025-02-17,Jawa Barat,Cabai Merah Keriting,29987
2025-02-18,Jawa Barat,Cabai Merah Keriting,30217
2025-02-19,Jawa Barat,Cabai Merah Keriting,29772
2025-02-20,Jawa Barat,Cabai Merah Keriting,29620
2025-02-21,Jawa Barat,Cabai Merah Keriting,30388
2025-02-24,Jawa Barat,Cabai Merah Keriting,30849
2025-02-25,Jawa Barat,Cabai Merah Keriting,30930
2025-02-26,Jawa Barat,Cabai Merah Keriting,31030
2025-02-27,Jawa Barat,Cabai Merah Keriting,31018
2025-02-28,Jawa Barat,Cabai Merah Keriting,30442
2025-03-03,Jawa Barat,Cabai Merah Keriting,30245
2025-03-04,Jawa Barat,Cabai Merah Keriting,30380
2025-03-05,Jawa Barat,Cabai Merah Keriting,30232
2025-03-06,Jawa Barat,Cabai Merah Keriting,29902
2025-03-07,Jawa Barat,Cabai Merah Keriting,29612
2025-03-10,Jawa Barat,Cabai Merah Keriting,30070
2025-03-11,Jawa Barat,Cabai Merah Keriting,29907
2025-03-12,Jawa Barat,Cabai Merah Keriting,30290
2025-03-13,Jawa Barat,Cabai Merah Keriting,30390
2025-03-14,Jawa Barat,Cabai Merah Keriting,30315
2025-03-17,Jawa Barat,Cabai Merah Keriting,30067
2025-03-18,Jawa Barat,Cabai Merah Keriting,30283
2025-03-19,Jawa Barat,Cabai Merah Keriting,30625
2025-03-20,Jawa Barat,Cabai Merah Keriting,30878
2025-03-21,Jawa Barat,Cabai Merah Keriting,30453
2025-03-24,Jawa Barat,Cabai Merah Keriting,30287
2025-03-25,Jawa Barat,Cabai Merah Keriting,30158
2025-03-26,Jawa Barat,Cabai Merah Keriting,29543
2025-03-27,Jawa Barat,Cabai Merah Keriting,29692
2025-03-28,Jawa Barat,Cabai Merah Keriting,29887
2025-03-31,Jawa Barat,Cabai Merah Keriting,30073
2025-04-01,Jawa Barat,Cabai Merah Keriting,30202
2025-04-02,Jawa Barat,Cabai Merah Keriting,30100
2025-04-03,Jawa Barat,Cabai Merah Keriting,29843
2025-04-04,Jawa Barat,Cabai Merah Keriting,29741
2025-04-07,Jawa Barat,Cabai Merah Keriting,29842
2025-04-08,Jawa Barat,Cabai Merah Keriting,30258
2025-04-09,Jawa Barat,Cabai Merah Keriting,30284
2025-04-10,Jawa Barat,Cabai Merah Keriting,30298
2025-04-11,Jawa Barat,Cabai Merah Keriting,29703
2025-04-14,Jawa Barat,Cabai Merah Keriting,29826
2025-04-15,Jawa Barat,Cabai Merah Keriting,30269
2025-04-16,Jawa Barat,Cabai Merah Keriting,30233
2025-04-17,Jawa Barat,Cabai Merah Keriting,30173
2025-04-21,Jawa Barat,Cabai Merah Keriting,30279
2025-04-22,Jawa Barat,Cabai Merah Keriting,29672
2025-04-23,Jawa Barat,Cabai Merah Keriting,30053
2025-04-24,Jawa Barat,Cabai Merah Keriting,29979
2025-04-25,Jawa Barat,Cabai Merah Keriting,30109
2025-04-28,Jawa Barat,Cabai Merah Keriting,30364
2025-04-30,Jawa Barat,Cabai Merah Keriting,30060
2025-05-02,Jawa Barat,Cabai Merah Keriting,29615
2025-05-05,Jawa Barat,Cabai Merah Keriting,29946
2025-05-06,Jawa Barat,Cabai Merah Keriting,29840
2025-05-07,Jawa Barat,Cabai Merah Keriting,29465
2025-05-08,Jawa Barat,Cabai Merah Keriting,29478
2025-05-09,Jawa Barat,Cabai Merah Keriting,29029
2025-05-12,Jawa Barat,Cabai Merah Keriting,28888
2025-05-13,Jawa Barat,Cabai Merah Keriting,28979
2025-05-14,Jawa Barat,Cabai Merah Keriting,28510
2025-05-15,Jawa Barat,Cabai Merah Keriting,28704
2025-05-16,Jawa Barat,Cabai Merah Keriting,28733
2025-05-19,Jawa Barat,Cabai Merah Keriting,28978
2025-05-20,Jawa Barat,Cabai Merah Keriting,29222
2025-05-21,Jawa Barat,Cabai Merah Keriting,29070
2025-05-22,Jawa Barat,Cabai Merah Keriting,28927
2025-05-23,Jawa Barat,Cabai Merah Keriting,29075
2025-05-26,Jawa Barat,Cabai Merah Keriting,28746
2025-05-27,Jawa Barat,Cabai Merah Keriting,28422
2025-05-28,Jawa Barat,Cabai Merah Keriting,28233
2025-05-29,Jawa Barat,Cabai Merah Keriting,27825
2025-05-30,Jawa Barat,Cabai Merah Keriting,27472
2025-06-02,Jawa Barat,Cabai Merah Keriting,27133
2025-06-03,Jawa Barat,Cabai Merah Keriting,27038
2025-06-04,Jawa Barat,Cabai Merah Keriting,26931
2025-06-05,Jawa Barat,Cabai Merah Keriting,27209
2025-06-06,Jawa Barat,Cabai Merah Keriting,27119
2025-06-09,Jawa Barat,Cabai Merah Keriting,27091
2025-06-10,Jawa Barat,Cabai Merah Keriting,27602
2025-06-11,Jawa Barat,Cabai Merah Keriting,26941
2025-06-12,Jawa Barat,Cabai Merah Keriting,26997
2025-06-13,Jawa Barat,Cabai Merah Keriting,26932
2025-06-16,Jawa Barat,Cabai Merah Keriting,27018
2025-06-17,Jawa Barat,Cabai Merah Keriting,26855
2025-06-18,Jawa Barat,Cabai Merah Keriting,26765
2025-06-19,Jawa Barat,Cabai Merah Keriting,27123
2025-06-20,Jawa Barat,Cabai Merah Keriting,27258
2025-06-23,Jawa Barat,Cabai Merah Keriting,27180
2025-06-24,Jawa Barat,Cabai Merah Keriting,26954
2025-06-25,Jawa Barat,Cabai Merah Keriting,26647
2025-06-26,Jawa Barat,Cabai Merah Keriting,26504
2025-06-27,Jawa Barat,Cabai Merah Keriting,25722
2025-06-30,Jawa Barat,Cabai Merah Keriting,25672
2025-07-01,Jawa Barat,Cabai Merah Keriting,26155
2025-07-02,Jawa Barat,Cabai Merah Keriting,26189
2025-07-03,Jawa Barat,Cabai Merah Keriting,26001
2025-07-04,Jawa Barat,Cabai Merah Keriting,25379
2025-07-07,Jawa Barat,Cabai Merah Keriting,25161
2025-07-08,Jawa Barat,Cabai Merah Keriting,25026
2025-07-09,Jawa Barat,Cabai Merah Keriting,25084
2025-07-10,Jawa Barat,Cabai Merah Keriting,24959
2025-07-11,Jawa Barat,Cabai Merah Keriting,25444
2025-07-14,Jawa Barat,Cabai Merah Keriting,25376
2025-07-15,Jawa Barat,Cabai Merah Keriting,25648
2025-07-16,Jawa Barat,Cabai Merah Keriting,25212
2025-07-17,Jawa Barat,Cabai Merah Keriting,25192
2025-07-18,Jawa Barat,Cabai Merah Keriting,24978
2025-07-21,Jawa Barat,Cabai Merah Keriting,25254
2025-07-22,Jawa Barat,Cabai Merah Keriting,25144
2025-07-24,Jawa Barat,Cabai Merah Keriting,25659
2025-07-25,Jawa Barat,Cabai Merah Keriting,25513
2025-07-28,Jawa Barat,Cabai Merah Keriting,25218
2025-07-29,Jawa Barat,Cabai Merah Keriting,25018
2025-07-31,Jawa Barat,Cabai Merah Keriting,25099
2025-08-01,Jawa Barat,Cabai Merah Keriting,25088
2025-08-04,Jawa Barat,Cabai Merah Keriting,25305
2025-08-05,Jawa Barat,Cabai Merah Keriting,25676
2025-08-06,Jawa Barat,Cabai Merah Keriting,25679
2025-08-07,Jawa Barat,Cabai Merah Keriting,25409
2025-08-08,Jawa Barat,Cabai Merah Keriting,25503
2025-08-11,Jawa Barat,Cabai Merah Keriting,26036
2025-08-12,Jawa Barat,Cabai Merah Keriting,26278
2025-08-13,Jawa Barat,Cabai Merah Keriting,26353
2025-08-14,Jawa Barat,Cabai Merah Keriting,26107
2025-08-15,Jawa Barat,Cabai Merah Keriting,26047
2025-08-18,Jawa Barat,Cabai Merah Keriting,25619
2025-08-19,Jawa Barat,Cabai Merah Keriting,25309
2025-08-20,Jawa Barat,Cabai Merah Keriting,25409
2025-08-21,Jawa Barat,Cabai Merah Keriting,24941
2025-08-22,Jawa Barat,Cabai Merah Keriting,24844
2025-08-25,Jawa Barat,Cabai Merah Keriting,24518
2025-08-26,Jawa Barat,Cabai Merah Keriting,24232
2025-08-27,Jawa Barat,Cabai Merah Keriting,24240
2025-08-28,Jawa Barat,Cabai Merah Keriting,24048
2025-08-29,Jawa Barat,Cabai Merah Keriting,23688
2025-09-02,Jawa Barat,Cabai Merah Keriting,23184
2025-09-03,Jawa Barat,Cabai Merah Keriting,23483
2025-09-04,Jawa Barat,Cabai Merah Keriting,23653
2025-09-05,Jawa Barat,Cabai Merah Keriting,23823
2025-09-08,Jawa Barat,Cabai Merah Keriting,23612
2025-09-09,Jawa Barat,Cabai Merah Keriting,23714
2025-09-10,Jawa Barat,Cabai Merah Keriting,23757
2025-09-11,Jawa Barat,Cabai Merah Keriting,23564
2025-09-12,Jawa Barat,Cabai Merah Keriting,23538
2025-09-15,Jawa Barat,Cabai Merah Keriting,23142
2025-09-16,Jawa Barat,Cabai Merah Keriting,22880
2025-09-17,Jawa Barat,Cabai Merah Keriting,22848
2025-09-18,Jawa Barat,Cabai Merah Keriting,22723
2025-09-19,Jawa Barat,Cabai Merah Keriting,22798
2025-09-22,Jawa Barat,Cabai Merah Keriting,22619
2025-09-23,Jawa Barat,Cabai Merah Keriting,22527
2025-09-24,Jawa Barat,Cabai Merah Keriting,22516
2025-09-25,Jawa Barat,Cabai Merah Keriting,22320
2025-09-26,Jawa Barat,Cabai Merah Keriting,22226
2025-09-29,Jawa Barat,Cabai Merah Keriting,22265
2025-09-30,Jawa Barat,Cabai Merah Keriting,22627
2025-10-01,Jawa Barat,Cabai Merah Keriting,22432
2025-10-02,Jawa Barat,Cabai Merah Keriting,22310
2025-10-03,Jawa Barat,Cabai Merah Keriting,22976
2025-10-06,Jawa Barat,Cabai Merah Keriting,23186
2025-10-07,Jawa Barat,Cabai Merah Keriting,23464
2025-10-08,Jawa Barat,Cabai Merah Keriting,23589
2025-10-09,Jawa Barat,Cabai Merah Keriting,23864
2025-10-10,Jawa Barat,Cabai Merah Keriting,23645
2025-10-13,Jawa Barat,Cabai Merah Keriting,23892
2025-10-14,Jawa Barat,Cabai Merah Keriting,24075
2025-10-15,Jawa Barat,Cabai Merah Keriting,23791
2025-10-16,Jawa Barat,Cabai Merah Keriting,23698
2025-10-17,Jawa Barat,Cabai Merah Keriting,23175
2025-10-21,Jawa Barat,Cabai Merah Keriting,23435
2025-10-22,Jawa Barat,Cabai Merah Keriting,23296
2025-10-23,Jawa Barat,Cabai Merah Keriting,23047
2025-10-24,Jawa Barat,Cabai Merah Keriting,22784
2025-10-27,Jawa Barat,Cabai Merah Keriting,22769
2025-10-28,Jawa Barat,Cabai Merah Keriting,22888
2025-10-29,Jawa Barat,Cabai Merah Keriting,23267
2025-10-30,Jawa Barat,Cabai Merah Keriting,22736
2025-10-31,Jawa Barat,Cabai Merah Keriting,23076
2025-11-03,Jawa Barat,Cabai Merah Keriting,23111
2025-11-04,Jawa Barat,Cabai Merah Keriting,23335
2025-11-05,Jawa Barat,Cabai Merah Keriting,23497
2025-11-06,Jawa Barat,Cabai Merah Keriting,23496
2025-11-07,Jawa Barat,Cabai Merah Keriting,23486
2025-11-10,Jawa Barat,Cabai Merah Keriting,23571
2025-11-11,Jawa Barat,Cabai Merah Keriting,23497
2025-11-12,Jawa Barat,Cabai Merah Keriting,23443
2025-11-13,Jawa Barat,Cabai Merah Keriting,22549
2025-11-14,Jawa Barat,Cabai Merah Keriting,22679
2025-11-17,Jawa Barat,Cabai Merah Keriting,22482
2025-11-18,Jawa Barat,Cabai Merah Keriting,22725
2025-11-19,Jawa Barat,Cabai Merah Keriting,22947
2025-11-20,Jawa Barat,Cabai Merah Keriting,22824
2025-11-21,Jawa Barat,Cabai Merah Keriting,22958
2025-11-24,Jawa Barat,Cabai Merah Keriting,23060
2025-11-25,Jawa Barat,Cabai Merah Keriting,22912
2025-11-26,Jawa Barat,Cabai Merah Keriting,23065
2025-12-02,Jawa Barat,Cabai Merah Keriting,23448
2025-12-03,Jawa Barat,Cabai Merah Keriting,23664
2025-12-04,Jawa Barat,Cabai Merah Keriting,23497
2025-12-05,Jawa Barat,Cabai Merah Keriting,23751
2025-12-08,Jawa Barat,Cabai Merah Keriting,23556
2025-12-09,Jawa Barat,Cabai Merah Keriting,23480
2025-12-10,Jawa Barat,Cabai Merah Keriting,23296
2025-12-11,Jawa Barat,Cabai Merah Keriting,23077
2025-12-12,Jawa Barat,Cabai Merah Keriting,23160
2025-12-15,Jawa Barat,Cabai Merah Keriting,22829
2025-12-16,Jawa Barat,Cabai Merah Keriting,22768
2025-12-17,Jawa Barat,Cabai Merah Keriting,22850
2025-12-18,Jawa Barat,Cabai Merah Keriting,22674
2025-12-19,Jawa Barat,Cabai Merah Keriting,22965
2025-12-22,Jawa Barat,Cabai Merah Keriting,22922
2025-12-23,Jawa Barat,Cabai Merah Keriting,23281
2025-12-24,Jawa Barat,Cabai Merah Keriting,23696
2025-12-25,Jawa Barat,Cabai Merah Keriting,23333
2025-12-26,Jawa Barat,Cabai Merah Keriting,23427
2025-12-29,Jawa Barat,Cabai Merah Keriting,23469
2025-12-30,Jawa Barat,Cabai Merah Keriting,23367
2025-12-31,Jawa Barat,Cabai Merah Keriting,23367
2026-01-01,Jawa Barat,Cabai Merah Keriting,24061
2026-01-02,Jawa Barat,Cabai Merah Keriting,24197
2026-01-05,Jawa Barat,Cabai Merah Keriting,24383
2026-01-06,Jawa Barat,Cabai Merah Keriting,24346
2026-01-07,Jawa Barat,Cabai Merah Keriting,24447
2026-01-08,Jawa Barat,Cabai Merah Keriting,24234
2026-01-09,Jawa Barat,Cabai Merah Keriting,24426
2026-01-12,Jawa Barat,Cabai Merah Keriting,24796
2026-01-13,Jawa Barat,Cabai Merah Keriting,25014
2026-01-14,Jawa Barat,Cabai Merah Keriting,24819
2026-01-15,Jawa Barat,Cabai Merah Keriting,24564
2026-01-16,Jawa Barat,Cabai Merah Keriting,25187
2026-01-19,Jawa Barat,Cabai Merah Keriting,25547
2026-01-20,Jawa Barat,Cabai Merah Keriting,25744
2026-01-21,Jawa Barat,Cabai Merah Keriting,26155
2026-01-22,Jawa Barat,Cabai Merah Keriting,26147
2026-01-23,Jawa Barat,Cabai Merah Keriting,26343
2026-01-26,Jawa Barat,Cabai Merah Keriting,26677
2026-01-27,Jawa Barat,Cabai Merah Keriting,26594
2026-01-28,Jawa Barat,Cabai Merah Keriting,26722
2026-01-29,Jawa Barat,Cabai Merah Keriting,27023
2026-01-30,Jawa Barat,Cabai Merah Keriting,26728
2026-02-02,Jawa Barat,Cabai Merah Keriting,26617
2026-02-03,Jawa Barat,Cabai Merah Keriting,26910
2026-02-04,Jawa Barat,Cabai Merah Keriting,26966
2026-02-05,Jawa Barat,Cabai Merah Keriting,26984
2026-02-06,Jawa Barat,Cabai Merah Keriting,26967
2026-02-09,Jawa Barat,Cabai Merah Keriting,27297
2026-02-10,Jawa Barat,Cabai Merah Keriting,27026
2026-02-11,Jawa Barat,Cabai Merah Keriting,26895
2026-02-12,Jawa Barat,Cabai Merah Keriting,26508
2026-02-13,Jawa Barat,Cabai Merah Keriting,26417
2026-02-16,Jawa Barat,Cabai Merah Keriting,26458
2026-02-17,Jawa Barat,Cabai Merah Keriting,25939
2026-02-18,Jawa Barat,Cabai Merah Keriting,25717
2026-02-19,Jawa Barat,Cabai Merah Keriting,25771
2026-02-20,Jawa Barat,Cabai Merah Keriting,25890
2026-02-23,Jawa Barat,Cabai Merah Keriting,26376
2026-02-24,Jawa Barat,Cabai Merah Keriting,26541
2026-02-25,Jawa Barat,Cabai Merah Keriting,26490
2026-02-26,Jawa Barat,Cabai Merah Keriting,26524
2026-02-27,Jawa Barat,Cabai Merah Keriting,26567
2026-03-02,Jawa Barat,Cabai Merah Keriting,26439
2026-03-03,Jawa Barat,Cabai Merah Keriting,26506
2026-03-04,Jawa Barat,Cabai Merah Keriting,26365
2026-03-05,Jawa Barat,Cabai Merah Keriting,26446
2026-03-06,Jawa Barat,Cabai Merah Keriting,26429
2026-03-09,Jawa Barat,Cabai Merah Keriting,26366
2026-03-10,Jawa Barat,Cabai Merah Keriting,26311
2026-03-12,Jawa Barat,Cabai Merah Keriting,26708
2026-03-13,Jawa Barat,Cabai Merah Keriting,26630
2026-03-16,Jawa Barat,Cabai Merah Keriting,26833
2026-03-17,Jawa Barat,Cabai Merah Keriting,26810
2026-03-18,Jawa Barat,Cabai Merah Keriting,26792
2026-03-19,Jawa Barat,Cabai Merah Keriting,26663
2026-03-20,Jawa Barat,Cabai Merah Keriting,27126
2026-03-23,Jawa Barat,Cabai Merah Keriting,27558
2026-03-24,Jawa Barat,Cabai Merah Keriting,27365
2026-03-25,Jawa Barat,Cabai Merah Keriting,27269
2026-03-26,Jawa Barat,Cabai Merah Keriting,27375
2026-03-27,Jawa Barat,Cabai Merah Keriting,27536
2026-03-30,Jawa Barat,Cabai Merah Keriting,27240
2026-03-31,Jawa Barat,Cabai Merah Keriting,26989
2026-04-01,Jawa Barat,Cabai Merah Keriting,26171
2026-04-02,Jawa Barat,Cabai Merah Keriting,26326
2026-04-03,Jawa Barat,Cabai Merah Keriting,25926
2026-04-06,Jawa Barat,Cabai Merah Keriting,25747
2026-04-07,Jawa Barat,Cabai Merah Keriting,25987
2026-04-08,Jawa Barat,Cabai Merah Keriting,26216
2026-04-09,Jawa Barat,Cabai Merah Keriting,26651
2026-04-10,Jawa Barat,Cabai Merah Keriting,27205
2026-04-13,Jawa Barat,Cabai Merah Keriting,28047
2026-04-14,Jawa Barat,Cabai Merah Keriting,27940
2026-04-15,Jawa Barat,Cabai Merah Keriting,27765
2026-04-16,Jawa Barat,Cabai Merah Keriting,27885
2026-04-17,Jawa Barat,Cabai Merah Keriting,27490
2026-04-20,Jawa Barat,Cabai Merah Keriting,27419
2026-04-21,Jawa Barat,Cabai Merah Keriting,27461
2026-04-22,Jawa Barat,Cabai Merah Keriting,27603
2026-04-23,Jawa Barat,Cabai Merah Keriting,27777
2026-04-24,Jawa Barat,Cabai Merah Keriting,27697
2026-04-28,Jawa Barat,Cabai Merah Keriting,27045
2026-04-29,Jawa Barat,Cabai Merah Keriting,26485
2026-04-30,Jawa Barat,Cabai Merah Keriting,26329
2026-05-01,Jawa Barat,Cabai Merah Keriting,25951
2026-05-04,Jawa Barat,Cabai Merah Keriting,25815
2026-05-05,Jawa Barat,Cabai Merah Keriting,25923
2026-05-06,Jawa Barat,Cabai Merah Keriting,25597
2026-05-07,Jawa Barat,Cabai Merah Keriting,25621
2026-05-08,Jawa Barat,Cabai Merah Keriting,25544
2026-05-11,Jawa Barat,Cabai Merah Keriting,25636
2026-05-12,Jawa Barat,Cabai Merah Keriting,25793
2026-05-14,Jawa Barat,Cabai Merah Keriting,25700
2026-05-15,Jawa Barat,Cabai Merah Keriting,25624
2026-05-19,Jawa Barat,Cabai Merah Keriting,25308
2026-05-20,Jawa Barat,Cabai Merah Keriting,25437
2026-05-22,Jawa Barat,Cabai Merah Keriting,26127
2026-05-25,Jawa Barat,Cabai Merah Keriting,25775
2026-05-26,Jawa Barat,Cabai Merah Keriting,26137
2026-05-27,Jawa Barat,Cabai Merah Keriting,25882
2026-05-28,Jawa Barat,Cabai Merah Keriting,25922
2026-05-29,Jawa Barat,Cabai Merah Keriting,26010
2026-06-01,Jawa Barat,Cabai Merah Keriting,25596
2026-06-02,Jawa Barat,Cabai Merah Keriting,25548
2026-06-03,Jawa Barat,Cabai Merah Keriting,25926
2026-06-04,Jawa Barat,Cabai Merah Keriting,25312
2026-06-05,Jawa Barat,Cabai Merah Keriting,25982
2026-06-08,Jawa Barat,Cabai Merah Keriting,25435
2026-06-09,Jawa Barat,Cabai Merah Keriting,25514
2026-06-10,Jawa Barat,Cabai Merah Keriting,25119
2026-06-11,Jawa Barat,Cabai Merah Keriting,25240
2026-06-12,Jawa Barat,Cabai Merah Keriting,25547
2026-06-15,Jawa Barat,Cabai Merah Keriting,25771
2026-06-16,Jawa Barat,Cabai Merah Keriting,25380
2026-06-17,Jawa Barat,Cabai Merah Keriting,25649
2026-06-18,Jawa Barat,Cabai Merah Keriting,25574
2026-06-19,Jawa Barat,Cabai Merah Keriting,25193
2026-06-22,Jawa Barat,Cabai Merah Keriting,25564
2026-06-23,Jawa Barat,Cabai Merah Keriting,26150
2026-06-24,Jawa Barat,Cabai Merah Keriting,26176
2026-06-25,Jawa Barat,Cabai Merah Keriting,26069
2026-06-26,Jawa Barat,Cabai Merah Keriting,25850
2026-06-29,Jawa Barat,Cabai Merah Keriting,26056
2026-06-30,Jawa Barat,Cabai Merah Keriting,26347
2026-07-01,Jawa Barat,Cabai Merah Keriting,26240
2026-07-02,Jawa Barat,Cabai Merah Keriting,26696
2026-07-03,Jawa Barat,Cabai Merah Keriting,26883
2026-07-06,Jawa Barat,Cabai Merah Keriting,26906
2026-07-07,Jawa Barat,Cabai Merah Keriting,26999
2026-07-08,Jawa Barat,Cabai Merah Keriting,26713
2026-07-09,Jawa Barat,Cabai Merah Keriting,26922
2026-07-10,Jawa Barat,Cabai Merah Keriting,26653
2026-07-13,Jawa Barat,Cabai Merah Keriting,26509
2026-07-14,Jawa Barat,Cabai Merah Keriting,26488
2026-07-15,Jawa Barat,Cabai Merah Keriting,27034
2026-07-16,Jawa Barat,Cabai Merah Keriting,27103
2026-07-17,Jawa Barat,Cabai Merah Keriting,26858
2026-07-20,Jawa Barat,Cabai Merah Keriting,26953
2026-07-21,Jawa Barat,Cabai Merah Keriting,27122
2026-07-22,Jawa Barat,Cabai Merah Keriting,27479
2026-07-23,Jawa Barat,Cabai Merah Keriting,27472
2026-07-24,Jawa Barat,Cabai Merah Keriting,27263
2026-07-28,Jawa Barat,Cabai Merah Keriting,28020
2026-07-29,Jawa Barat,Cabai Merah Keriting,27768
2026-07-30,Jawa Barat,Cabai Merah Keriting,27758
2026-07-31,Jawa Barat,Cabai Merah Keriting,27608
2026-08-03,Jawa Barat,Cabai Merah Keriting,27991
2026-08-04,Jawa Barat,Cabai Merah Keriting,28164
2026-08-05,Jawa Barat,Cabai Merah Keriting,28069
2026-08-06,Jawa Barat,Cabai Merah Keriting,28383
2026-08-07,Jawa Barat,Cabai Merah Keriting,28349
2026-08-10,Jawa Barat,Cabai Merah Keriting,28332
2026-08-11,Jawa Barat,Cabai Merah Keriting,28108
2026-08-12,Jawa Barat,Cabai Merah Keriting,27884
2026-08-13,Jawa Barat,Cabai Merah Keriting,28530
2026-08-14,Jawa Barat,Cabai Merah Keriting,28833
2026-08-17,Jawa Barat,Cabai Merah Keriting,28275
2026-08-18,Jawa Barat,Cabai Merah Keriting,27986
2026-08-19,Jawa Barat,Cabai Merah Keriting,27643
2026-08-20,Jawa Barat,Cabai Merah Keriting,27661
2026-08-21,Jawa Barat,Cabai Merah Keriting,27537
2026-08-24,Jawa Barat,Cabai Merah Keriting,27987
2026-08-25,Jawa Barat,Cabai Merah Keriting,27889
2026-08-26,Jawa Barat,Cabai Merah Keriting,28493
2026-08-27,Jawa Barat,Cabai Merah Keriting,28467
2026-08-28,Jawa Barat,Cabai Merah Keriting,29169
2018-01-02,Jawa Barat,Cabai Rawit Hijau,44137
2018-01-03,Jawa Barat,Cabai Rawit Hijau,44675
2018-01-04,Jawa Barat,Cabai Rawit Hijau,45126
2018-01-05,Jawa Barat,Cabai Rawit Hijau,44390
2018-01-08,Jawa Barat,Cabai Rawit Hijau,44437
2018-01-09,Jawa Barat,Cabai Rawit Hijau,44198
2018-01-10,Jawa Barat,Cabai Rawit Hijau,43924
2018-01-11,Jawa Barat,Cabai Rawit Hijau,43968
2018-01-12,Jawa Barat,Cabai Rawit Hijau,43807
2018-01-15,Jawa Barat,Cabai Rawit Hijau,43909
2018-01-16,Jawa Barat,Cabai Rawit Hijau,43359
2018-01-17,Jawa Barat,Cabai Rawit Hijau,42537
2018-01-18,Jawa Barat,Cabai Rawit Hijau,43080
2018-01-19,Jawa Barat,Cabai Rawit Hijau,43723
2018-01-22,Jawa Barat,Cabai Rawit Hijau,44241
2018-01-23,Jawa Barat,Cabai Rawit Hijau,44260
2018-01-24,Jawa Barat,Cabai Rawit Hijau,44056
2018-01-25,Jawa Barat,Cabai Rawit Hijau,43711
2018-01-26,Jawa Barat,Cabai Rawit Hijau,43271
2018-01-29,Jawa Barat,Cabai Rawit Hijau,43226
2018-01-30,Jawa Barat,Cabai Rawit Hijau,43855
2018-01-31,Jawa Barat,Cabai Rawit Hijau,43468
2018-02-01,Jawa Barat,Cabai Rawit Hijau,44102
2018-02-02,Jawa Barat,Cabai Rawit Hijau,43291
2018-02-05,Jawa Barat,Cabai Rawit Hijau,43420
2018-02-06,Jawa Barat,Cabai Rawit Hijau,43664
2018-02-08,Jawa Barat,Cabai Rawit Hijau,42800
2018-02-09,Jawa Barat,Cabai Rawit Hijau,43263
2018-02-12,Jawa Barat,Cabai Rawit Hijau,43286
2018-02-13,Jawa Barat,Cabai Rawit Hijau,44763
2018-02-14,Jawa Barat,Cabai Rawit Hijau,45425
2018-02-15,Jawa Barat,Cabai Rawit Hijau,46102
2018-02-16,Jawa Barat,Cabai Rawit Hijau,44718
2018-02-19,Jawa Barat,Cabai Rawit Hijau,44333
2018-02-20,Jawa Barat,Cabai Rawit Hijau,43685
2018-02-21,Jawa Barat,Cabai Rawit Hijau,42598
2018-02-22,Jawa Barat,Cabai Rawit Hijau,42577
2018-02-23,Jawa Barat,Cabai Rawit Hijau,43023
2018-02-26,Jawa Barat,Cabai Rawit Hijau,42499
2018-02-27,Jawa Barat,Cabai Rawit Hijau,41466
2018-02-28,Jawa Barat,Cabai Rawit Hijau,41000
2018-03-01,Jawa Barat,Cabai Rawit Hijau,40917
2018-03-02,Jawa Barat,Cabai Rawit Hijau,40796
2018-03-05,Jawa Barat,Cabai Rawit Hijau,40802
2018-03-06,Jawa Barat,Cabai Rawit Hijau,41020
2018-03-07,Jawa Barat,Cabai Rawit Hijau,41012
2018-03-08,Jawa Barat,Cabai Rawit Hijau,41474
2018-03-09,Jawa Barat,Cabai Rawit Hijau,40977
2018-03-12,Jawa Barat,Cabai Rawit Hijau,40835
2018-03-13,Jawa Barat,Cabai Rawit Hijau,41140
2018-03-14,Jawa Barat,Cabai Rawit Hijau,41288
2018-03-15,Jawa Barat,Cabai Rawit Hijau,42262
2018-03-16,Jawa Barat,Cabai Rawit Hijau,41776
2018-03-19,Jawa Barat,Cabai Rawit Hijau,42098
2018-03-20,Jawa Barat,Cabai Rawit Hijau,41762
2018-03-21,Jawa Barat,Cabai Rawit Hijau,41374
2018-03-22,Jawa Barat,Cabai Rawit Hijau,41949
2018-03-23,Jawa Barat,Cabai Rawit Hijau,41935
2018-03-26,Jawa Barat,Cabai Rawit Hijau,42076
2018-03-27,Jawa Barat,Cabai Rawit Hijau,41778
2018-03-28,Jawa Barat,Cabai Rawit Hijau,41511
2018-03-29,Jawa Barat,Cabai Rawit Hijau,40716
2018-03-30,Jawa Barat,Cabai Rawit Hijau,40810
2018-04-02,Jawa Barat,Cabai Rawit Hijau,40276
2018-04-03,Jawa Barat,Cabai Rawit Hijau,40203
2018-04-04,Jawa Barat,Cabai Rawit Hijau,40655
2018-04-05,Jawa Barat,Cabai Rawit Hijau,39750
2018-04-06,Jawa Barat,Cabai Rawit Hijau,41293
2018-04-09,Jawa Barat,Cabai Rawit Hijau,40899
2018-04-10,Jawa Barat,Cabai Rawit Hijau,40840
2018-04-11,Jawa Barat,Cabai Rawit Hijau,40977
2018-04-12,Jawa Barat,Cabai Rawit Hijau,40570
2018-04-13,Jawa Barat,Cabai Rawit Hijau,40328
2018-04-16,Jawa Barat,Cabai Rawit Hijau,40907
2018-04-17,Jawa Barat,Cabai Rawit Hijau,41303
2018-04-18,Jawa Barat,Cabai Rawit Hijau,41171
2018-04-19,Jawa Barat,Cabai Rawit Hijau,41170
2018-04-20,Jawa Barat,Cabai Rawit Hijau,41243
2018-04-23,Jawa Barat,Cabai Rawit Hijau,41537
2018-04-24,Jawa Barat,Cabai Rawit Hijau,41872
2018-04-25,Jawa Barat,Cabai Rawit Hijau,42195
2018-04-26,Jawa Barat,Cabai Rawit Hijau,41976
2018-04-27,Jawa Barat,Cabai Rawit Hijau,42033
2018-04-30,Jawa Barat,Cabai Rawit Hijau,42571
2018-05-01,Jawa Barat,Cabai Rawit Hijau,43783
2018-05-02,Jawa Barat,Cabai Rawit Hijau,43827
2018-05-03,Jawa Barat,Cabai Rawit Hijau,43527
2018-05-04,Jawa Barat,Cabai Rawit Hijau,43085
2018-05-07,Jawa Barat,Cabai Rawit Hijau,43422
2018-05-08,Jawa Barat,Cabai Rawit Hijau,42569
2018-05-09,Jawa Barat,Cabai Rawit Hijau,42908
2018-05-10,Jawa Barat,Cabai Rawit Hijau,43259
2018-05-11,Jawa Barat,Cabai Rawit Hijau,42981
2018-05-14,Jawa Barat,Cabai Rawit Hijau,43113
2018-05-15,Jawa Barat,Cabai Rawit Hijau,42992
2018-05-16,Jawa Barat,Cabai Rawit Hijau,42269
2018-05-17,Jawa Barat,Cabai Rawit Hijau,42563
2018-05-18,Jawa Barat,Cabai Rawit Hijau,42807
2018-05-21,Jawa Barat,Cabai Rawit Hijau,42572
2018-05-22,Jawa Barat,Cabai Rawit Hijau,43773
2018-05-23,Jawa Barat,Cabai Rawit Hijau,43776
2018-05-24,Jawa Barat,Cabai Rawit Hijau,42759
2018-05-25,Jawa Barat,Cabai Rawit Hijau,43337
2018-05-28,Jawa Barat,Cabai Rawit Hijau,43774
2018-05-29,Jawa Barat,Cabai Rawit Hijau,44286
2018-05-30,Jawa Barat,Cabai Rawit Hijau,43734
2018-05-31,Jawa Barat,Cabai Rawit Hijau,43852
2018-06-01,Jawa Barat,Cabai Rawit Hijau,43846
2018-06-04,Jawa Barat,Cabai Rawit Hijau,43749
2018-06-05,Jawa Barat,Cabai Rawit Hijau,44501
2018-06-06,Jawa Barat,Cabai Rawit Hijau,44512
2018-06-07,Jawa Barat,Cabai Rawit Hijau,44286
2018-06-08,Jawa Barat,Cabai Rawit Hijau,44056
2018-06-11,Jawa Barat,Cabai Rawit Hijau,43468
2018-06-12,Jawa Barat,Cabai Rawit Hijau,43532
2018-06-13,Jawa Barat,Cabai Rawit Hijau,44330
2018-06-14,Jawa Barat,Cabai Rawit Hijau,44148
2018-06-15,Jawa Barat,Cabai Rawit Hijau,44299
2018-06-18,Jawa Barat,Cabai Rawit Hijau,44193
2018-06-19,Jawa Barat,Cabai Rawit Hijau,44144
2018-06-20,Jawa Barat,Cabai Rawit Hijau,44616
2018-06-21,Jawa Barat,Cabai Rawit Hijau,44014
2018-06-22,Jawa Barat,Cabai Rawit Hijau,43195
2018-06-26,Jawa Barat,Cabai Rawit Hijau,43485
2018-06-27,Jawa Barat,Cabai Rawit Hijau,43270
2018-06-28,Jawa Barat,Cabai Rawit Hijau,44646
2018-06-29,Jawa Barat,Cabai Rawit Hijau,45092
2018-07-02,Jawa Barat,Cabai Rawit Hijau,44599
2018-07-03,Jawa Barat,Cabai Rawit Hijau,45248
2018-07-04,Jawa Barat,Cabai Rawit Hijau,45715
2018-07-05,Jawa Barat,Cabai Rawit Hijau,44035
2018-07-06,Jawa Barat,Cabai Rawit Hijau,44120
2018-07-09,Jawa Barat,Cabai Rawit Hijau,43549
2018-07-10,Jawa Barat,Cabai Rawit Hijau,43500
2018-07-11,Jawa Barat,Cabai Rawit Hijau,44741
2018-07-12,Jawa Barat,Cabai Rawit Hijau,45246
2018-07-13,Jawa Barat,Cabai Rawit Hijau,45842
2018-07-16,Jawa Barat,Cabai Rawit Hijau,45733
2018-07-17,Jawa Barat,Cabai Rawit Hijau,46337
2018-07-18,Jawa Barat,Cabai Rawit Hijau,45914
2018-07-20,Jawa Barat,Cabai Rawit Hijau,46484
2018-07-23,Jawa Barat,Cabai Rawit Hijau,46959
2018-07-24,Jawa Barat,Cabai Rawit Hijau,46116
2018-07-25,Jawa Barat,Cabai Rawit Hijau,47251
2018-07-26,Jawa Barat,Cabai Rawit Hijau,46711
2018-07-27,Jawa Barat,Cabai Rawit Hijau,48343
2018-07-30,Jawa Barat,Cabai Rawit Hijau,48878
2018-07-31,Jawa Barat,Cabai Rawit Hijau,49358
2018-08-01,Jawa Barat,Cabai Rawit Hijau,48843
2018-08-02,Jawa Barat,Cabai Rawit Hijau,48537
2018-08-03,Jawa Barat,Cabai Rawit Hijau,49667
2018-08-06,Jawa Barat,Cabai Rawit Hijau,50715
2018-08-07,Jawa Barat,Cabai Rawit Hijau,50612
2018-08-08,Jawa Barat,Cabai Rawit Hijau,50455
2018-08-09,Jawa Barat,Cabai Rawit Hijau,50317
2018-08-10,Jawa Barat,Cabai Rawit Hijau,51055
2018-08-13,Jawa Barat,Cabai Rawit Hijau,51729
2018-08-14,Jawa Barat,Cabai Rawit Hijau,51985
2018-08-15,Jawa Barat,Cabai Rawit Hijau,52084
2018-08-16,Jawa Barat,Cabai Rawit Hijau,51970
2018-08-17,Jawa Barat,Cabai Rawit Hijau,53707
2018-08-20,Jawa Barat,Cabai Rawit Hijau,52806
2018-08-21,Jawa Barat,Cabai Rawit Hijau,52554
2018-08-22,Jawa Barat,Cabai Rawit Hijau,52765
2018-08-23,Jawa Barat,Cabai Rawit Hijau,51763
2018-08-24,Jawa Barat,Cabai Rawit Hijau,51398
2018-08-27,Jawa Barat,Cabai Rawit Hijau,52852
2018-08-28,Jawa Barat,Cabai Rawit Hijau,53499
2018-08-29,Jawa Barat,Cabai Rawit Hijau,53116
2018-08-30,Jawa Barat,Cabai Rawit Hijau,52717
2018-08-31,Jawa Barat,Cabai Rawit Hijau,51837
2018-09-03,Jawa Barat,Cabai Rawit Hijau,51550
2018-09-04,Jawa Barat,Cabai Rawit Hijau,51924
2018-09-05,Jawa Barat,Cabai Rawit Hijau,52178
2018-09-06,Jawa Barat,Cabai Rawit Hijau,51922
2018-09-07,Jawa Barat,Cabai Rawit Hijau,51321
2018-09-10,Jawa Barat,Cabai Rawit Hijau,51201
2018-09-11,Jawa Barat,Cabai Rawit Hijau,51067
2018-09-12,Jawa Barat,Cabai Rawit Hijau,51595
2018-09-13,Jawa Barat,Cabai Rawit Hijau,51747
2018-09-14,Jawa Barat,Cabai Rawit Hijau,51808
2018-09-17,Jawa Barat,Cabai Rawit Hijau,52634
2018-09-18,Jawa Barat,Cabai Rawit Hijau,53737
2018-09-19,Jawa Barat,Cabai Rawit Hijau,53991
2018-09-20,Jawa Barat,Cabai Rawit Hijau,54264
2018-09-21,Jawa Barat,Cabai Rawit Hijau,54183
2018-09-24,Jawa Barat,Cabai Rawit Hijau,53609
2018-09-25,Jawa Barat,Cabai Rawit Hijau,54223
2018-09-26,Jawa Barat,Cabai Rawit Hijau,54692
2018-09-27,Jawa Barat,Cabai Rawit Hijau,54666
2018-09-28,Jawa Barat,Cabai Rawit Hijau,54829
2018-10-01,Jawa Barat,Cabai Rawit Hijau,55647
2018-10-02,Jawa Barat,Cabai Rawit Hijau,56613
2018-10-03,Jawa Barat,Cabai Rawit Hijau,54935
2018-10-04,Jawa Barat,Cabai Rawit Hijau,54498
2018-10-05,Jawa Barat,Cabai Rawit Hijau,54470
2018-10-09,Jawa Barat,Cabai Rawit Hijau,53920
2018-10-10,Jawa Barat,Cabai Rawit Hijau,53525
2018-10-11,Jawa Barat,Cabai Rawit Hijau,53726
2018-10-15,Jawa Barat,Cabai Rawit Hijau,53007
2018-10-16,Jawa Barat,Cabai Rawit Hijau,53201
2018-10-17,Jawa Barat,Cabai Rawit Hijau,53844
2018-10-18,Jawa Barat,Cabai Rawit Hijau,54265
2018-10-19,Jawa Barat,Cabai Rawit Hijau,54243
2018-10-22,Jawa Barat,Cabai Rawit Hijau,53029
2018-10-23,Jawa Barat,Cabai Rawit Hijau,52670
2018-10-24,Jawa Barat,Cabai Rawit Hijau,52245
2018-10-25,Jawa Barat,Cabai Rawit Hijau,52740
2018-10-26,Jawa Barat,Cabai Rawit Hijau,52846
2018-10-29,Jawa Barat,Cabai Rawit Hijau,52977
2018-10-30,Jawa Barat,Cabai Rawit Hijau,52444
2018-10-31,Jawa Barat,Cabai Rawit Hijau,53386
2018-11-01,Jawa Barat,Cabai Rawit Hijau,53514
2018-11-02,Jawa Barat,Cabai Rawit Hijau,52937
2018-11-05,Jawa Barat,Cabai Rawit Hijau,52410
2018-11-06,Jawa Barat,Cabai Rawit Hijau,52632
2018-11-08,Jawa Barat,Cabai Rawit Hijau,51630
2018-11-09,Jawa Barat,Cabai Rawit Hijau,50912
2018-11-12,Jawa Barat,Cabai Rawit Hijau,51388
2018-11-13,Jawa Barat,Cabai Rawit Hijau,50826
2018-11-14,Jawa Barat,Cabai Rawit Hijau,51865
2018-11-15,Jawa Barat,Cabai Rawit Hijau,52168
2018-11-16,Jawa Barat,Cabai Rawit Hijau,51440
2018-11-19,Jawa Barat,Cabai Rawit Hijau,51836
2018-11-20,Jawa Barat,Cabai Rawit Hijau,52769
2018-11-21,Jawa Barat,Cabai Rawit Hijau,52718
2018-11-22,Jawa Barat,Cabai Rawit Hijau,53760
2018-11-23,Jawa Barat,Cabai Rawit Hijau,54088
2018-11-26,Jawa Barat,Cabai Rawit Hijau,53692
2018-11-27,Jawa Barat,Cabai Rawit Hijau,55227
2018-11-28,Jawa Barat,Cabai Rawit Hijau,54288
2018-11-29,Jawa Barat,Cabai Rawit Hijau,54066
2018-11-30,Jawa Barat,Cabai Rawit Hijau,54043
2018-12-03,Jawa Barat,Cabai Rawit Hijau,55425
2018-12-04,Jawa Barat,Cabai Rawit Hijau,55961
2018-12-05,Jawa Barat,Cabai Rawit Hijau,56370
2018-12-06,Jawa Barat,Cabai Rawit Hijau,55853
2018-12-07,Jawa Barat,Cabai Rawit Hijau,55773
2018-12-10,Jawa Barat,Cabai Rawit Hijau,55380
2018-12-11,Jawa Barat,Cabai Rawit Hijau,55759
2018-12-12,Jawa Barat,Cabai Rawit Hijau,56623
2018-12-13,Jawa Barat,Cabai Rawit Hijau,58457
2018-12-14,Jawa Barat,Cabai Rawit Hijau,58122
2018-12-17,Jawa Barat,Cabai Rawit Hijau,57116
2018-12-19,Jawa Barat,Cabai Rawit Hijau,57658
2018-12-20,Jawa Barat,Cabai Rawit Hijau,57047
2018-12-21,Jawa Barat,Cabai Rawit Hijau,57049
2018-12-24,Jawa Barat,Cabai Rawit Hijau,57475
2018-12-25,Jawa Barat,Cabai Rawit Hijau,57160
2018-12-27,Jawa Barat,Cabai Rawit Hijau,56656
2018-12-28,Jawa Barat,Cabai Rawit Hijau,57592
2018-12-31,Jawa Barat,Cabai Rawit Hijau,57422
2019-01-01,Jawa Barat,Cabai Rawit Hijau,57569
2019-01-02,Jawa Barat,Cabai Rawit Hijau,56305
2019-01-03,Jawa Barat,Cabai Rawit Hijau,55554
2019-01-04,Jawa Barat,Cabai Rawit Hijau,56273
2019-01-07,Jawa Barat,Cabai Rawit Hijau,55955
2019-01-08,Jawa Barat,Cabai Rawit Hijau,55330
2019-01-09,Jawa Barat,Cabai Rawit Hijau,54324
2019-01-10,Jawa Barat,Cabai Rawit Hijau,55206
2019-01-11,Jawa Barat,Cabai Rawit Hijau,55707
2019-01-14,Jawa Barat,Cabai Rawit Hijau,56162
2019-01-15,Jawa Barat,Cabai Rawit Hijau,57388
2019-01-16,Jawa Barat,Cabai Rawit Hijau,57154
2019-01-17,Jawa Barat,Cabai Rawit Hijau,56172
2019-01-21,Jawa Barat,Cabai Rawit Hijau,57611
2019-01-22,Jawa Barat,Cabai Rawit Hijau,57670
2019-01-23,Jawa Barat,Cabai Rawit Hijau,58542
2019-01-24,Jawa Barat,Cabai Rawit Hijau,57560
2019-01-25,Jawa Barat,Cabai Rawit Hijau,57019
2019-01-28,Jawa Barat,Cabai Rawit Hijau,57707
2019-01-29,Jawa Barat,Cabai Rawit Hijau,57841
2019-01-30,Jawa Barat,Cabai Rawit Hijau,57772
2019-01-31,Jawa Barat,Cabai Rawit Hijau,58633
2019-02-01,Jawa Barat,Cabai Rawit Hijau,59329
2019-02-04,Jawa Barat,Cabai Rawit Hijau,59487
2019-02-05,Jawa Barat,Cabai Rawit Hijau,57731
2019-02-06,Jawa Barat,Cabai Rawit Hijau,57745
2019-02-07,Jawa Barat,Cabai Rawit Hijau,58073
2019-02-08,Jawa Barat,Cabai Rawit Hijau,56814
2019-02-11,Jawa Barat,Cabai Rawit Hijau,57112
2019-02-12,Jawa Barat,Cabai Rawit Hijau,58001
2019-02-13,Jawa Barat,Cabai Rawit Hijau,58013
2019-02-14,Jawa Barat,Cabai Rawit Hijau,57289
2019-02-15,Jawa Barat,Cabai Rawit Hijau,55668
2019-02-18,Jawa Barat,Cabai Rawit Hijau,55974
2019-02-19,Jawa Barat,Cabai Rawit Hijau,54833
2019-02-20,Jawa Barat,Cabai Rawit Hijau,55274
2019-02-21,Jawa Barat,Cabai Rawit Hijau,56601
2019-02-22,Jawa Barat,Cabai Rawit Hijau,55079
2019-02-25,Jawa Barat,Cabai Rawit Hijau,54591
2019-02-26,Jawa Barat,Cabai Rawit Hijau,54446
2019-02-27,Jawa Barat,Cabai Rawit Hijau,55804
2019-02-28,Jawa Barat,Cabai Rawit Hijau,55900
2019-03-01,Jawa Barat,Cabai Rawit Hijau,55591
2019-03-04,Jawa Barat,Cabai Rawit Hijau,56337
2019-03-05,Jawa Barat,Cabai Rawit Hijau,56063
2019-03-06,Jawa Barat,Cabai Rawit Hijau,55522
2019-03-07,Jawa Barat,Cabai Rawit Hijau,55956
2019-03-08,Jawa Barat,Cabai Rawit Hijau,56772
2019-03-11,Jawa Barat,Cabai Rawit Hijau,54989
2019-03-12,Jawa Barat,Cabai Rawit Hijau,54453
2019-03-13,Jawa Barat,Cabai Rawit Hijau,54605
2019-03-14,Jawa Barat,Cabai Rawit Hijau,54489
2019-03-15,Jawa Barat,Cabai Rawit Hijau,54481
2019-03-18,Jawa Barat,Cabai Rawit Hijau,53807
2019-03-19,Jawa Barat,Cabai Rawit Hijau,54284
2019-03-21,Jawa Barat,Cabai Rawit Hijau,54836
2019-03-22,Jawa Barat,Cabai Rawit Hijau,55321
2019-03-25,Jawa Barat,Cabai Rawit Hijau,56045
2019-03-26,Jawa Barat,Cabai Rawit Hijau,56196
2019-03-27,Jawa Barat,Cabai Rawit Hijau,56661
2019-03-28,Jawa Barat,Cabai Rawit Hijau,56169
2019-03-29,Jawa Barat,Cabai Rawit Hijau,57263
2019-04-01,Jawa Barat,Cabai Rawit Hijau,58105
2019-04-02,Jawa Barat,Cabai Rawit Hijau,59055
2019-04-03,Jawa Barat,Cabai Rawit Hijau,58208
2019-04-04,Jawa Barat,Cabai Rawit Hijau,58586
2019-04-05,Jawa Barat,Cabai Rawit Hijau,58128
2019-04-08,Jawa Barat,Cabai Rawit Hijau,59337
2019-04-09,Jawa Barat,Cabai Rawit Hijau,58758
2019-04-10,Jawa Barat,Cabai Rawit Hijau,58947
2019-04-11,Jawa Barat,Cabai Rawit Hijau,57487
2019-04-12,Jawa Barat,Cabai Rawit Hijau,57668
2019-04-15,Jawa Barat,Cabai Rawit Hijau,56849
2019-04-16,Jawa Barat,Cabai Rawit Hijau,57257
2019-04-17,Jawa Barat,Cabai Rawit Hijau,57157
2019-04-18,Jawa Barat,Cabai Rawit Hijau,56899
2019-04-19,Jawa Barat,Cabai Rawit Hijau,58104
2019-04-22,Jawa Barat,Cabai Rawit Hijau,59834
2019-04-23,Jawa Barat,Cabai Rawit Hijau,58778
2019-04-24,Jawa Barat,Cabai Rawit Hijau,58536
2019-04-25,Jawa Barat,Cabai Rawit Hijau,59180
2019-04-26,Jawa Barat,Cabai Rawit Hijau,59470
2019-04-29,Jawa Barat,Cabai Rawit Hijau,60078
2019-04-30,Jawa Barat,Cabai Rawit Hijau,60026
2019-05-01,Jawa Barat,Cabai Rawit Hijau,60945
2019-05-02,Jawa Barat,Cabai Rawit Hijau,61106
2019-05-03,Jawa Barat,Cabai Rawit Hijau,61454
2019-05-06,Jawa Barat,Cabai Rawit Hijau,60581
2019-05-07,Jawa Barat,Cabai Rawit Hijau,60660
2019-05-08,Jawa Barat,Cabai Rawit Hijau,61336
2019-05-09,Jawa Barat,Cabai Rawit Hijau,61592
2019-05-10,Jawa Barat,Cabai Rawit Hijau,63210
2019-05-13,Jawa Barat,Cabai Rawit Hijau,63328
2019-05-14,Jawa Barat,Cabai Rawit Hijau,63741
2019-05-15,Jawa Barat,Cabai Rawit Hijau,63905
2019-05-16,Jawa Barat,Cabai Rawit Hijau,63877
2019-05-17,Jawa Barat,Cabai Rawit Hijau,64617
2019-05-20,Jawa Barat,Cabai Rawit Hijau,64532
2019-05-22,Jawa Barat,Cabai Rawit Hijau,64871
2019-05-23,Jawa Barat,Cabai Rawit Hijau,64387
2019-05-24,Jawa Barat,Cabai Rawit Hijau,63216
2019-05-27,Jawa Barat,Cabai Rawit Hijau,63731
2019-05-28,Jawa Barat,Cabai Rawit Hijau,65161
2019-05-29,Jawa Barat,Cabai Rawit Hijau,65714
2019-05-30,Jawa Barat,Cabai Rawit Hijau,66908
2019-05-31,Jawa Barat,Cabai Rawit Hijau,66168
2019-06-04,Jawa Barat,Cabai Rawit Hijau,64920
2019-06-05,Jawa Barat,Cabai Rawit Hijau,65841
2019-06-06,Jawa Barat,Cabai Rawit Hijau,66318
2019-06-07,Jawa Barat,Cabai Rawit Hijau,66864
2019-06-10,Jawa Barat,Cabai Rawit Hijau,66988
2019-06-11,Jawa Barat,Cabai Rawit Hijau,66725
2019-06-12,Jawa Barat,Cabai Rawit Hijau,66888
2019-06-13,Jawa Barat,Cabai Rawit Hijau,66771
2019-06-14,Jawa Barat,Cabai Rawit Hijau,66451
2019-06-17,Jawa Barat,Cabai Rawit Hijau,66801
2019-06-18,Jawa Barat,Cabai Rawit Hijau,66603
2019-06-19,Jawa Barat,Cabai Rawit Hijau,66852
2019-06-20,Jawa Barat,Cabai Rawit Hijau,65271
2019-06-21,Jawa Barat,Cabai Rawit Hijau,65443
2019-06-24,Jawa Barat,Cabai Rawit Hijau,65244
2019-06-25,Jawa Barat,Cabai Rawit Hijau,66483
2019-06-26,Jawa Barat,Cabai Rawit Hijau,65241
2019-06-27,Jawa Barat,Cabai Rawit Hijau,65350
2019-06-28,Jawa Barat,Cabai Rawit Hijau,66090
2019-07-01,Jawa Barat,Cabai Rawit Hijau,66006
2019-07-02,Jawa Barat,Cabai Rawit Hijau,65778
2019-07-03,Jawa Barat,Cabai Rawit Hijau,66520
2019-07-04,Jawa Barat,Cabai Rawit Hijau,66979
2019-07-05,Jawa Barat,Cabai Rawit Hijau,67508
2019-07-08,Jawa Barat,Cabai Rawit Hijau,67187
2019-07-09,Jawa Barat,Cabai Rawit Hijau,66763
2019-07-10,Jawa Barat,Cabai Rawit Hijau,67013
2019-07-11,Jawa Barat,Cabai Rawit Hijau,67847
2019-07-12,Jawa Barat,Cabai Rawit Hijau,66738
2019-07-15,Jawa Barat,Cabai Rawit Hijau,66683
2019-07-16,Jawa Barat,Cabai Rawit Hijau,66298
2019-07-17,Jawa Barat,Cabai Rawit Hijau,66342
2019-07-18,Jawa Barat,Cabai Rawit Hijau,67004
2019-07-19,Jawa Barat,Cabai Rawit Hijau,66335
2019-07-22,Jawa Barat,Cabai Rawit Hijau,66892
2019-07-23,Jawa Barat,Cabai Rawit Hijau,66600
2019-07-24,Jawa Barat,Cabai Rawit Hijau,67575
2019-07-25,Jawa Barat,Cabai Rawit Hijau,66947
2019-07-26,Jawa Barat,Cabai Rawit Hijau,67766
2019-07-29,Jawa Barat,Cabai Rawit Hijau,66736
2019-07-30,Jawa Barat,Cabai Rawit Hijau,66927
2019-08-01,Jawa Barat,Cabai Rawit Hijau,66901
2019-08-02,Jawa Barat,Cabai Rawit Hijau,65125
2019-08-05,Jawa Barat,Cabai Rawit Hijau,64774
2019-08-06,Jawa Barat,Cabai Rawit Hijau,64827
2019-08-07,Jawa Barat,Cabai Rawit Hijau,64599
2019-08-08,Jawa Barat,Cabai Rawit Hijau,64178
2019-08-09,Jawa Barat,Cabai Rawit Hijau,64916
2019-08-12,Jawa Barat,Cabai Rawit Hijau,65962
2019-08-13,Jawa Barat,Cabai Rawit Hijau,66966
2019-08-14,Jawa Barat,Cabai Rawit Hijau,67391
2019-08-15,Jawa Barat,Cabai Rawit Hijau,67937
2019-08-16,Jawa Barat,Cabai Rawit Hijau,67192
2019-08-19,Jawa Barat,Cabai Rawit Hijau,67167
2019-08-20,Jawa Barat,Cabai Rawit Hijau,67290
2019-08-21,Jawa Barat,Cabai Rawit Hijau,67574
2019-08-22,Jawa Barat,Cabai Rawit Hijau,67843
2019-08-26,Jawa Barat,Cabai Rawit Hijau,68320
2019-08-27,Jawa Barat,Cabai Rawit Hijau,68553
2019-08-28,Jawa Barat,Cabai Rawit Hijau,68785
2019-08-29,Jawa Barat,Cabai Rawit Hijau,68219
2019-08-30,Jawa Barat,Cabai Rawit Hijau,67287
2019-09-02,Jawa Barat,Cabai Rawit Hijau,67575
2019-09-03,Jawa Barat,Cabai Rawit Hijau,67247
2019-09-04,Jawa Barat,Cabai Rawit Hijau,66730
2019-09-05,Jawa Barat,Cabai Rawit Hijau,67333
2019-09-06,Jawa Barat,Cabai Rawit Hijau,67316
2019-09-09,Jawa Barat,Cabai Rawit Hijau,68544
2019-09-10,Jawa Barat,Cabai Rawit Hijau,69062
2019-09-12,Jawa Barat,Cabai Rawit Hijau,69074
2019-09-13,Jawa Barat,Cabai Rawit Hijau,69457
2019-09-16,Jawa Barat,Cabai Rawit Hijau,68805
2019-09-17,Jawa Barat,Cabai Rawit Hijau,68369
2019-09-18,Jawa Barat,Cabai Rawit Hijau,68954
2019-09-19,Jawa Barat,Cabai Rawit Hijau,67508
2019-09-20,Jawa Barat,Cabai Rawit Hijau,65810
2019-09-23,Jawa Barat,Cabai Rawit Hijau,65984
2019-09-24,Jawa Barat,Cabai Rawit Hijau,66096
2019-09-25,Jawa Barat,Cabai Rawit Hijau,66345
2019-09-26,Jawa Barat,Cabai Rawit Hijau,66460
2019-09-27,Jawa Barat,Cabai Rawit Hijau,66859
2019-09-30,Jawa Barat,Cabai Rawit Hijau,67950
2019-10-01,Jawa Barat,Cabai Rawit Hijau,67989
2019-10-02,Jawa Barat,Cabai Rawit Hijau,66817
2019-10-03,Jawa Barat,Cabai Rawit Hijau,65331
2019-10-04,Jawa Barat,Cabai Rawit Hijau,65081
2019-10-07,Jawa Barat,Cabai Rawit Hijau,64853
2019-10-08,Jawa Barat,Cabai Rawit Hijau,63850
2019-10-09,Jawa Barat,Cabai Rawit Hijau,62122
2019-10-10,Jawa Barat,Cabai Rawit Hijau,61829
2019-10-11,Jawa Barat,Cabai Rawit Hijau,63212
2019-10-14,Jawa Barat,Cabai Rawit Hijau,63558
2019-10-16,Jawa Barat,Cabai Rawit Hijau,63728
2019-10-17,Jawa Barat,Cabai Rawit Hijau,63484
2019-10-18,Jawa Barat,Cabai Rawit Hijau,63914
2019-10-21,Jawa Barat,Cabai Rawit Hijau,63007
2019-10-22,Jawa Barat,Cabai Rawit Hijau,64669
2019-10-23,Jawa Barat,Cabai Rawit Hijau,63804
2019-10-24,Jawa Barat,Cabai Rawit Hijau,64312
2019-10-25,Jawa Barat,Cabai Rawit Hijau,63518
2019-10-28,Jawa Barat,Cabai Rawit Hijau,63648
2019-10-29,Jawa Barat,Cabai Rawit Hijau,64245
2019-10-30,Jawa Barat,Cabai Rawit Hijau,63000
2019-10-31,Jawa Barat,Cabai Rawit Hijau,62299
2019-11-04,Jawa Barat,Cabai Rawit Hijau,61477
2019-11-05,Jawa Barat,Cabai Rawit Hijau,61698
2019-11-06,Jawa Barat,Cabai Rawit Hijau,63098
2019-11-07,Jawa Barat,Cabai Rawit Hijau,62692
2019-11-08,Jawa Barat,Cabai Rawit Hijau,64049
2019-11-12,Jawa Barat,Cabai Rawit Hijau,63485
2019-11-13,Jawa Barat,Cabai Rawit Hijau,63385
2019-11-14,Jawa Barat,Cabai Rawit Hijau,62305
2019-11-15,Jawa Barat,Cabai Rawit Hijau,62067
2019-11-18,Jawa Barat,Cabai Rawit Hijau,61779
2019-11-19,Jawa Barat,Cabai Rawit Hijau,61918
2019-11-20,Jawa Barat,Cabai Rawit Hijau,62414
2019-11-21,Jawa Barat,Cabai Rawit Hijau,62375
2019-11-22,Jawa Barat,Cabai Rawit Hijau,61595
2019-11-25,Jawa Barat,Cabai Rawit Hijau,63377
2019-11-26,Jawa Barat,Cabai Rawit Hijau,64528
2019-11-27,Jawa Barat,Cabai Rawit Hijau,66059
2019-11-28,Jawa Barat,Cabai Rawit Hijau,65937
2019-11-29,Jawa Barat,Cabai Rawit Hijau,66229
2019-12-02,Jawa Barat,Cabai Rawit Hijau,66061
2019-12-03,Jawa Barat,Cabai Rawit Hijau,66217
2019-12-04,Jawa Barat,Cabai Rawit Hijau,66417
2019-12-05,Jawa Barat,Cabai Rawit Hijau,65402
2019-12-06,Jawa Barat,Cabai Rawit Hijau,65167
2019-12-09,Jawa Barat,Cabai Rawit Hijau,66045
2019-12-10,Jawa Barat,Cabai Rawit Hijau,66850
2019-12-11,Jawa Barat,Cabai Rawit Hijau,66596
2019-12-12,Jawa Barat,Cabai Rawit Hijau,66814
2019-12-16,Jawa Barat,Cabai Rawit Hijau,67188
2019-12-17,Jawa Barat,Cabai Rawit Hijau,65880
2019-12-18,Jawa Barat,Cabai Rawit Hijau,66328
2019-12-19,Jawa Barat,Cabai Rawit Hijau,67601
2019-12-20,Jawa Barat,Cabai Rawit Hijau,67036
2019-12-23,Jawa Barat,Cabai Rawit Hijau,68179
2019-12-24,Jawa Barat,Cabai Rawit Hijau,68446
2019-12-25,Jawa Barat,Cabai Rawit Hijau,68401
2019-12-26,Jawa Barat,Cabai Rawit Hijau,68134
2019-12-27,Jawa Barat,Cabai Rawit Hijau,69332
2019-12-30,Jawa Barat,Cabai Rawit Hijau,69133
2019-12-31,Jawa Barat,Cabai Rawit Hijau,70615
2020-01-01,Jawa Barat,Cabai Rawit Hijau,71998
2020-01-02,Jawa Barat,Cabai Rawit Hijau,71592
2020-01-03,Jawa Barat,Cabai Rawit Hijau,71451
2020-01-06,Jawa Barat,Cabai Rawit Hijau,69821
2020-01-08,Jawa Barat,Cabai Rawit Hijau,69895
2020-01-09,Jawa Barat,Cabai Rawit Hijau,70940
2020-01-10,Jawa Barat,Cabai Rawit Hijau,72389
2020-01-13,Jawa Barat,Cabai Rawit Hijau,73097
2020-01-14,Jawa Barat,Cabai Rawit Hijau,74103
2020-01-15,Jawa Barat,Cabai Rawit Hijau,73956
2020-01-16,Jawa Barat,Cabai Rawit Hijau,72877
2020-01-17,Jawa Barat,Cabai Rawit Hijau,73160
2020-01-20,Jawa Barat,Cabai Rawit Hijau,74237
2020-01-21,Jawa Barat,Cabai Rawit Hijau,71893
2020-01-22,Jawa Barat,Cabai Rawit Hijau,72029
2020-01-23,Jawa Barat,Cabai Rawit Hijau,70488
2020-01-24,Jawa Barat,Cabai Rawit Hijau,69832
2020-01-27,Jawa Barat,Cabai Rawit Hijau,69999
2020-01-28,Jawa Barat,Cabai Rawit Hijau,71446
2020-01-29,Jawa Barat,Cabai Rawit Hijau,71489
2020-01-30,Jawa Barat,Cabai Rawit Hijau,72124
2020-02-03,Jawa Barat,Cabai Rawit Hijau,71772
2020-02-04,Jawa Barat,Cabai Rawit Hijau,72221
2020-02-05,Jawa Barat,Cabai Rawit Hijau,71145
2020-02-06,Jawa Barat,Cabai Rawit Hijau,71174
2020-02-07,Jawa Barat,Cabai Rawit Hijau,72405
2020-02-10,Jawa Barat,Cabai Rawit Hijau,72605
2020-02-11,Jawa Barat,Cabai Rawit Hijau,72878
2020-02-12,Jawa Barat,Cabai Rawit Hijau,72599
2020-02-13,Jawa Barat,Cabai Rawit Hijau,71241
2020-02-17,Jawa Barat,Cabai Rawit Hijau,71881
2020-02-19,Jawa Barat,Cabai Rawit Hijau,71238
2020-02-20,Jawa Barat,Cabai Rawit Hijau,69674
2020-02-21,Jawa Barat,Cabai Rawit Hijau,69065
2020-02-24,Jawa Barat,Cabai Rawit Hijau,68904
2020-02-25,Jawa Barat,Cabai Rawit Hijau,68803
2020-02-26,Jawa Barat,Cabai Rawit Hijau,68714
2020-02-27,Jawa Barat,Cabai Rawit Hijau,68747
2020-02-28,Jawa Barat,Cabai Rawit Hijau,69147
2020-03-02,Jawa Barat,Cabai Rawit Hijau,68825
2020-03-03,Jawa Barat,Cabai Rawit Hijau,68044
2020-03-04,Jawa Barat,Cabai Rawit Hijau,68542
2020-03-05,Jawa Barat,Cabai Rawit Hijau,69352
2020-03-06,Jawa Barat,Cabai Rawit Hijau,68894
2020-03-09,Jawa Barat,Cabai Rawit Hijau,70719
2020-03-10,Jawa Barat,Cabai Rawit Hijau,72121
2020-03-11,Jawa Barat,Cabai Rawit Hijau,71150
2020-03-12,Jawa Barat,Cabai Rawit Hijau,69642
2020-03-13,Jawa Barat,Cabai Rawit Hijau,69516
2020-03-16,Jawa Barat,Cabai Rawit Hijau,69784
2020-03-17,Jawa Barat,Cabai Rawit Hijau,71615
2020-03-18,Jawa Barat,Cabai Rawit Hijau,73454
2020-03-19,Jawa Barat,Cabai Rawit Hijau,74108
2020-03-20,Jawa Barat,Cabai Rawit Hijau,73781
2020-03-23,Jawa Barat,Cabai Rawit Hijau,74932
2020-03-24,Jawa Barat,Cabai Rawit Hijau,75081
2020-03-25,Jawa Barat,Cabai Rawit Hijau,73884
2020-03-26,Jawa Barat,Cabai Rawit Hijau,72737
2020-03-27,Jawa Barat,Cabai Rawit Hijau,72422
2020-03-30,Jawa Barat,Cabai Rawit Hijau,73370
2020-03-31,Jawa Barat,Cabai Rawit Hijau,72451
2020-04-01,Jawa Barat,Cabai Rawit Hijau,72135
2020-04-02,Jawa Barat,Cabai Rawit Hijau,73555
2020-04-03,Jawa Barat,Cabai Rawit Hijau,73950
2020-04-06,Jawa Barat,Cabai Rawit Hijau,75710
2020-04-07,Jawa Barat,Cabai Rawit Hijau,76232
2020-04-08,Jawa Barat,Cabai Rawit Hijau,77269
2020-04-09,Jawa Barat,Cabai Rawit Hijau,76952
2020-04-10,Jawa Barat,Cabai Rawit Hijau,78547
2020-04-13,Jawa Barat,Cabai Rawit Hijau,79280
2020-04-14,Jawa Barat,Cabai Rawit Hijau,79196
2020-04-15,Jawa Barat,Cabai Rawit Hijau,80596
2020-04-16,Jawa Barat,Cabai Rawit Hijau,81298
2020-04-17,Jawa Barat,Cabai Rawit Hijau,81313
2020-04-20,Jawa Barat,Cabai Rawit Hijau,81906
2020-04-21,Jawa Barat,Cabai Rawit Hijau,81061
2020-04-22,Jawa Barat,Cabai Rawit Hijau,82330
2020-04-23,Jawa Barat,Cabai Rawit Hijau,84467
2020-04-24,Jawa Barat,Cabai Rawit Hijau,82845
2020-04-27,Jawa Barat,Cabai Rawit Hijau,82287
2020-04-29,Jawa Barat,Cabai Rawit Hijau,82481
2020-04-30,Jawa Barat,Cabai Rawit Hijau,82743
2020-05-01,Jawa Barat,Cabai Rawit Hijau,82332
2020-05-04,Jawa Barat,Cabai Rawit Hijau,82073
2020-05-05,Jawa Barat,Cabai Rawit Hijau,81573
2020-05-06,Jawa Barat,Cabai Rawit Hijau,82260
2020-05-07,Jawa Barat,Cabai Rawit Hijau,82503
2020-05-08,Jawa Barat,Cabai Rawit Hijau,82194
2020-05-11,Jawa Barat,Cabai Rawit Hijau,81711
2020-05-12,Jawa Barat,Cabai Rawit Hijau,83178
2020-05-13,Jawa Barat,Cabai Rawit Hijau,84448
2020-05-14,Jawa Barat,Cabai Rawit Hijau,85172
2020-05-15,Jawa Barat,Cabai Rawit Hijau,86337
2020-05-18,Jawa Barat,Cabai Rawit Hijau,84971
2020-05-19,Jawa Barat,Cabai Rawit Hijau,83897
2020-05-20,Jawa Barat,Cabai Rawit Hijau,82733
2020-05-21,Jawa Barat,Cabai Rawit Hijau,82780
2020-05-22,Jawa Barat,Cabai Rawit Hijau,83952
2020-05-25,Jawa Barat,Cabai Rawit Hijau,83549
2020-05-26,Jawa Barat,Cabai Rawit Hijau,84897
2020-05-27,Jawa Barat,Cabai Rawit Hijau,84323
2020-05-28,Jawa Barat,Cabai Rawit Hijau,84221
2020-05-29,Jawa Barat,Cabai Rawit Hijau,83806
2020-06-01,Jawa Barat,Cabai Rawit Hijau,83623
2020-06-02,Jawa Barat,Cabai Rawit Hijau,83553
2020-06-03,Jawa Barat,Cabai Rawit Hijau,81755
2020-06-04,Jawa Barat,Cabai Rawit Hijau,82164
2020-06-05,Jawa Barat,Cabai Rawit Hijau,82071
2020-06-08,Jawa Barat,Cabai Rawit Hijau,83770
2020-06-09,Jawa Barat,Cabai Rawit Hijau,84431
2020-06-10,Jawa Barat,Cabai Rawit Hijau,84804
2020-06-11,Jawa Barat,Cabai Rawit Hijau,86480
2020-06-12,Jawa Barat,Cabai Rawit Hijau,88050
2020-06-15,Jawa Barat,Cabai Rawit Hijau,89934
2020-06-16,Jawa Barat,Cabai Rawit Hijau,89391
2020-06-18,Jawa Barat,Cabai Rawit Hijau,86234
2020-06-19,Jawa Barat,Cabai Rawit Hijau,87397
2020-06-22,Jawa Barat,Cabai Rawit Hijau,85371
2020-06-23,Jawa Barat,Cabai Rawit Hijau,85640
2020-06-24,Jawa Barat,Cabai Rawit Hijau,86612
2020-06-25,Jawa Barat,Cabai Rawit Hijau,85027
2020-06-26,Jawa Barat,Cabai Rawit Hijau,84033
2020-06-29,Jawa Barat,Cabai Rawit Hijau,85340
2020-06-30,Jawa Barat,Cabai Rawit Hijau,85921
2020-07-01,Jawa Barat,Cabai Rawit Hijau,87250
2020-07-03,Jawa Barat,Cabai Rawit Hijau,86552
2020-07-06,Jawa Barat,Cabai Rawit Hijau,86098
2020-07-07,Jawa Barat,Cabai Rawit Hijau,87133
2020-07-08,Jawa Barat,Cabai Rawit Hijau,85453
2020-07-09,Jawa Barat,Cabai Rawit Hijau,84920
2020-07-10,Jawa Barat,Cabai Rawit Hijau,84246
2020-07-13,Jawa Barat,Cabai Rawit Hijau,84189
2020-07-14,Jawa Barat,Cabai Rawit Hijau,84892
2020-07-15,Jawa Barat,Cabai Rawit Hijau,86173
2020-07-16,Jawa Barat,Cabai Rawit Hijau,84746
2020-07-17,Jawa Barat,Cabai Rawit Hijau,83846
2020-07-20,Jawa Barat,Cabai Rawit Hijau,82563
2020-07-21,Jawa Barat,Cabai Rawit Hijau,82548
2020-07-22,Jawa Barat,Cabai Rawit Hijau,81394
2020-07-23,Jawa Barat,Cabai Rawit Hijau,81792
2020-07-24,Jawa Barat,Cabai Rawit Hijau,80767
2020-07-27,Jawa Barat,Cabai Rawit Hijau,82145
2020-07-28,Jawa Barat,Cabai Rawit Hijau,80413
2020-07-29,Jawa Barat,Cabai Rawit Hijau,79592
2020-07-30,Jawa Barat,Cabai Rawit Hijau,81308
2020-07-31,Jawa Barat,Cabai Rawit Hijau,81535
2020-08-03,Jawa Barat,Cabai Rawit Hijau,81044
2020-08-04,Jawa Barat,Cabai Rawit Hijau,83949
2020-08-05,Jawa Barat,Cabai Rawit Hijau,83681
2020-08-06,Jawa Barat,Cabai Rawit Hijau,84334
2020-08-07,Jawa Barat,Cabai Rawit Hijau,83516
2020-08-10,Jawa Barat,Cabai Rawit Hijau,82530
2020-08-11,Jawa Barat,Cabai Rawit Hijau,83240
2020-08-12,Jawa Barat,Cabai Rawit Hijau,85155
2020-08-13,Jawa Barat,Cabai Rawit Hijau,84686
2020-08-14,Jawa Barat,Cabai Rawit Hijau,83614
2020-08-17,Jawa Barat,Cabai Rawit Hijau,84721
2020-08-19,Jawa Barat,Cabai Rawit Hijau,84692
2020-08-20,Jawa Barat,Cabai Rawit Hijau,84195
2020-08-21,Jawa Barat,Cabai Rawit Hijau,83866
2020-08-24,Jawa Barat,Cabai Rawit Hijau,82971
2020-08-25,Jawa Barat,Cabai Rawit Hijau,83716
2020-08-26,Jawa Barat,Cabai Rawit Hijau,84173
2020-08-27,Jawa Barat,Cabai Rawit Hijau,84594
2020-08-28,Jawa Barat,Cabai Rawit Hijau,83873
2020-08-31,Jawa Barat,Cabai Rawit Hijau,84233
2020-09-01,Jawa Barat,Cabai Rawit Hijau,86353
2020-09-02,Jawa Barat,Cabai Rawit Hijau,85266
2020-09-03,Jawa Barat,Cabai Rawit Hijau,84446
2020-09-04,Jawa Barat,Cabai Rawit Hijau,83687
2020-09-07,Jawa Barat,Cabai Rawit Hijau,83825
2020-09-08,Jawa Barat,Cabai Rawit Hijau,82699
2020-09-09,Jawa Barat,Cabai Rawit Hijau,83263
2020-09-10,Jawa Barat,Cabai Rawit Hijau,81410
2020-09-11,Jawa Barat,Cabai Rawit Hijau,82275
2020-09-14,Jawa Barat,Cabai Rawit Hijau,82666
2020-09-15,Jawa Barat,Cabai Rawit Hijau,84714
2020-09-17,Jawa Barat,Cabai Rawit Hijau,84849
2020-09-18,Jawa Barat,Cabai Rawit Hijau,84756
2020-09-21,Jawa Barat,Cabai Rawit Hijau,84450
2020-09-22,Jawa Barat,Cabai Rawit Hijau,83385
2020-09-23,Jawa Barat,Cabai Rawit Hijau,82910
2020-09-24,Jawa Barat,Cabai Rawit Hijau,82483
2020-09-25,Jawa Barat,Cabai Rawit Hijau,80979
2020-09-28,Jawa Barat,Cabai Rawit Hijau,81353
2020-09-29,Jawa Barat,Cabai Rawit Hijau,81587
2020-09-30,Jawa Barat,Cabai Rawit Hijau,82219
2020-10-01,Jawa Barat,Cabai Rawit Hijau,81620
2020-10-02,Jawa Barat,Cabai Rawit Hijau,82530
2020-10-05,Jawa Barat,Cabai Rawit Hijau,84005
2020-10-06,Jawa Barat,Cabai Rawit Hijau,83778
2020-10-07,Jawa Barat,Cabai Rawit Hijau,82788
2020-10-08,Jawa Barat,Cabai Rawit Hijau,82870
2020-10-09,Jawa Barat,Cabai Rawit Hijau,82902
2020-10-12,Jawa Barat,Cabai Rawit Hijau,82732
2020-10-13,Jawa Barat,Cabai Rawit Hijau,83376
2020-10-14,Jawa Barat,Cabai Rawit Hijau,83024
2020-10-15,Jawa Barat,Cabai Rawit Hijau,81967
2020-10-16,Jawa Barat,Cabai Rawit Hijau,82143
2020-10-19,Jawa Barat,Cabai Rawit Hijau,82836
2020-10-21,Jawa Barat,Cabai Rawit Hijau,83208
2020-10-23,Jawa Barat,Cabai Rawit Hijau,85064
2020-10-26,Jawa Barat,Cabai Rawit Hijau,86608
2020-10-27,Jawa Barat,Cabai Rawit Hijau,87841
2020-10-28,Jawa Barat,Cabai Rawit Hijau,86179
2020-10-29,Jawa Barat,Cabai Rawit Hijau,85825
2020-10-30,Jawa Barat,Cabai Rawit Hijau,87297
2020-11-02,Jawa Barat,Cabai Rawit Hijau,85640
2020-11-04,Jawa Barat,Cabai Rawit Hijau,84945
2020-11-05,Jawa Barat,Cabai Rawit Hijau,85304
2020-11-06,Jawa Barat,Cabai Rawit Hijau,83092
2020-11-09,Jawa Barat,Cabai Rawit Hijau,84394
2020-11-10,Jawa Barat,Cabai Rawit Hijau,84391
2020-11-11,Jawa Barat,Cabai Rawit Hijau,83253
2020-11-12,Jawa Barat,Cabai Rawit Hijau,82490
2020-11-13,Jawa Barat,Cabai Rawit Hijau,82876
2020-11-16,Jawa Barat,Cabai Rawit Hijau,82041
2020-11-17,Jawa Barat,Cabai Rawit Hijau,83885
2020-11-18,Jawa Barat,Cabai Rawit Hijau,83757
2020-11-20,Jawa Barat,Cabai Rawit Hijau,85571
2020-11-23,Jawa Barat,Cabai Rawit Hijau,86339
2020-11-24,Jawa Barat,Cabai Rawit Hijau,87042
2020-11-25,Jawa Barat,Cabai Rawit Hijau,86517
2020-11-30,Jawa Barat,Cabai Rawit Hijau,85135
2020-12-01,Jawa Barat,Cabai Rawit Hijau,84911
2020-12-02,Jawa Barat,Cabai Rawit Hijau,83626
2020-12-03,Jawa Barat,Cabai Rawit Hijau,83174
2020-12-04,Jawa Barat,Cabai Rawit Hijau,83137
2020-12-07,Jawa Barat,Cabai Rawit Hijau,82182
2020-12-08,Jawa Barat,Cabai Rawit Hijau,82769
2020-12-09,Jawa Barat,Cabai Rawit Hijau,82344
2020-12-10,Jawa Barat,Cabai Rawit Hijau,81071
2020-12-11,Jawa Barat,Cabai Rawit Hijau,80155
2020-12-14,Jawa Barat,Cabai Rawit Hijau,80265
2020-12-15,Jawa Barat,Cabai Rawit Hijau,80010
2020-12-16,Jawa Barat,Cabai Rawit Hijau,80308
2020-12-17,Jawa Barat,Cabai Rawit Hijau,80425
2020-12-18,Jawa Barat,Cabai Rawit Hijau,79431
2020-12-21,Jawa Barat,Cabai Rawit Hijau,78814
2020-12-22,Jawa Barat,Cabai Rawit Hijau,79684
2020-12-23,Jawa Barat,Cabai Rawit Hijau,78847
2020-12-24,Jawa Barat,Cabai Rawit Hijau,80410
2020-12-25,Jawa Barat,Cabai Rawit Hijau,78970
2020-12-28,Jawa Barat,Cabai Rawit Hijau,79805
2020-12-29,Jawa Barat,Cabai Rawit Hijau,79700
2020-12-30,Jawa Barat,Cabai Rawit Hijau,78720
2020-12-31,Jawa Barat,Cabai Rawit Hijau,78800
2021-01-01,Jawa Barat,Cabai Rawit Hijau,78002
2021-01-04,Jawa Barat,Cabai Rawit Hijau,77455
2021-01-05,Jawa Barat,Cabai Rawit Hijau,77080
2021-01-06,Jawa Barat,Cabai Rawit Hijau,77809
2021-01-07,Jawa Barat,Cabai Rawit Hijau,77192
2021-01-08,Jawa Barat,Cabai Rawit Hijau,77418
2021-01-11,Jawa Barat,Cabai Rawit Hijau,78192
2021-01-12,Jawa Barat,Cabai Rawit Hijau,78244
2021-01-13,Jawa Barat,Cabai Rawit Hijau,78624
2021-01-14,Jawa Barat,Cabai Rawit Hijau,78584
2021-01-15,Jawa Barat,Cabai Rawit Hijau,79122
2021-01-18,Jawa Barat,Cabai Rawit Hijau,77874
2021-01-19,Jawa Barat,Cabai Rawit Hijau,79308
2021-01-20,Jawa Barat,Cabai Rawit Hijau,77453
2021-01-21,Jawa Barat,Cabai Rawit Hijau,76781
2021-01-22,Jawa Barat,Cabai Rawit Hijau,76689
2021-01-25,Jawa Barat,Cabai Rawit Hijau,74897
2021-01-26,Jawa Barat,Cabai Rawit Hijau,74415
2021-01-27,Jawa Barat,Cabai Rawit Hijau,74672
2021-01-28,Jawa Barat,Cabai Rawit Hijau,76199
2021-01-29,Jawa Barat,Cabai Rawit Hijau,76768
2021-02-01,Jawa Barat,Cabai Rawit Hijau,76344
2021-02-02,Jawa Barat,Cabai Rawit Hijau,74908
2021-02-03,Jawa Barat,Cabai Rawit Hijau,76152
2021-02-04,Jawa Barat,Cabai Rawit Hijau,75689
2021-02-05,Jawa Barat,Cabai Rawit Hijau,75948
2021-02-08,Jawa Barat,Cabai Rawit Hijau,75531
2021-02-09,Jawa Barat,Cabai Rawit Hijau,75909
2021-02-10,Jawa Barat,Cabai Rawit Hijau,77119
2021-02-11,Jawa Barat,Cabai Rawit Hijau,77836
2021-02-12,Jawa Barat,Cabai Rawit Hijau,77571
2021-02-15,Jawa Barat,Cabai Rawit Hijau,78888
2021-02-16,Jawa Barat,Cabai Rawit Hijau,80765
2021-02-17,Jawa Barat,Cabai Rawit Hijau,81790
2021-02-18,Jawa Barat,Cabai Rawit Hijau,81371
2021-02-19,Jawa Barat,Cabai Rawit Hijau,82234
2021-02-22,Jawa Barat,Cabai Rawit Hijau,83265
2021-02-23,Jawa Barat,Cabai Rawit Hijau,83001
2021-02-24,Jawa Barat,Cabai Rawit Hijau,84975
2021-02-25,Jawa Barat,Cabai Rawit Hijau,86272
2021-02-26,Jawa Barat,Cabai Rawit Hijau,86052
2021-03-01,Jawa Barat,Cabai Rawit Hijau,85610
2021-03-02,Jawa Barat,Cabai Rawit Hijau,86656
2021-03-03,Jawa Barat,Cabai Rawit Hijau,89084
2021-03-04,Jawa Barat,Cabai Rawit Hijau,87746
2021-03-05,Jawa Barat,Cabai Rawit Hijau,88241
2021-03-08,Jawa Barat,Cabai Rawit Hijau,89154
2021-03-09,Jawa Barat,Cabai Rawit Hijau,90563
2021-03-10,Jawa Barat,Cabai Rawit Hijau,91513
2021-03-11,Jawa Barat,Cabai Rawit Hijau,90970
2021-03-12,Jawa Barat,Cabai Rawit Hijau,89490
2021-03-15,Jawa Barat,Cabai Rawit Hijau,89147
2021-03-16,Jawa Barat,Cabai Rawit Hijau,90040
2021-03-17,Jawa Barat,Cabai Rawit Hijau,89391
2021-03-18,Jawa Barat,Cabai Rawit Hijau,91007
2021-03-19,Jawa Barat,Cabai Rawit Hijau,90862
2021-03-22,Jawa Barat,Cabai Rawit Hijau,90139
2021-03-23,Jawa Barat,Cabai Rawit Hijau,87814
2021-03-24,Jawa Barat,Cabai Rawit Hijau,88438
2021-03-25,Jawa Barat,Cabai Rawit Hijau,88183
2021-03-26,Jawa Barat,Cabai Rawit Hijau,87701
2021-03-29,Jawa Barat,Cabai Rawit Hijau,89972
2021-03-30,Jawa Barat,Cabai Rawit Hijau,89316
2021-03-31,Jawa Barat,Cabai Rawit Hijau,88935
2021-04-01,Jawa Barat,Cabai Rawit Hijau,89584
2021-04-02,Jawa Barat,Cabai Rawit Hijau,91183
2021-04-05,Jawa Barat,Cabai Rawit Hijau,91730
2021-04-06,Jawa Barat,Cabai Rawit Hijau,91851
2021-04-09,Jawa Barat,Cabai Rawit Hijau,93502
2021-04-12,Jawa Barat,Cabai Rawit Hijau,92837
2021-04-13,Jawa Barat,Cabai Rawit Hijau,93316
2021-04-14,Jawa Barat,Cabai Rawit Hijau,92318
2021-04-15,Jawa Barat,Cabai Rawit Hijau,91055
2021-04-16,Jawa Barat,Cabai Rawit Hijau,90664
2021-04-19,Jawa Barat,Cabai Rawit Hijau,88913
2021-04-20,Jawa Barat,Cabai Rawit Hijau,89218
2021-04-21,Jawa Barat,Cabai Rawit Hijau,89682
2021-04-22,Jawa Barat,Cabai Rawit Hijau,90348
2021-04-23,Jawa Barat,Cabai Rawit Hijau,91361
2021-04-26,Jawa Barat,Cabai Rawit Hijau,90999
2021-04-27,Jawa Barat,Cabai Rawit Hijau,92461
2021-04-28,Jawa Barat,Cabai Rawit Hijau,93808
2021-04-29,Jawa Barat,Cabai Rawit Hijau,92654
2021-04-30,Jawa Barat,Cabai Rawit Hijau,92609
2021-05-03,Jawa Barat,Cabai Rawit Hijau,90056
2021-05-04,Jawa Barat,Cabai Rawit Hijau,91521
2021-05-05,Jawa Barat,Cabai Rawit Hijau,92525
2021-05-06,Jawa Barat,Cabai Rawit Hijau,94338
2021-05-07,Jawa Barat,Cabai Rawit Hijau,92640
2021-05-10,Jawa Barat,Cabai Rawit Hijau,93231
2021-05-11,Jawa Barat,Cabai Rawit Hijau,92640
2021-05-12,Jawa Barat,Cabai Rawit Hijau,90458
2021-05-13,Jawa Barat,Cabai Rawit Hijau,91635
2021-05-14,Jawa Barat,Cabai Rawit Hijau,90278
2021-05-17,Jawa Barat,Cabai Rawit Hijau,90696
2021-05-19,Jawa Barat,Cabai Rawit Hijau,90318
2021-05-20,Jawa Barat,Cabai Rawit Hijau,91349
2021-05-21,Jawa Barat,Cabai Rawit Hijau,91564
2021-05-24,Jawa Barat,Cabai Rawit Hijau,94406
2021-05-25,Jawa Barat,Cabai Rawit Hijau,93374
2021-05-26,Jawa Barat,Cabai Rawit Hijau,95830
2021-05-27,Jawa Barat,Cabai Rawit Hijau,95467
2021-05-28,Jawa Barat,Cabai Rawit Hijau,94630
2021-05-31,Jawa Barat,Cabai Rawit Hijau,94548
2021-06-01,Jawa Barat,Cabai Rawit Hijau,92871
2021-06-02,Jawa Barat,Cabai Rawit Hijau,92151
2021-06-03,Jawa Barat,Cabai Rawit Hijau,91870
2021-06-04,Jawa Barat,Cabai Rawit Hijau,92179
2021-06-07,Jawa Barat,Cabai Rawit Hijau,92254
2021-06-08,Jawa Barat,Cabai Rawit Hijau,92845
2021-06-09,Jawa Barat,Cabai Rawit Hijau,92811
2021-06-10,Jawa Barat,Cabai Rawit Hijau,94147
2021-06-11,Jawa Barat,Cabai Rawit Hijau,94962
2021-06-14,Jawa Barat,Cabai Rawit Hijau,95471
2021-06-15,Jawa Barat,Cabai Rawit Hijau,97070
2021-06-16,Jawa Barat,Cabai Rawit Hijau,98695
2021-06-17,Jawa Barat,Cabai Rawit Hijau,98865
2021-06-18,Jawa Barat,Cabai Rawit Hijau,98432
2021-06-21,Jawa Barat,Cabai Rawit Hijau,98716
2021-06-22,Jawa Barat,Cabai Rawit Hijau,98574
2021-06-23,Jawa Barat,Cabai Rawit Hijau,98095
2021-06-24,Jawa Barat,Cabai Rawit Hijau,98329
2021-06-25,Jawa Barat,Cabai Rawit Hijau,98816
2021-06-28,Jawa Barat,Cabai Rawit Hijau,99606
2021-06-29,Jawa Barat,Cabai Rawit Hijau,101506
2021-06-30,Jawa Barat,Cabai Rawit Hijau,101873
2021-07-01,Jawa Barat,Cabai Rawit Hijau,101864
2021-07-02,Jawa Barat,Cabai Rawit Hijau,103152
2021-07-05,Jawa Barat,Cabai Rawit Hijau,102139
2021-07-06,Jawa Barat,Cabai Rawit Hijau,99721
2021-07-07,Jawa Barat,Cabai Rawit Hijau,97806
2021-07-08,Jawa Barat,Cabai Rawit Hijau,98411
2021-07-09,Jawa Barat,Cabai Rawit Hijau,98034
2021-07-12,Jawa Barat,Cabai Rawit Hijau,97747
2021-07-13,Jawa Barat,Cabai Rawit Hijau,96760
2021-07-14,Jawa Barat,Cabai Rawit Hijau,98254
2021-07-15,Jawa Barat,Cabai Rawit Hijau,96409
2021-07-16,Jawa Barat,Cabai Rawit Hijau,97132
2021-07-19,Jawa Barat,Cabai Rawit Hijau,97140
2021-07-20,Jawa Barat,Cabai Rawit Hijau,99085
2021-07-21,Jawa Barat,Cabai Rawit Hijau,100345
2021-07-22,Jawa Barat,Cabai Rawit Hijau,99017
2021-07-23,Jawa Barat,Cabai Rawit Hijau,99875
2021-07-26,Jawa Barat,Cabai Rawit Hijau,100454
2021-07-27,Jawa Barat,Cabai Rawit Hijau,100370
2021-07-28,Jawa Barat,Cabai Rawit Hijau,101132
2021-07-29,Jawa Barat,Cabai Rawit Hijau,100346
2021-07-30,Jawa Barat,Cabai Rawit Hijau,100478
2021-08-02,Jawa Barat,Cabai Rawit Hijau,100508
2021-08-03,Jawa Barat,Cabai Rawit Hijau,99553
2021-08-04,Jawa Barat,Cabai Rawit Hijau,99174
2021-08-05,Jawa Barat,Cabai Rawit Hijau,98592
2021-08-06,Jawa Barat,Cabai Rawit Hijau,99080
2021-08-09,Jawa Barat,Cabai Rawit Hijau,100694
2021-08-10,Jawa Barat,Cabai Rawit Hijau,99111
2021-08-11,Jawa Barat,Cabai Rawit Hijau,99640
2021-08-12,Jawa Barat,Cabai Rawit Hijau,99012
2021-08-13,Jawa Barat,Cabai Rawit Hijau,100182
2021-08-16,Jawa Barat,Cabai Rawit Hijau,100701
2021-08-17,Jawa Barat,Cabai Rawit Hijau,98847
2021-08-18,Jawa Barat,Cabai Rawit Hijau,99084
2021-08-19,Jawa Barat,Cabai Rawit Hijau,98935
2021-08-20,Jawa Barat,Cabai Rawit Hijau,97489
2021-08-23,Jawa Barat,Cabai Rawit Hijau,96890
2021-08-24,Jawa Barat,Cabai Rawit Hijau,97067
2021-08-25,Jawa Barat,Cabai Rawit Hijau,96503
2021-08-26,Jawa Barat,Cabai Rawit Hijau,97797
2021-08-27,Jawa Barat,Cabai Rawit Hijau,97640
2021-08-30,Jawa Barat,Cabai Rawit Hijau,96957
2021-08-31,Jawa Barat,Cabai Rawit Hijau,97202
2021-09-01,Jawa Barat,Cabai Rawit Hijau,97605
2021-09-02,Jawa Barat,Cabai Rawit Hijau,98771
2021-09-03,Jawa Barat,Cabai Rawit Hijau,98851
2021-09-06,Jawa Barat,Cabai Rawit Hijau,94038
2021-09-07,Jawa Barat,Cabai Rawit Hijau,94379
2021-09-08,Jawa Barat,Cabai Rawit Hijau,94016
2021-09-09,Jawa Barat,Cabai Rawit Hijau,95935
2021-09-10,Jawa Barat,Cabai Rawit Hijau,96424
2021-09-13,Jawa Barat,Cabai Rawit Hijau,96628
2021-09-14,Jawa Barat,Cabai Rawit Hijau,96067
2021-09-15,Jawa Barat,Cabai Rawit Hijau,97386
2021-09-16,Jawa Barat,Cabai Rawit Hijau,95487
2021-09-17,Jawa Barat,Cabai Rawit Hijau,95735
2021-09-20,Jawa Barat,Cabai Rawit Hijau,93847
2021-09-21,Jawa Barat,Cabai Rawit Hijau,93132
2021-09-22,Jawa Barat,Cabai Rawit Hijau,94112
2021-09-23,Jawa Barat,Cabai Rawit Hijau,94515
2021-09-24,Jawa Barat,Cabai Rawit Hijau,94732
2021-09-27,Jawa Barat,Cabai Rawit Hijau,93586
2021-09-28,Jawa Barat,Cabai Rawit Hijau,93525
2021-09-29,Jawa Barat,Cabai Rawit Hijau,93973
2021-09-30,Jawa Barat,Cabai Rawit Hijau,95096
2021-10-01,Jawa Barat,Cabai Rawit Hijau,95707
2021-10-04,Jawa Barat,Cabai Rawit Hijau,96714
2021-10-05,Jawa Barat,Cabai Rawit Hijau,95113
2021-10-06,Jawa Barat,Cabai Rawit Hijau,95304
2021-10-07,Jawa Barat,Cabai Rawit Hijau,96496
2021-10-08,Jawa Barat,Cabai Rawit Hijau,93985
2021-10-11,Jawa Barat,Cabai Rawit Hijau,93740
2021-10-12,Jawa Barat,Cabai Rawit Hijau,94200
2021-10-13,Jawa Barat,Cabai Rawit Hijau,95553
2021-10-14,Jawa Barat,Cabai Rawit Hijau,95692
2021-10-15,Jawa Barat,Cabai Rawit Hijau,95695
2021-10-19,Jawa Barat,Cabai Rawit Hijau,96539
2021-10-20,Jawa Barat,Cabai Rawit Hijau,95553
2021-10-21,Jawa Barat,Cabai Rawit Hijau,94996
2021-10-22,Jawa Barat,Cabai Rawit Hijau,92978
2021-10-25,Jawa Barat,Cabai Rawit Hijau,92270
2021-10-26,Jawa Barat,Cabai Rawit Hijau,91081
2021-10-27,Jawa Barat,Cabai Rawit Hijau,90142
2021-10-28,Jawa Barat,Cabai Rawit Hijau,92660
2021-10-29,Jawa Barat,Cabai Rawit Hijau,93912
2021-11-01,Jawa Barat,Cabai Rawit Hijau,92726
2021-11-02,Jawa Barat,Cabai Rawit Hijau,91295
2021-11-03,Jawa Barat,Cabai Rawit Hijau,90661
2021-11-04,Jawa Barat,Cabai Rawit Hijau,89229
2021-11-05,Jawa Barat,Cabai Rawit Hijau,89535
2021-11-08,Jawa Barat,Cabai Rawit Hijau,89821
2021-11-09,Jawa Barat,Cabai Rawit Hijau,88879
2021-11-10,Jawa Barat,Cabai Rawit Hijau,89658
2021-11-11,Jawa Barat,Cabai Rawit Hijau,90445
2021-11-12,Jawa Barat,Cabai Rawit Hijau,89709
2021-11-15,Jawa Barat,Cabai Rawit Hijau,88736
2021-11-16,Jawa Barat,Cabai Rawit Hijau,88302
2021-11-17,Jawa Barat,Cabai Rawit Hijau,88929
2021-11-18,Jawa Barat,Cabai Rawit Hijau,91284
2021-11-19,Jawa Barat,Cabai Rawit Hijau,91903
2021-11-22,Jawa Barat,Cabai Rawit Hijau,90656
2021-11-23,Jawa Barat,Cabai Rawit Hijau,91028
2021-11-24,Jawa Barat,Cabai Rawit Hijau,91163
2021-11-25,Jawa Barat,Cabai Rawit Hijau,91231
2021-11-26,Jawa Barat,Cabai Rawit Hijau,89817
2021-11-29,Jawa Barat,Cabai Rawit Hijau,90182
2021-11-30,Jawa Barat,Cabai Rawit Hijau,90158
2021-12-02,Jawa Barat,Cabai Rawit Hijau,90852
2021-12-03,Jawa Barat,Cabai Rawit Hijau,89477
2021-12-06,Jawa Barat,Cabai Rawit Hijau,89988
2021-12-07,Jawa Barat,Cabai Rawit Hijau,89827
2021-12-08,Jawa Barat,Cabai Rawit Hijau,89445
2021-12-09,Jawa Barat,Cabai Rawit Hijau,90881
2021-12-10,Jawa Barat,Cabai Rawit Hijau,91946
2021-12-13,Jawa Barat,Cabai Rawit Hijau,91787
2021-12-14,Jawa Barat,Cabai Rawit Hijau,90882
2021-12-15,Jawa Barat,Cabai Rawit Hijau,90371
2021-12-16,Jawa Barat,Cabai Rawit Hijau,90061
2021-12-17,Jawa Barat,Cabai Rawit Hijau,91138
2021-12-20,Jawa Barat,Cabai Rawit Hijau,91568
2021-12-21,Jawa Barat,Cabai Rawit Hijau,92706
2021-12-22,Jawa Barat,Cabai Rawit Hijau,91233
2021-12-23,Jawa Barat,Cabai Rawit Hijau,92474
2021-12-24,Jawa Barat,Cabai Rawit Hijau,94153
2021-12-27,Jawa Barat,Cabai Rawit Hijau,93297
2021-12-28,Jawa Barat,Cabai Rawit Hijau,94247
2021-12-29,Jawa Barat,Cabai Rawit Hijau,95838
2021-12-30,Jawa Barat,Cabai Rawit Hijau,95184
2021-12-31,Jawa Barat,Cabai Rawit Hijau,93945
2022-01-03,Jawa Barat,Cabai Rawit Hijau,94216
2022-01-04,Jawa Barat,Cabai Rawit Hijau,92178
2022-01-05,Jawa Barat,Cabai Rawit Hijau,93414
2022-01-06,Jawa Barat,Cabai Rawit Hijau,92428
2022-01-07,Jawa Barat,Cabai Rawit Hijau,92152
2022-01-10,Jawa Barat,Cabai Rawit Hijau,92963
2022-01-11,Jawa Barat,Cabai Rawit Hijau,93613
2022-01-12,Jawa Barat,Cabai Rawit Hijau,94399
2022-01-13,Jawa Barat,Cabai Rawit Hijau,93535
2022-01-14,Jawa Barat,Cabai Rawit Hijau,93907
2022-01-17,Jawa Barat,Cabai Rawit Hijau,94938
2022-01-18,Jawa Barat,Cabai Rawit Hijau,94255
2022-01-19,Jawa Barat,Cabai Rawit Hijau,96441
2022-01-20,Jawa Barat,Cabai Rawit Hijau,96204
2022-01-21,Jawa Barat,Cabai Rawit Hijau,94047
2022-01-24,Jawa Barat,Cabai Rawit Hijau,93811
2022-01-25,Jawa Barat,Cabai Rawit Hijau,95376
2022-01-26,Jawa Barat,Cabai Rawit Hijau,94302
2022-01-27,Jawa Barat,Cabai Rawit Hijau,93156
2022-01-28,Jawa Barat,Cabai Rawit Hijau,93622
2022-01-31,Jawa Barat,Cabai Rawit Hijau,92398
2022-02-01,Jawa Barat,Cabai Rawit Hijau,91147
2022-02-02,Jawa Barat,Cabai Rawit Hijau,90242
2022-02-03,Jawa Barat,Cabai Rawit Hijau,92086
2022-02-07,Jawa Barat,Cabai Rawit Hijau,92749
2022-02-08,Jawa Barat,Cabai Rawit Hijau,91894
2022-02-09,Jawa Barat,Cabai Rawit Hijau,92887
2022-02-10,Jawa Barat,Cabai Rawit Hijau,93604
2022-02-11,Jawa Barat,Cabai Rawit Hijau,95619
2022-02-14,Jawa Barat,Cabai Rawit Hijau,94530
2022-02-15,Jawa Barat,Cabai Rawit Hijau,93319
2022-02-16,Jawa Barat,Cabai Rawit Hijau,91253
2022-02-17,Jawa Barat,Cabai Rawit Hijau,91865
2022-02-18,Jawa Barat,Cabai Rawit Hijau,92151
2022-02-21,Jawa Barat,Cabai Rawit Hijau,91716
2022-02-22,Jawa Barat,Cabai Rawit Hijau,89667
2022-02-23,Jawa Barat,Cabai Rawit Hijau,91318
2022-02-24,Jawa Barat,Cabai Rawit Hijau,91540
2022-02-25,Jawa Barat,Cabai Rawit Hijau,92942
2022-02-28,Jawa Barat,Cabai Rawit Hijau,94494
2022-03-01,Jawa Barat,Cabai Rawit Hijau,95092
2022-03-02,Jawa Barat,Cabai Rawit Hijau,95875
2022-03-03,Jawa Barat,Cabai Rawit Hijau,95149
2022-03-04,Jawa Barat,Cabai Rawit Hijau,95282
2022-03-07,Jawa Barat,Cabai Rawit Hijau,96504
2022-03-08,Jawa Barat,Cabai Rawit Hijau,95548
2022-03-09,Jawa Barat,Cabai Rawit Hijau,96676
2022-03-10,Jawa Barat,Cabai Rawit Hijau,97729
2022-03-11,Jawa Barat,Cabai Rawit Hijau,98758
2022-03-14,Jawa Barat,Cabai Rawit Hijau,98810
2022-03-15,Jawa Barat,Cabai Rawit Hijau,97915
2022-03-16,Jawa Barat,Cabai Rawit Hijau,100177
2022-03-17,Jawa Barat,Cabai Rawit Hijau,101927
2022-03-18,Jawa Barat,Cabai Rawit Hijau,102011
2022-03-21,Jawa Barat,Cabai Rawit Hijau,102330
2022-03-22,Jawa Barat,Cabai Rawit Hijau,101998
2022-03-23,Jawa Barat,Cabai Rawit Hijau,99810
2022-03-24,Jawa Barat,Cabai Rawit Hijau,99704
2022-03-25,Jawa Barat,Cabai Rawit Hijau,100346
2022-03-28,Jawa Barat,Cabai Rawit Hijau,99657
2022-03-29,Jawa Barat,Cabai Rawit Hijau,99272
2022-03-30,Jawa Barat,Cabai Rawit Hijau,98878
2022-03-31,Jawa Barat,Cabai Rawit Hijau,99033
2022-04-01,Jawa Barat,Cabai Rawit Hijau,98761
2022-04-04,Jawa Barat,Cabai Rawit Hijau,97725
2022-04-05,Jawa Barat,Cabai Rawit Hijau,97875
2022-04-06,Jawa Barat,Cabai Rawit Hijau,98438
2022-04-07,Jawa Barat,Cabai Rawit Hijau,98701
2022-04-08,Jawa Barat,Cabai Rawit Hijau,96500
2022-04-11,Jawa Barat,Cabai Rawit Hijau,97285
2022-04-12,Jawa Barat,Cabai Rawit Hijau,95928
2022-04-13,Jawa Barat,Cabai Rawit Hijau,96458
2022-04-14,Jawa Barat,Cabai Rawit Hijau,97047
2022-04-15,Jawa Barat,Cabai Rawit Hijau,95285
2022-04-18,Jawa Barat,Cabai Rawit Hijau,96365
2022-04-19,Jawa Barat,Cabai Rawit Hijau,98575
2022-04-20,Jawa Barat,Cabai Rawit Hijau,98229
2022-04-21,Jawa Barat,Cabai Rawit Hijau,98773
2022-04-25,Jawa Barat,Cabai Rawit Hijau,96834
2022-04-26,Jawa Barat,Cabai Rawit Hijau,98059
2022-04-27,Jawa Barat,Cabai Rawit Hijau,98634
2022-04-28,Jawa Barat,Cabai Rawit Hijau,97813
2022-04-29,Jawa Barat,Cabai Rawit Hijau,96480
2022-05-02,Jawa Barat,Cabai Rawit Hijau,98777
2022-05-03,Jawa Barat,Cabai Rawit Hijau,97147
2022-05-04,Jawa Barat,Cabai Rawit Hijau,97890
2022-05-05,Jawa Barat,Cabai Rawit Hijau,98109
2022-05-06,Jawa Barat,Cabai Rawit Hijau,99075
2022-05-09,Jawa Barat,Cabai Rawit Hijau,100992
2022-05-10,Jawa Barat,Cabai Rawit Hijau,97882
2022-05-11,Jawa Barat,Cabai Rawit Hijau,96668
2022-05-12,Jawa Barat,Cabai Rawit Hijau,96529
2022-05-13,Jawa Barat,Cabai Rawit Hijau,98513
2022-05-16,Jawa Barat,Cabai Rawit Hijau,98013
2022-05-17,Jawa Barat,Cabai Rawit Hijau,97288
2022-05-18,Jawa Barat,Cabai Rawit Hijau,94720
2022-05-19,Jawa Barat,Cabai Rawit Hijau,93911
2022-05-20,Jawa Barat,Cabai Rawit Hijau,94586
2022-05-23,Jawa Barat,Cabai Rawit Hijau,94457
2022-05-24,Jawa Barat,Cabai Rawit Hijau,93624
2022-05-25,Jawa Barat,Cabai Rawit Hijau,95871
2022-05-26,Jawa Barat,Cabai Rawit Hijau,95529
2022-05-27,Jawa Barat,Cabai Rawit Hijau,95679
2022-05-30,Jawa Barat,Cabai Rawit Hijau,94766
2022-05-31,Jawa Barat,Cabai Rawit Hijau,93422
2022-06-01,Jawa Barat,Cabai Rawit Hijau,94257
2022-06-02,Jawa Barat,Cabai Rawit Hijau,92348
2022-06-03,Jawa Barat,Cabai Rawit Hijau,92905
2022-06-06,Jawa Barat,Cabai Rawit Hijau,89742
2022-06-07,Jawa Barat,Cabai Rawit Hijau,90113
2022-06-08,Jawa Barat,Cabai Rawit Hijau,88933
2022-06-09,Jawa Barat,Cabai Rawit Hijau,87970
2022-06-10,Jawa Barat,Cabai Rawit Hijau,87664
2022-06-13,Jawa Barat,Cabai Rawit Hijau,86343
2022-06-14,Jawa Barat,Cabai Rawit Hijau,84352
2022-06-15,Jawa Barat,Cabai Rawit Hijau,84161
2022-06-16,Jawa Barat,Cabai Rawit Hijau,84971
2022-06-17,Jawa Barat,Cabai Rawit Hijau,85216
2022-06-20,Jawa Barat,Cabai Rawit Hijau,86437
2022-06-21,Jawa Barat,Cabai Rawit Hijau,84552
2022-06-22,Jawa Barat,Cabai Rawit Hijau,84130
2022-06-23,Jawa Barat,Cabai Rawit Hijau,84167
2022-06-24,Jawa Barat,Cabai Rawit Hijau,83256
2022-06-27,Jawa Barat,Cabai Rawit Hijau,83338
2022-06-28,Jawa Barat,Cabai Rawit Hijau,84465
2022-06-29,Jawa Barat,Cabai Rawit Hijau,85007
2022-06-30,Jawa Barat,Cabai Rawit Hijau,86328
2022-07-01,Jawa Barat,Cabai Rawit Hijau,86640
2022-07-04,Jawa Barat,Cabai Rawit Hijau,86527
2022-07-05,Jawa Barat,Cabai Rawit Hijau,88216
2022-07-06,Jawa Barat,Cabai Rawit Hijau,88347
2022-07-07,Jawa Barat,Cabai Rawit Hijau,90360
2022-07-08,Jawa Barat,Cabai Rawit Hijau,91412
2022-07-11,Jawa Barat,Cabai Rawit Hijau,90646
2022-07-12,Jawa Barat,Cabai Rawit Hijau,90415
2022-07-13,Jawa Barat,Cabai Rawit Hijau,92168
2022-07-14,Jawa Barat,Cabai Rawit Hijau,93489
2022-07-15,Jawa Barat,Cabai Rawit Hijau,94370
2022-07-18,Jawa Barat,Cabai Rawit Hijau,95116
2022-07-19,Jawa Barat,Cabai Rawit Hijau,93582
2022-07-20,Jawa Barat,Cabai Rawit Hijau,92301
2022-07-21,Jawa Barat,Cabai Rawit Hijau,92576
2022-07-22,Jawa Barat,Cabai Rawit Hijau,95104
2022-07-25,Jawa Barat,Cabai Rawit Hijau,94097
2022-07-26,Jawa Barat,Cabai Rawit Hijau,93779
2022-07-27,Jawa Barat,Cabai Rawit Hijau,93381
2022-07-28,Jawa Barat,Cabai Rawit Hijau,94055
2022-07-29,Jawa Barat,Cabai Rawit Hijau,94382
2022-08-01,Jawa Barat,Cabai Rawit Hijau,95628
2022-08-02,Jawa Barat,Cabai Rawit Hijau,95983
2022-08-03,Jawa Barat,Cabai Rawit Hijau,96245
2022-08-04,Jawa Barat,Cabai Rawit Hijau,96245
2022-08-05,Jawa Barat,Cabai Rawit Hijau,97721
2022-08-08,Jawa Barat,Cabai Rawit Hijau,97734
2022-08-09,Jawa Barat,Cabai Rawit Hijau,96881
2022-08-10,Jawa Barat,Cabai Rawit Hijau,97710
2022-08-11,Jawa Barat,Cabai Rawit Hijau,97571
2022-08-12,Jawa Barat,Cabai Rawit Hijau,98690
2022-08-15,Jawa Barat,Cabai Rawit Hijau,95308
2022-08-16,Jawa Barat,Cabai Rawit Hijau,96917
2022-08-17,Jawa Barat,Cabai Rawit Hijau,96673
2022-08-18,Jawa Barat,Cabai Rawit Hijau,98254
2022-08-19,Jawa Barat,Cabai Rawit Hijau,99417
2022-08-22,Jawa Barat,Cabai Rawit Hijau,98745
2022-08-23,Jawa Barat,Cabai Rawit Hijau,97721
2022-08-24,Jawa Barat,Cabai Rawit Hijau,96616
2022-08-25,Jawa Barat,Cabai Rawit Hijau,95268
2022-08-26,Jawa Barat,Cabai Rawit Hijau,96686
2022-08-29,Jawa Barat,Cabai Rawit Hijau,96459
2022-08-30,Jawa Barat,Cabai Rawit Hijau,98551
2022-08-31,Jawa Barat,Cabai Rawit Hijau,97743
2022-09-01,Jawa Barat,Cabai Rawit Hijau,97150
2022-09-02,Jawa Barat,Cabai Rawit Hijau,97790
2022-09-05,Jawa Barat,Cabai Rawit Hijau,99829
2022-09-06,Jawa Barat,Cabai Rawit Hijau,99171
2022-09-07,Jawa Barat,Cabai Rawit Hijau,100184
2022-09-08,Jawa Barat,Cabai Rawit Hijau,100192
2022-09-09,Jawa Barat,Cabai Rawit Hijau,100867
2022-09-12,Jawa Barat,Cabai Rawit Hijau,99886
2022-09-13,Jawa Barat,Cabai Rawit Hijau,100762
2022-09-15,Jawa Barat,Cabai Rawit Hijau,99871
2022-09-16,Jawa Barat,Cabai Rawit Hijau,99829
2022-09-19,Jawa Barat,Cabai Rawit Hijau,100583
2022-09-20,Jawa Barat,Cabai Rawit Hijau,100383
2022-09-21,Jawa Barat,Cabai Rawit Hijau,99839
2022-09-26,Jawa Barat,Cabai Rawit Hijau,100135
2022-09-27,Jawa Barat,Cabai Rawit Hijau,99668
2022-09-28,Jawa Barat,Cabai Rawit Hijau,99174
2022-09-29,Jawa Barat,Cabai Rawit Hijau,98219
2022-09-30,Jawa Barat,Cabai Rawit Hijau,98935
2022-10-03,Jawa Barat,Cabai Rawit Hijau,99108
2022-10-04,Jawa Barat,Cabai Rawit Hijau,100620
2022-10-05,Jawa Barat,Cabai Rawit Hijau,101963
2022-10-06,Jawa Barat,Cabai Rawit Hijau,102266
2022-10-07,Jawa Barat,Cabai Rawit Hijau,102145
2022-10-10,Jawa Barat,Cabai Rawit Hijau,102157
2022-10-11,Jawa Barat,Cabai Rawit Hijau,101397
2022-10-12,Jawa Barat,Cabai Rawit Hijau,100432
2022-10-13,Jawa Barat,Cabai Rawit Hijau,99314
2022-10-14,Jawa Barat,Cabai Rawit Hijau,99094
2022-10-17,Jawa Barat,Cabai Rawit Hijau,96168
2022-10-18,Jawa Barat,Cabai Rawit Hijau,98114
2022-10-19,Jawa Barat,Cabai Rawit Hijau,100525
2022-10-20,Jawa Barat,Cabai Rawit Hijau,99282
2022-10-21,Jawa Barat,Cabai Rawit Hijau,101696
2022-10-24,Jawa Barat,Cabai Rawit Hijau,100454
2022-10-25,Jawa Barat,Cabai Rawit Hijau,100473
2022-10-26,Jawa Barat,Cabai Rawit Hijau,100968
2022-10-27,Jawa Barat,Cabai Rawit Hijau,101095
2022-10-31,Jawa Barat,Cabai Rawit Hijau,99704
2022-11-01,Jawa Barat,Cabai Rawit Hijau,100738
2022-11-02,Jawa Barat,Cabai Rawit Hijau,102318
2022-11-03,Jawa Barat,Cabai Rawit Hijau,100168
2022-11-04,Jawa Barat,Cabai Rawit Hijau,100490
2022-11-07,Jawa Barat,Cabai Rawit Hijau,101259
2022-11-08,Jawa Barat,Cabai Rawit Hijau,101494
2022-11-09,Jawa Barat,Cabai Rawit Hijau,99811
2022-11-10,Jawa Barat,Cabai Rawit Hijau,100468
2022-11-11,Jawa Barat,Cabai Rawit Hijau,101840
2022-11-14,Jawa Barat,Cabai Rawit Hijau,100841
2022-11-15,Jawa Barat,Cabai Rawit Hijau,100159
2022-11-16,Jawa Barat,Cabai Rawit Hijau,100415
2022-11-17,Jawa Barat,Cabai Rawit Hijau,100329
2022-11-18,Jawa Barat,Cabai Rawit Hijau,99658
2022-11-21,Jawa Barat,Cabai Rawit Hijau,98238
2022-11-22,Jawa Barat,Cabai Rawit Hijau,97677
2022-11-23,Jawa Barat,Cabai Rawit Hijau,95220
2022-11-24,Jawa Barat,Cabai Rawit Hijau,95971
2022-11-25,Jawa Barat,Cabai Rawit Hijau,95152
2022-11-28,Jawa Barat,Cabai Rawit Hijau,96103
2022-11-29,Jawa Barat,Cabai Rawit Hijau,95840
2022-11-30,Jawa Barat,Cabai Rawit Hijau,96012
2022-12-01,Jawa Barat,Cabai Rawit Hijau,94167
2022-12-02,Jawa Barat,Cabai Rawit Hijau,95003
2022-12-05,Jawa Barat,Cabai Rawit Hijau,98164
2022-12-06,Jawa Barat,Cabai Rawit Hijau,97714
2022-12-07,Jawa Barat,Cabai Rawit Hijau,97866
2022-12-08,Jawa Barat,Cabai Rawit Hijau,98172
2022-12-09,Jawa Barat,Cabai Rawit Hijau,96632
2022-12-12,Jawa Barat,Cabai Rawit Hijau,95392
2022-12-13,Jawa Barat,Cabai Rawit Hijau,96047
2022-12-14,Jawa Barat,Cabai Rawit Hijau,95105
2022-12-15,Jawa Barat,Cabai Rawit Hijau,94835
2022-12-16,Jawa Barat,Cabai Rawit Hijau,95008
2022-12-19,Jawa Barat,Cabai Rawit Hijau,95706
2022-12-20,Jawa Barat,Cabai Rawit Hijau,95497
2022-12-21,Jawa Barat,Cabai Rawit Hijau,95319
2022-12-22,Jawa Barat,Cabai Rawit Hijau,98212
2022-12-23,Jawa Barat,Cabai Rawit Hijau,99406
2022-12-26,Jawa Barat,Cabai Rawit Hijau,98983
2022-12-27,Jawa Barat,Cabai Rawit Hijau,98813
2022-12-28,Jawa Barat,Cabai Rawit Hijau,101117
2022-12-29,Jawa Barat,Cabai Rawit Hijau,101865
2022-12-30,Jawa Barat,Cabai Rawit Hijau,103287
2023-01-02,Jawa Barat,Cabai Rawit Hijau,102816
2023-01-03,Jawa Barat,Cabai Rawit Hijau,102202
2023-01-04,Jawa Barat,Cabai Rawit Hijau,104170
2023-01-05,Jawa Barat,Cabai Rawit Hijau,104086
2023-01-06,Jawa Barat,Cabai Rawit Hijau,103982
2023-01-09,Jawa Barat,Cabai Rawit Hijau,103426
2023-01-10,Jawa Barat,Cabai Rawit Hijau,104810
2023-01-11,Jawa Barat,Cabai Rawit Hijau,106362
2023-01-12,Jawa Barat,Cabai Rawit Hijau,106625
2023-01-16,Jawa Barat,Cabai Rawit Hijau,104478
2023-01-17,Jawa Barat,Cabai Rawit Hijau,106183
2023-01-18,Jawa Barat,Cabai Rawit Hijau,106477
2023-01-19,Jawa Barat,Cabai Rawit Hijau,107918
2023-01-20,Jawa Barat,Cabai Rawit Hijau,108466
2023-01-23,Jawa Barat,Cabai Rawit Hijau,107156
2023-01-24,Jawa Barat,Cabai Rawit Hijau,107850
2023-01-25,Jawa Barat,Cabai Rawit Hijau,107794
2023-01-26,Jawa Barat,Cabai Rawit Hijau,107108
2023-01-27,Jawa Barat,Cabai Rawit Hijau,106534
2023-01-30,Jawa Barat,Cabai Rawit Hijau,107936
2023-01-31,Jawa Barat,Cabai Rawit Hijau,108281
2023-02-01,Jawa Barat,Cabai Rawit Hijau,108529
2023-02-02,Jawa Barat,Cabai Rawit Hijau,110784
2023-02-03,Jawa Barat,Cabai Rawit Hijau,109859
2023-02-06,Jawa Barat,Cabai Rawit Hijau,109737
2023-02-08,Jawa Barat,Cabai Rawit Hijau,109603
2023-02-09,Jawa Barat,Cabai Rawit Hijau,109878
2023-02-10,Jawa Barat,Cabai Rawit Hijau,109404
2023-02-13,Jawa Barat,Cabai Rawit Hijau,109090
2023-02-14,Jawa Barat,Cabai Rawit Hijau,110368
2023-02-15,Jawa Barat,Cabai Rawit Hijau,88832
2023-02-16,Jawa Barat,Cabai Rawit Hijau,88233
2023-02-17,Jawa Barat,Cabai Rawit Hijau,91238
2023-02-20,Jawa Barat,Cabai Rawit Hijau,89780
2023-02-21,Jawa Barat,Cabai Rawit Hijau,88656
2023-02-22,Jawa Barat,Cabai Rawit Hijau,88354
2023-02-23,Jawa Barat,Cabai Rawit Hijau,87561
2023-02-24,Jawa Barat,Cabai Rawit Hijau,86653
2023-02-27,Jawa Barat,Cabai Rawit Hijau,87940
2023-03-01,Jawa Barat,Cabai Rawit Hijau,88633
2023-03-02,Jawa Barat,Cabai Rawit Hijau,88074
2023-03-03,Jawa Barat,Cabai Rawit Hijau,87012
2023-03-06,Jawa Barat,Cabai Rawit Hijau,85918
2023-03-07,Jawa Barat,Cabai Rawit Hijau,87188
2023-03-08,Jawa Barat,Cabai Rawit Hijau,88424
2023-03-09,Jawa Barat,Cabai Rawit Hijau,88148
2023-03-10,Jawa Barat,Cabai Rawit Hijau,86661
2023-03-13,Jawa Barat,Cabai Rawit Hijau,87338
2023-03-14,Jawa Barat,Cabai Rawit Hijau,87069
2023-03-15,Jawa Barat,Cabai Rawit Hijau,88142
2023-03-16,Jawa Barat,Cabai Rawit Hijau,87018
2023-03-20,Jawa Barat,Cabai Rawit Hijau,85915
2023-03-21,Jawa Barat,Cabai Rawit Hijau,85170
2023-03-22,Jawa Barat,Cabai Rawit Hijau,84409
2023-03-23,Jawa Barat,Cabai Rawit Hijau,84129
2023-03-24,Jawa Barat,Cabai Rawit Hijau,85475
2023-03-27,Jawa Barat,Cabai Rawit Hijau,85623
2023-03-28,Jawa Barat,Cabai Rawit Hijau,86474
2023-03-29,Jawa Barat,Cabai Rawit Hijau,86557
2023-03-30,Jawa Barat,Cabai Rawit Hijau,86126
2023-03-31,Jawa Barat,Cabai Rawit Hijau,84088
2023-04-03,Jawa Barat,Cabai Rawit Hijau,83064
2023-04-04,Jawa Barat,Cabai Rawit Hijau,83065
2023-04-05,Jawa Barat,Cabai Rawit Hijau,83240
2023-04-06,Jawa Barat,Cabai Rawit Hijau,84269
2023-04-07,Jawa Barat,Cabai Rawit Hijau,82613
2023-04-10,Jawa Barat,Cabai Rawit Hijau,84869
2023-04-11,Jawa Barat,Cabai Rawit Hijau,82850
2023-04-12,Jawa Barat,Cabai Rawit Hijau,82785
2023-04-13,Jawa Barat,Cabai Rawit Hijau,82194
2023-04-14,Jawa Barat,Cabai Rawit Hijau,81210
2023-04-17,Jawa Barat,Cabai Rawit Hijau,82817
2023-04-18,Jawa Barat,Cabai Rawit Hijau,82264
2023-04-19,Jawa Barat,Cabai Rawit Hijau,80583
2023-04-20,Jawa Barat,Cabai Rawit Hijau,79348
2023-04-21,Jawa Barat,Cabai Rawit Hijau,80464
2023-04-24,Jawa Barat,Cabai Rawit Hijau,79273
2023-04-25,Jawa Barat,Cabai Rawit Hijau,77879
2023-04-26,Jawa Barat,Cabai Rawit Hijau,78062
2023-04-27,Jawa Barat,Cabai Rawit Hijau,77797
2023-04-28,Jawa Barat,Cabai Rawit Hijau,78242
2023-05-01,Jawa Barat,Cabai Rawit Hijau,77857
2023-05-02,Jawa Barat,Cabai Rawit Hijau,78567
2023-05-03,Jawa Barat,Cabai Rawit Hijau,77280
2023-05-04,Jawa Barat,Cabai Rawit Hijau,75855
2023-05-05,Jawa Barat,Cabai Rawit Hijau,76120
2023-05-08,Jawa Barat,Cabai Rawit Hijau,75863
2023-05-10,Jawa Barat,Cabai Rawit Hijau,76030
2023-05-11,Jawa Barat,Cabai Rawit Hijau,78289
2023-05-12,Jawa Barat,Cabai Rawit Hijau,76866
2023-05-15,Jawa Barat,Cabai Rawit Hijau,78137
2023-05-16,Jawa Barat,Cabai Rawit Hijau,78792
2023-05-17,Jawa Barat,Cabai Rawit Hijau,78313
2023-05-18,Jawa Barat,Cabai Rawit Hijau,79954
2023-05-19,Jawa Barat,Cabai Rawit Hijau,78734
2023-05-22,Jawa Barat,Cabai Rawit Hijau,79148
2023-05-23,Jawa Barat,Cabai Rawit Hijau,78960
2023-05-24,Jawa Barat,Cabai Rawit Hijau,78480
2023-05-25,Jawa Barat,Cabai Rawit Hijau,77400
2023-05-29,Jawa Barat,Cabai Rawit Hijau,79713
2023-05-30,Jawa Barat,Cabai Rawit Hijau,77495
2023-05-31,Jawa Barat,Cabai Rawit Hijau,78314
2023-06-01,Jawa Barat,Cabai Rawit Hijau,78636
2023-06-02,Jawa Barat,Cabai Rawit Hijau,78356
2023-06-05,Jawa Barat,Cabai Rawit Hijau,77988
2023-06-06,Jawa Barat,Cabai Rawit Hijau,77907
2023-06-07,Jawa Barat,Cabai Rawit Hijau,78739
2023-06-08,Jawa Barat,Cabai Rawit Hijau,79077
2023-06-09,Jawa Barat,Cabai Rawit Hijau,79582
2023-06-12,Jawa Barat,Cabai Rawit Hijau,80089
2023-06-13,Jawa Barat,Cabai Rawit Hijau,80996
2023-06-14,Jawa Barat,Cabai Rawit Hijau,82230
2023-06-15,Jawa Barat,Cabai Rawit Hijau,81537
2023-06-16,Jawa Barat,Cabai Rawit Hijau,81727
2023-06-19,Jawa Barat,Cabai Rawit Hijau,79822
2023-06-20,Jawa Barat,Cabai Rawit Hijau,80983
2023-06-21,Jawa Barat,Cabai Rawit Hijau,80293
2023-06-22,Jawa Barat,Cabai Rawit Hijau,81719
2023-06-23,Jawa Barat,Cabai Rawit Hijau,81015
2023-06-26,Jawa Barat,Cabai Rawit Hijau,81401
2023-06-27,Jawa Barat,Cabai Rawit Hijau,81130
2023-06-28,Jawa Barat,Cabai Rawit Hijau,80696
2023-06-29,Jawa Barat,Cabai Rawit Hijau,81157
2023-07-03,Jawa Barat,Cabai Rawit Hijau,82105
2023-07-04,Jawa Barat,Cabai Rawit Hijau,83475
2023-07-05,Jawa Barat,Cabai Rawit Hijau,82720
2023-07-06,Jawa Barat,Cabai Rawit Hijau,84008
2023-07-07,Jawa Barat,Cabai Rawit Hijau,84121
2023-07-10,Jawa Barat,Cabai Rawit Hijau,84455
2023-07-11,Jawa Barat,Cabai Rawit Hijau,83265
2023-07-12,Jawa Barat,Cabai Rawit Hijau,82778
2023-07-13,Jawa Barat,Cabai Rawit Hijau,82749
2023-07-14,Jawa Barat,Cabai Rawit Hijau,83882
2023-07-18,Jawa Barat,Cabai Rawit Hijau,82826
2023-07-19,Jawa Barat,Cabai Rawit Hijau,83065
2023-07-20,Jawa Barat,Cabai Rawit Hijau,85166
2023-07-21,Jawa Barat,Cabai Rawit Hijau,85530
2023-07-24,Jawa Barat,Cabai Rawit Hijau,85292
2023-07-25,Jawa Barat,Cabai Rawit Hijau,85547
2023-07-26,Jawa Barat,Cabai Rawit Hijau,84626
2023-07-27,Jawa Barat,Cabai Rawit Hijau,86207
2023-07-28,Jawa Barat,Cabai Rawit Hijau,87795
2023-07-31,Jawa Barat,Cabai Rawit Hijau,86810
2023-08-01,Jawa Barat,Cabai Rawit Hijau,88375
2023-08-02,Jawa Barat,Cabai Rawit Hijau,88651
2023-08-03,Jawa Barat,Cabai Rawit Hijau,89419
2023-08-04,Jawa Barat,Cabai Rawit Hijau,89410
2023-08-07,Jawa Barat,Cabai Rawit Hijau,89485
2023-08-08,Jawa Barat,Cabai Rawit Hijau,88803
2023-08-09,Jawa Barat,Cabai Rawit Hijau,87823
2023-08-10,Jawa Barat,Cabai Rawit Hijau,86800
2023-08-11,Jawa Barat,Cabai Rawit Hijau,88027
2023-08-14,Jawa Barat,Cabai Rawit Hijau,88226
2023-08-15,Jawa Barat,Cabai Rawit Hijau,87297
2023-08-16,Jawa Barat,Cabai Rawit Hijau,87403
2023-08-17,Jawa Barat,Cabai Rawit Hijau,85666
2023-08-18,Jawa Barat,Cabai Rawit Hijau,84744
2023-08-21,Jawa Barat,Cabai Rawit Hijau,86061
2023-08-22,Jawa Barat,Cabai Rawit Hijau,85509
2023-08-23,Jawa Barat,Cabai Rawit Hijau,86680
2023-08-24,Jawa Barat,Cabai Rawit Hijau,86582
2023-08-25,Jawa Barat,Cabai Rawit Hijau,87340
2023-08-28,Jawa Barat,Cabai Rawit Hijau,86151
2023-08-29,Jawa Barat,Cabai Rawit Hijau,86724
2023-08-30,Jawa Barat,Cabai Rawit Hijau,84454
2023-08-31,Jawa Barat,Cabai Rawit Hijau,84002
2023-09-01,Jawa Barat,Cabai Rawit Hijau,85373
2023-09-04,Jawa Barat,Cabai Rawit Hijau,85408
2023-09-05,Jawa Barat,Cabai Rawit Hijau,84443
2023-09-06,Jawa Barat,Cabai Rawit Hijau,85714
2023-09-07,Jawa Barat,Cabai Rawit Hijau,88054
2023-09-08,Jawa Barat,Cabai Rawit Hijau,87779
2023-09-11,Jawa Barat,Cabai Rawit Hijau,86100
2023-09-12,Jawa Barat,Cabai Rawit Hijau,86150
2023-09-13,Jawa Barat,Cabai Rawit Hijau,86975
2023-09-14,Jawa Barat,Cabai Rawit Hijau,86762
2023-09-15,Jawa Barat,Cabai Rawit Hijau,84605
2023-09-18,Jawa Barat,Cabai Rawit Hijau,85295
2023-09-20,Jawa Barat,Cabai Rawit Hijau,84063
2023-09-21,Jawa Barat,Cabai Rawit Hijau,82497
2023-09-22,Jawa Barat,Cabai Rawit Hijau,80127
2023-09-25,Jawa Barat,Cabai Rawit Hijau,79004
2023-09-26,Jawa Barat,Cabai Rawit Hijau,78485
2023-09-27,Jawa Barat,Cabai Rawit Hijau,77949
2023-09-28,Jawa Barat,Cabai Rawit Hijau,79460
2023-09-29,Jawa Barat,Cabai Rawit Hijau,78455
2023-10-02,Jawa Barat,Cabai Rawit Hijau,79431
2023-10-03,Jawa Barat,Cabai Rawit Hijau,79576
2023-10-04,Jawa Barat,Cabai Rawit Hijau,81294
2023-10-05,Jawa Barat,Cabai Rawit Hijau,81218
2023-10-06,Jawa Barat,Cabai Rawit Hijau,79284
2023-10-09,Jawa Barat,Cabai Rawit Hijau,79123
2023-10-10,Jawa Barat,Cabai Rawit Hijau,76891
2023-10-11,Jawa Barat,Cabai Rawit Hijau,75798
2023-10-12,Jawa Barat,Cabai Rawit Hijau,75658
2023-10-13,Jawa Barat,Cabai Rawit Hijau,75541
2023-10-16,Jawa Barat,Cabai Rawit Hijau,76444
2023-10-17,Jawa Barat,Cabai Rawit Hijau,76867
2023-10-18,Jawa Barat,Cabai Rawit Hijau,78405
2023-10-19,Jawa Barat,Cabai Rawit Hijau,79341
2023-10-20,Jawa Barat,Cabai Rawit Hijau,80147
2023-10-23,Jawa Barat,Cabai Rawit Hijau,82220
2023-10-24,Jawa Barat,Cabai Rawit Hijau,83144
2023-10-25,Jawa Barat,Cabai Rawit Hijau,84584
2023-10-27,Jawa Barat,Cabai Rawit Hijau,82584
2023-10-30,Jawa Barat,Cabai Rawit Hijau,82995
2023-10-31,Jawa Barat,Cabai Rawit Hijau,83074
2023-11-01,Jawa Barat,Cabai Rawit Hijau,82295
2023-11-02,Jawa Barat,Cabai Rawit Hijau,83145
2023-11-03,Jawa Barat,Cabai Rawit Hijau,84271
2023-11-06,Jawa Barat,Cabai Rawit Hijau,84185
2023-11-07,Jawa Barat,Cabai Rawit Hijau,83908
2023-11-08,Jawa Barat,Cabai Rawit Hijau,83379
2023-11-09,Jawa Barat,Cabai Rawit Hijau,84289
2023-11-10,Jawa Barat,Cabai Rawit Hijau,83991
2023-11-13,Jawa Barat,Cabai Rawit Hijau,84038
2023-11-14,Jawa Barat,Cabai Rawit Hijau,85356
2023-11-15,Jawa Barat,Cabai Rawit Hijau,85671
2023-11-16,Jawa Barat,Cabai Rawit Hijau,85719
2023-11-17,Jawa Barat,Cabai Rawit Hijau,85094
2023-11-20,Jawa Barat,Cabai Rawit Hijau,85081
2023-11-21,Jawa Barat,Cabai Rawit Hijau,84312
2023-11-22,Jawa Barat,Cabai Rawit Hijau,84556
2023-11-23,Jawa Barat,Cabai Rawit Hijau,84062
2023-11-24,Jawa Barat,Cabai Rawit Hijau,83700
2023-11-27,Jawa Barat,Cabai Rawit Hijau,83696
2023-11-28,Jawa Barat,Cabai Rawit Hijau,85532
2023-11-29,Jawa Barat,Cabai Rawit Hijau,83836
2023-11-30,Jawa Barat,Cabai Rawit Hijau,84234
2023-12-01,Jawa Barat,Cabai Rawit Hijau,83047
2023-12-04,Jawa Barat,Cabai Rawit Hijau,82754
2023-12-05,Jawa Barat,Cabai Rawit Hijau,82174
2023-12-06,Jawa Barat,Cabai Rawit Hijau,81554
2023-12-07,Jawa Barat,Cabai Rawit Hijau,80973
2023-12-08,Jawa Barat,Cabai Rawit Hijau,80715
2023-12-11,Jawa Barat,Cabai Rawit Hijau,80011
2023-12-12,Jawa Barat,Cabai Rawit Hijau,79316
2023-12-13,Jawa Barat,Cabai Rawit Hijau,78764
2023-12-14,Jawa Barat,Cabai Rawit Hijau,78170
2023-12-15,Jawa Barat,Cabai Rawit Hijau,77350
2023-12-18,Jawa Barat,Cabai Rawit Hijau,77934
2023-12-19,Jawa Barat,Cabai Rawit Hijau,77557
2023-12-20,Jawa Barat,Cabai Rawit Hijau,77353
2023-12-21,Jawa Barat,Cabai Rawit Hijau,77076
2023-12-22,Jawa Barat,Cabai Rawit Hijau,76459
2023-12-25,Jawa Barat,Cabai Rawit Hijau,75623
2023-12-26,Jawa Barat,Cabai Rawit Hijau,76293
2023-12-27,Jawa Barat,Cabai Rawit Hijau,75507
2023-12-28,Jawa Barat,Cabai Rawit Hijau,74771
2023-12-29,Jawa Barat,Cabai Rawit Hijau,75723
2024-01-01,Jawa Barat,Cabai Rawit Hijau,75211
2024-01-02,Jawa Barat,Cabai Rawit Hijau,75199
2024-01-03,Jawa Barat,Cabai Rawit Hijau,74885
2024-01-04,Jawa Barat,Cabai Rawit Hijau,74838
2024-01-05,Jawa Barat,Cabai Rawit Hijau,76252
2024-01-08,Jawa Barat,Cabai Rawit Hijau,75565
2024-01-09,Jawa Barat,Cabai Rawit Hijau,76140
2024-01-10,Jawa Barat,Cabai Rawit Hijau,76810
2024-01-11,Jawa Barat,Cabai Rawit Hijau,77408
2024-01-12,Jawa Barat,Cabai Rawit Hijau,78819
2024-01-15,Jawa Barat,Cabai Rawit Hijau,76887
2024-01-16,Jawa Barat,Cabai Rawit Hijau,75589
2024-01-17,Jawa Barat,Cabai Rawit Hijau,74742
2024-01-18,Jawa Barat,Cabai Rawit Hijau,74285
2024-01-19,Jawa Barat,Cabai Rawit Hijau,74515
2024-01-22,Jawa Barat,Cabai Rawit Hijau,73724
2024-01-23,Jawa Barat,Cabai Rawit Hijau,72936
2024-01-24,Jawa Barat,Cabai Rawit Hijau,73013
2024-01-25,Jawa Barat,Cabai Rawit Hijau,73454
2024-01-26,Jawa Barat,Cabai Rawit Hijau,73426
2024-01-29,Jawa Barat,Cabai Rawit Hijau,73918
2024-01-30,Jawa Barat,Cabai Rawit Hijau,72511
2024-01-31,Jawa Barat,Cabai Rawit Hijau,71879
2024-02-01,Jawa Barat,Cabai Rawit Hijau,71037
2024-02-02,Jawa Barat,Cabai Rawit Hijau,70556
2024-02-05,Jawa Barat,Cabai Rawit Hijau,70482
2024-02-06,Jawa Barat,Cabai Rawit Hijau,68969
2024-02-07,Jawa Barat,Cabai Rawit Hijau,68494
2024-02-08,Jawa Barat,Cabai Rawit Hijau,67889
2024-02-09,Jawa Barat,Cabai Rawit Hijau,66660
2024-02-12,Jawa Barat,Cabai Rawit Hijau,67128
2024-02-13,Jawa Barat,Cabai Rawit Hijau,67098
2024-02-14,Jawa Barat,Cabai Rawit Hijau,66649
2024-02-15,Jawa Barat,Cabai Rawit Hijau,68042
2024-02-16,Jawa Barat,Cabai Rawit Hijau,66873
2024-02-19,Jawa Barat,Cabai Rawit Hijau,68329
2024-02-20,Jawa Barat,Cabai Rawit Hijau,68104
2024-02-21,Jawa Barat,Cabai Rawit Hijau,67438
2024-02-22,Jawa Barat,Cabai Rawit Hijau,67008
2024-02-23,Jawa Barat,Cabai Rawit Hijau,66662
2024-02-26,Jawa Barat,Cabai Rawit Hijau,68251
2024-02-27,Jawa Barat,Cabai Rawit Hijau,68466
2024-02-28,Jawa Barat,Cabai Rawit Hijau,67540
2024-02-29,Jawa Barat,Cabai Rawit Hijau,68133
2024-03-01,Jawa Barat,Cabai Rawit Hijau,67789
2024-03-04,Jawa Barat,Cabai Rawit Hijau,65672
2024-03-05,Jawa Barat,Cabai Rawit Hijau,66226
2024-03-06,Jawa Barat,Cabai Rawit Hijau,66808
2024-03-07,Jawa Barat,Cabai Rawit Hijau,66514
2024-03-08,Jawa Barat,Cabai Rawit Hijau,65970
2024-03-11,Jawa Barat,Cabai Rawit Hijau,66640
2024-03-12,Jawa Barat,Cabai Rawit Hijau,66055
2024-03-13,Jawa Barat,Cabai Rawit Hijau,66923
2024-03-14,Jawa Barat,Cabai Rawit Hijau,66354
2024-03-15,Jawa Barat,Cabai Rawit Hijau,66226
2024-03-18,Jawa Barat,Cabai Rawit Hijau,66522
2024-03-19,Jawa Barat,Cabai Rawit Hijau,66635
2024-03-20,Jawa Barat,Cabai Rawit Hijau,66003
2024-03-21,Jawa Barat,Cabai Rawit Hijau,66249
2024-03-22,Jawa Barat,Cabai Rawit Hijau,66787
2024-03-25,Jawa Barat,Cabai Rawit Hijau,65920
2024-03-26,Jawa Barat,Cabai Rawit Hijau,66238
2024-03-27,Jawa Barat,Cabai Rawit Hijau,66084
2024-03-28,Jawa Barat,Cabai Rawit Hijau,65275
2024-03-29,Jawa Barat,Cabai Rawit Hijau,65482
2024-04-01,Jawa Barat,Cabai Rawit Hijau,66112
2024-04-02,Jawa Barat,Cabai Rawit Hijau,65619
2024-04-03,Jawa Barat,Cabai Rawit Hijau,63692
2024-04-04,Jawa Barat,Cabai Rawit Hijau,63935
2024-04-05,Jawa Barat,Cabai Rawit Hijau,63605
2024-04-08,Jawa Barat,Cabai Rawit Hijau,64042
2024-04-09,Jawa Barat,Cabai Rawit Hijau,64816
2024-04-10,Jawa Barat,Cabai Rawit Hijau,64977
2024-04-11,Jawa Barat,Cabai Rawit Hijau,65496
2024-04-12,Jawa Barat,Cabai Rawit Hijau,66170
2024-04-15,Jawa Barat,Cabai Rawit Hijau,65671
2024-04-16,Jawa Barat,Cabai Rawit Hijau,65319
2024-04-17,Jawa Barat,Cabai Rawit Hijau,65590
2024-04-18,Jawa Barat,Cabai Rawit Hijau,66581
2024-04-19,Jawa Barat,Cabai Rawit Hijau,65591
2024-04-22,Jawa Barat,Cabai Rawit Hijau,65953
2024-04-23,Jawa Barat,Cabai Rawit Hijau,66869
2024-04-24,Jawa Barat,Cabai Rawit Hijau,66689
2024-04-25,Jawa Barat,Cabai Rawit Hijau,66642
2024-04-26,Jawa Barat,Cabai Rawit Hijau,66575
2024-04-29,Jawa Barat,Cabai Rawit Hijau,66462
2024-04-30,Jawa Barat,Cabai Rawit Hijau,65809
2024-05-01,Jawa Barat,Cabai Rawit Hijau,65663
2024-05-02,Jawa Barat,Cabai Rawit Hijau,65041
2024-05-03,Jawa Barat,Cabai Rawit Hijau,65502
2024-05-06,Jawa Barat,Cabai Rawit Hijau,64162
2024-05-07,Jawa Barat,Cabai Rawit Hijau,64788
2024-05-08,Jawa Barat,Cabai Rawit Hijau,65553
2024-05-09,Jawa Barat,Cabai Rawit Hijau,65657
2024-05-10,Jawa Barat,Cabai Rawit Hijau,67006
2024-05-13,Jawa Barat,Cabai Rawit Hijau,67318
2024-05-14,Jawa Barat,Cabai Rawit Hijau,67528
2024-05-16,Jawa Barat,Cabai Rawit Hijau,66949
2024-05-17,Jawa Barat,Cabai Rawit Hijau,66205
2024-05-20,Jawa Barat,Cabai Rawit Hijau,65380
2024-05-21,Jawa Barat,Cabai Rawit Hijau,65517
2024-05-22,Jawa Barat,Cabai Rawit Hijau,64901
2024-05-23,Jawa Barat,Cabai Rawit Hijau,64715
2024-05-24,Jawa Barat,Cabai Rawit Hijau,65607
2024-05-27,Jawa Barat,Cabai Rawit Hijau,66833
2024-05-28,Jawa Barat,Cabai Rawit Hijau,66335
2024-05-29,Jawa Barat,Cabai Rawit Hijau,66178
2024-05-30,Jawa Barat,Cabai Rawit Hijau,68031
2024-05-31,Jawa Barat,Cabai Rawit Hijau,69293
2024-06-03,Jawa Barat,Cabai Rawit Hijau,67834
2024-06-04,Jawa Barat,Cabai Rawit Hijau,68551
2024-06-05,Jawa Barat,Cabai Rawit Hijau,67905
2024-06-06,Jawa Barat,Cabai Rawit Hijau,67412
2024-06-07,Jawa Barat,Cabai Rawit Hijau,68115
2024-06-10,Jawa Barat,Cabai Rawit Hijau,66582
2024-06-12,Jawa Barat,Cabai Rawit Hijau,68540
2024-06-13,Jawa Barat,Cabai Rawit Hijau,68256
2024-06-14,Jawa Barat,Cabai Rawit Hijau,69549
2024-06-17,Jawa Barat,Cabai Rawit Hijau,69911
2024-06-19,Jawa Barat,Cabai Rawit Hijau,68990
2024-06-20,Jawa Barat,Cabai Rawit Hijau,68417
2024-06-21,Jawa Barat,Cabai Rawit Hijau,68587
2024-06-24,Jawa Barat,Cabai Rawit Hijau,67568
2024-06-25,Jawa Barat,Cabai Rawit Hijau,68924
2024-06-26,Jawa Barat,Cabai Rawit Hijau,69400
2024-06-27,Jawa Barat,Cabai Rawit Hijau,69021
2024-06-28,Jawa Barat,Cabai Rawit Hijau,69215
2024-07-01,Jawa Barat,Cabai Rawit Hijau,69178
2024-07-02,Jawa Barat,Cabai Rawit Hijau,66631
2024-07-03,Jawa Barat,Cabai Rawit Hijau,68006
2024-07-04,Jawa Barat,Cabai Rawit Hijau,67953
2024-07-05,Jawa Barat,Cabai Rawit Hijau,68094
2024-07-08,Jawa Barat,Cabai Rawit Hijau,66971
2024-07-09,Jawa Barat,Cabai Rawit Hijau,67130
2024-07-10,Jawa Barat,Cabai Rawit Hijau,67447
2024-07-11,Jawa Barat,Cabai Rawit Hijau,66602
2024-07-12,Jawa Barat,Cabai Rawit Hijau,67179
2024-07-15,Jawa Barat,Cabai Rawit Hijau,65596
2024-07-16,Jawa Barat,Cabai Rawit Hijau,65435
2024-07-17,Jawa Barat,Cabai Rawit Hijau,64329
2024-07-18,Jawa Barat,Cabai Rawit Hijau,64356
2024-07-19,Jawa Barat,Cabai Rawit Hijau,64043
2024-07-22,Jawa Barat,Cabai Rawit Hijau,64403
2024-07-23,Jawa Barat,Cabai Rawit Hijau,64342
2024-07-24,Jawa Barat,Cabai Rawit Hijau,64681
2024-07-25,Jawa Barat,Cabai Rawit Hijau,64726
2024-07-26,Jawa Barat,Cabai Rawit Hijau,65606
2024-07-29,Jawa Barat,Cabai Rawit Hijau,66361
2024-07-30,Jawa Barat,Cabai Rawit Hijau,65771
2024-07-31,Jawa Barat,Cabai Rawit Hijau,66593
2024-08-01,Jawa Barat,Cabai Rawit Hijau,66901
2024-08-02,Jawa Barat,Cabai Rawit Hijau,67898
2024-08-05,Jawa Barat,Cabai Rawit Hijau,67075
2024-08-06,Jawa Barat,Cabai Rawit Hijau,66073
2024-08-07,Jawa Barat,Cabai Rawit Hijau,65101
2024-08-08,Jawa Barat,Cabai Rawit Hijau,66330
2024-08-09,Jawa Barat,Cabai Rawit Hijau,67338
2024-08-12,Jawa Barat,Cabai Rawit Hijau,68112
2024-08-14,Jawa Barat,Cabai Rawit Hijau,67796
2024-08-15,Jawa Barat,Cabai Rawit Hijau,66748
2024-08-16,Jawa Barat,Cabai Rawit Hijau,64677
2024-08-19,Jawa Barat,Cabai Rawit Hijau,64346
2024-08-20,Jawa Barat,Cabai Rawit Hijau,64207
2024-08-21,Jawa Barat,Cabai Rawit Hijau,65299
2024-08-22,Jawa Barat,Cabai Rawit Hijau,64496
2024-08-23,Jawa Barat,Cabai Rawit Hijau,66386
2024-08-26,Jawa Barat,Cabai Rawit Hijau,66545
2024-08-27,Jawa Barat,Cabai Rawit Hijau,66454
2024-08-28,Jawa Barat,Cabai Rawit Hijau,66358
2024-08-29,Jawa Barat,Cabai Rawit Hijau,65364
2024-08-30,Jawa Barat,Cabai Rawit Hijau,65095
2024-09-02,Jawa Barat,Cabai Rawit Hijau,65312
2024-09-04,Jawa Barat,Cabai Rawit Hijau,65789
2024-09-05,Jawa Barat,Cabai Rawit Hijau,65939
2024-09-06,Jawa Barat,Cabai Rawit Hijau,66583
2024-09-09,Jawa Barat,Cabai Rawit Hijau,66253
2024-09-10,Jawa Barat,Cabai Rawit Hijau,67104
2024-09-11,Jawa Barat,Cabai Rawit Hijau,67574
2024-09-12,Jawa Barat,Cabai Rawit Hijau,68288
2024-09-13,Jawa Barat,Cabai Rawit Hijau,66804
2024-09-16,Jawa Barat,Cabai Rawit Hijau,66566
2024-09-17,Jawa Barat,Cabai Rawit Hijau,66046
2024-09-18,Jawa Barat,Cabai Rawit Hijau,64458
2024-09-19,Jawa Barat,Cabai Rawit Hijau,65932
2024-09-20,Jawa Barat,Cabai Rawit Hijau,66698
2024-09-23,Jawa Barat,Cabai Rawit Hijau,65477
2024-09-24,Jawa Barat,Cabai Rawit Hijau,66624
2024-09-25,Jawa Barat,Cabai Rawit Hijau,66585
2024-09-26,Jawa Barat,Cabai Rawit Hijau,66967
2024-09-27,Jawa Barat,Cabai Rawit Hijau,66467
2024-09-30,Jawa Barat,Cabai Rawit Hijau,67314
2024-10-01,Jawa Barat,Cabai Rawit Hijau,67244
2024-10-02,Jawa Barat,Cabai Rawit Hijau,67679
2024-10-03,Jawa Barat,Cabai Rawit Hijau,68644
2024-10-04,Jawa Barat,Cabai Rawit Hijau,69207
2024-10-07,Jawa Barat,Cabai Rawit Hijau,68870
2024-10-08,Jawa Barat,Cabai Rawit Hijau,68803
2024-10-09,Jawa Barat,Cabai Rawit Hijau,67364
2024-10-10,Jawa Barat,Cabai Rawit Hijau,68105
2024-10-11,Jawa Barat,Cabai Rawit Hijau,65749
2024-10-15,Jawa Barat,Cabai Rawit Hijau,65539
2024-10-16,Jawa Barat,Cabai Rawit Hijau,65792
2024-10-17,Jawa Barat,Cabai Rawit Hijau,65301
2024-10-18,Jawa Barat,Cabai Rawit Hijau,65222
2024-10-21,Jawa Barat,Cabai Rawit Hijau,65373
2024-10-22,Jawa Barat,Cabai Rawit Hijau,65509
2024-10-23,Jawa Barat,Cabai Rawit Hijau,65617
2024-10-24,Jawa Barat,Cabai Rawit Hijau,65322
2024-10-25,Jawa Barat,Cabai Rawit Hijau,65511
2024-10-28,Jawa Barat,Cabai Rawit Hijau,66602
2024-10-29,Jawa Barat,Cabai Rawit Hijau,66534
2024-10-30,Jawa Barat,Cabai Rawit Hijau,66716
2024-10-31,Jawa Barat,Cabai Rawit Hijau,66634
2024-11-01,Jawa Barat,Cabai Rawit Hijau,67692
2024-11-04,Jawa Barat,Cabai Rawit Hijau,67470
2024-11-05,Jawa Barat,Cabai Rawit Hijau,66736
2024-11-06,Jawa Barat,Cabai Rawit Hijau,67316
2024-11-07,Jawa Barat,Cabai Rawit Hijau,67055
2024-11-08,Jawa Barat,Cabai Rawit Hijau,67587
2024-11-11,Jawa Barat,Cabai Rawit Hijau,67193
2024-11-12,Jawa Barat,Cabai Rawit Hijau,66290
2024-11-13,Jawa Barat,Cabai Rawit Hijau,66249
2024-11-14,Jawa Barat,Cabai Rawit Hijau,65107
2024-11-15,Jawa Barat,Cabai Rawit Hijau,65340
2024-11-18,Jawa Barat,Cabai Rawit Hijau,66016
2024-11-19,Jawa Barat,Cabai Rawit Hijau,67606
2024-11-20,Jawa Barat,Cabai Rawit Hijau,67178
2024-11-21,Jawa Barat,Cabai Rawit Hijau,66566
2024-11-25,Jawa Barat,Cabai Rawit Hijau,67842
2024-11-27,Jawa Barat,Cabai Rawit Hijau,70182
2024-11-28,Jawa Barat,Cabai Rawit Hijau,70192
2024-11-29,Jawa Barat,Cabai Rawit Hijau,72125
2024-12-02,Jawa Barat,Cabai Rawit Hijau,71817
2024-12-03,Jawa Barat,Cabai Rawit Hijau,71230
2024-12-04,Jawa Barat,Cabai Rawit Hijau,70572
2024-12-05,Jawa Barat,Cabai Rawit Hijau,69871
2024-12-06,Jawa Barat,Cabai Rawit Hijau,71625
2024-12-09,Jawa Barat,Cabai Rawit Hijau,72706
2024-12-10,Jawa Barat,Cabai Rawit Hijau,74423
2024-12-11,Jawa Barat,Cabai Rawit Hijau,72764
2024-12-12,Jawa Barat,Cabai Rawit Hijau,71634
2024-12-13,Jawa Barat,Cabai Rawit Hijau,71361
2024-12-16,Jawa Barat,Cabai Rawit Hijau,70956
2024-12-17,Jawa Barat,Cabai Rawit Hijau,71154
2024-12-18,Jawa Barat,Cabai Rawit Hijau,71186
2024-12-19,Jawa Barat,Cabai Rawit Hijau,70293
2024-12-20,Jawa Barat,Cabai Rawit Hijau,69803
2024-12-23,Jawa Barat,Cabai Rawit Hijau,69584
2024-12-24,Jawa Barat,Cabai Rawit Hijau,68591
2024-12-25,Jawa Barat,Cabai Rawit Hijau,68481
2024-12-26,Jawa Barat,Cabai Rawit Hijau,67552
2024-12-27,Jawa Barat,Cabai Rawit Hijau,67420
2024-12-30,Jawa Barat,Cabai Rawit Hijau,66681
2024-12-31,Jawa Barat,Cabai Rawit Hijau,67455
2025-01-01,Jawa Barat,Cabai Rawit Hijau,67804
2025-01-02,Jawa Barat,Cabai Rawit Hijau,68133
2025-01-03,Jawa Barat,Cabai Rawit Hijau,68735
2025-01-06,Jawa Barat,Cabai Rawit Hijau,69138
2025-01-07,Jawa Barat,Cabai Rawit Hijau,69947
2025-01-08,Jawa Barat,Cabai Rawit Hijau,70066
2025-01-09,Jawa Barat,Cabai Rawit Hijau,70671
2025-01-10,Jawa Barat,Cabai Rawit Hijau,70985
2025-01-13,Jawa Barat,Cabai Rawit Hijau,71295
2025-01-15,Jawa Barat,Cabai Rawit Hijau,69151
2025-01-16,Jawa Barat,Cabai Rawit Hijau,69353
2025-01-17,Jawa Barat,Cabai Rawit Hijau,68717
2025-01-20,Jawa Barat,Cabai Rawit Hijau,68649
2025-01-21,Jawa Barat,Cabai Rawit Hijau,68200
2025-01-22,Jawa Barat,Cabai Rawit Hijau,67784
2025-01-23,Jawa Barat,Cabai Rawit Hijau,67810
2025-01-24,Jawa Barat,Cabai Rawit Hijau,67575
2025-01-27,Jawa Barat,Cabai Rawit Hijau,68741
2025-01-28,Jawa Barat,Cabai Rawit Hijau,67578
2025-01-29,Jawa Barat,Cabai Rawit Hijau,68042
2025-01-30,Jawa Barat,Cabai Rawit Hijau,68681
2025-01-31,Jawa Barat,Cabai Rawit Hijau,69936
2025-02-03,Jawa Barat,Cabai Rawit Hijau,69983
2025-02-04,Jawa Barat,Cabai Rawit Hijau,70545
2025-02-05,Jawa Barat,Cabai Rawit Hijau,71748
2025-02-06,Jawa Barat,Cabai Rawit Hijau,71212
2025-02-07,Jawa Barat,Cabai Rawit Hijau,70436
2025-02-10,Jawa Barat,Cabai Rawit Hijau,70523
2025-02-11,Jawa Barat,Cabai Rawit Hijau,70320
2025-02-12,Jawa Barat,Cabai Rawit Hijau,70904
2025-02-13,Jawa Barat,Cabai Rawit Hijau,69750
2025-02-14,Jawa Barat,Cabai Rawit Hijau,70871
2025-02-17,Jawa Barat,Cabai Rawit Hijau,71086
2025-02-18,Jawa Barat,Cabai Rawit Hijau,70856
2025-02-19,Jawa Barat,Cabai Rawit Hijau,70849
2025-02-20,Jawa Barat,Cabai Rawit Hijau,71734
2025-02-21,Jawa Barat,Cabai Rawit Hijau,72172
2025-02-24,Jawa Barat,Cabai Rawit Hijau,72147
2025-02-25,Jawa Barat,Cabai Rawit Hijau,71961
2025-02-26,Jawa Barat,Cabai Rawit Hijau,71814
2025-02-27,Jawa Barat,Cabai Rawit Hijau,72369
2025-02-28,Jawa Barat,Cabai Rawit Hijau,72111
2025-03-03,Jawa Barat,Cabai Rawit Hijau,72595
2025-03-04,Jawa Barat,Cabai Rawit Hijau,70422
2025-03-05,Jawa Barat,Cabai Rawit Hijau,69678
2025-03-06,Jawa Barat,Cabai Rawit Hijau,69068
2025-03-07,Jawa Barat,Cabai Rawit Hijau,69035
2025-03-10,Jawa Barat,Cabai Rawit Hijau,68850
2025-03-11,Jawa Barat,Cabai Rawit Hijau,68292
2025-03-12,Jawa Barat,Cabai Rawit Hijau,67360
2025-03-13,Jawa Barat,Cabai Rawit Hijau,66703
2025-03-14,Jawa Barat,Cabai Rawit Hijau,68006
2025-03-17,Jawa Barat,Cabai Rawit Hijau,67453
2025-03-18,Jawa Barat,Cabai Rawit Hijau,65735
2025-03-20,Jawa Barat,Cabai Rawit Hijau,65229
2025-03-21,Jawa Barat,Cabai Rawit Hijau,64978
2025-03-24,Jawa Barat,Cabai Rawit Hijau,65678
2025-03-25,Jawa Barat,Cabai Rawit Hijau,65485
2025-03-26,Jawa Barat,Cabai Rawit Hijau,65200
2025-03-27,Jawa Barat,Cabai Rawit Hijau,62502
2025-03-28,Jawa Barat,Cabai Rawit Hijau,62035
2025-03-31,Jawa Barat,Cabai Rawit Hijau,61823
2025-04-01,Jawa Barat,Cabai Rawit Hijau,62097
2025-04-02,Jawa Barat,Cabai Rawit Hijau,60784
2025-04-03,Jawa Barat,Cabai Rawit Hijau,59856
2025-04-04,Jawa Barat,Cabai Rawit Hijau,60140
2025-04-07,Jawa Barat,Cabai Rawit Hijau,60154
2025-04-08,Jawa Barat,Cabai Rawit Hijau,59739
2025-04-09,Jawa Barat,Cabai Rawit Hijau,60065
2025-04-10,Jawa Barat,Cabai Rawit Hijau,59768
2025-04-11,Jawa Barat,Cabai Rawit Hijau,60400
2025-04-14,Jawa Barat,Cabai Rawit Hijau,59954
2025-04-15,Jawa Barat,Cabai Rawit Hijau,59305
2025-04-16,Jawa Barat,Cabai Rawit Hijau,61176
2025-04-17,Jawa Barat,Cabai Rawit Hijau,61653
2025-04-18,Jawa Barat,Cabai Rawit Hijau,61073
2025-04-21,Jawa Barat,Cabai Rawit Hijau,60777
2025-04-22,Jawa Barat,Cabai Rawit Hijau,60333
2025-04-23,Jawa Barat,Cabai Rawit Hijau,59184
2025-04-24,Jawa Barat,Cabai Rawit Hijau,58940
2025-04-25,Jawa Barat,Cabai Rawit Hijau,59025
2025-04-28,Jawa Barat,Cabai Rawit Hijau,59999
2025-04-29,Jawa Barat,Cabai Rawit Hijau,59904
2025-04-30,Jawa Barat,Cabai Rawit Hijau,59551
2025-05-01,Jawa Barat,Cabai Rawit Hijau,60640
2025-05-02,Jawa Barat,Cabai Rawit Hijau,61550
2025-05-05,Jawa Barat,Cabai Rawit Hijau,61635
2025-05-06,Jawa Barat,Cabai Rawit Hijau,61647
2025-05-07,Jawa Barat,Cabai Rawit Hijau,61911
2025-05-08,Jawa Barat,Cabai Rawit Hijau,61446
2025-05-09,Jawa Barat,Cabai Rawit Hijau,61427
2025-05-12,Jawa Barat,Cabai Rawit Hijau,60939
2025-05-13,Jawa Barat,Cabai Rawit Hijau,61883
2025-05-14,Jawa Barat,Cabai Rawit Hijau,61245
2025-05-15,Jawa Barat,Cabai Rawit Hijau,61386
2025-05-16,Jawa Barat,Cabai Rawit Hijau,61563
2025-05-19,Jawa Barat,Cabai Rawit Hijau,62589
2025-05-20,Jawa Barat,Cabai Rawit Hijau,62211
2025-05-21,Jawa Barat,Cabai Rawit Hijau,61688
2025-05-22,Jawa Barat,Cabai Rawit Hijau,62124
2025-05-23,Jawa Barat,Cabai Rawit Hijau,62457
2025-05-26,Jawa Barat,Cabai Rawit Hijau,63955
2025-05-27,Jawa Barat,Cabai Rawit Hijau,64057
2025-05-28,Jawa Barat,Cabai Rawit Hijau,65030
2025-05-29,Jawa Barat,Cabai Rawit Hijau,65914
2025-05-30,Jawa Barat,Cabai Rawit Hijau,65356
2025-06-02,Jawa Barat,Cabai Rawit Hijau,64207
2025-06-03,Jawa Barat,Cabai Rawit Hijau,63954
2025-06-04,Jawa Barat,Cabai Rawit Hijau,64596
2025-06-05,Jawa Barat,Cabai Rawit Hijau,65687
2025-06-06,Jawa Barat,Cabai Rawit Hijau,63300
2025-06-09,Jawa Barat,Cabai Rawit Hijau,62644
2025-06-10,Jawa Barat,Cabai Rawit Hijau,62912
2025-06-11,Jawa Barat,Cabai Rawit Hijau,63391
2025-06-12,Jawa Barat,Cabai Rawit Hijau,62629
2025-06-13,Jawa Barat,Cabai Rawit Hijau,62129
2025-06-16,Jawa Barat,Cabai Rawit Hijau,60900
2025-06-17,Jawa Barat,Cabai Rawit Hijau,62119
2025-06-18,Jawa Barat,Cabai Rawit Hijau,62267
2025-06-19,Jawa Barat,Cabai Rawit Hijau,61760
2025-06-20,Jawa Barat,Cabai Rawit Hijau,62640
2025-06-23,Jawa Barat,Cabai Rawit Hijau,62788
2025-06-24,Jawa Barat,Cabai Rawit Hijau,63832
2025-06-25,Jawa Barat,Cabai Rawit Hijau,65023
2025-06-26,Jawa Barat,Cabai Rawit Hijau,64243
2025-06-27,Jawa Barat,Cabai Rawit Hijau,65212
2025-06-30,Jawa Barat,Cabai Rawit Hijau,66160
2025-07-01,Jawa Barat,Cabai Rawit Hijau,66523
2025-07-02,Jawa Barat,Cabai Rawit Hijau,66955
2025-07-03,Jawa Barat,Cabai Rawit Hijau,67056
2025-07-04,Jawa Barat,Cabai Rawit Hijau,66111
2025-07-07,Jawa Barat,Cabai Rawit Hijau,65121
2025-07-08,Jawa Barat,Cabai Rawit Hijau,66465
2025-07-09,Jawa Barat,Cabai Rawit Hijau,66621
2025-07-10,Jawa Barat,Cabai Rawit Hijau,66412
2025-07-11,Jawa Barat,Cabai Rawit Hijau,66895
2025-07-14,Jawa Barat,Cabai Rawit Hijau,66322
2025-07-15,Jawa Barat,Cabai Rawit Hijau,65968
2025-07-16,Jawa Barat,Cabai Rawit Hijau,65987
2025-07-17,Jawa Barat,Cabai Rawit Hijau,65537
2025-07-18,Jawa Barat,Cabai Rawit Hijau,65929
2025-07-21,Jawa Barat,Cabai Rawit Hijau,65819
2025-07-22,Jawa Barat,Cabai Rawit Hijau,66207
2025-07-23,Jawa Barat,Cabai Rawit Hijau,66677
2025-07-24,Jawa Barat,Cabai Rawit Hijau,67602
2025-07-25,Jawa Barat,Cabai Rawit Hijau,67338
2025-07-28,Jawa Barat,Cabai Rawit Hijau,66514
2025-07-29,Jawa Barat,Cabai Rawit Hijau,68518
2025-07-30,Jawa Barat,Cabai Rawit Hijau,69657
2025-07-31,Jawa Barat,Cabai Rawit Hijau,68221
2025-08-01,Jawa Barat,Cabai Rawit Hijau,70447
2025-08-04,Jawa Barat,Cabai Rawit Hijau,69920
2025-08-05,Jawa Barat,Cabai Rawit Hijau,69813
2025-08-06,Jawa Barat,Cabai Rawit Hijau,68837
2025-08-07,Jawa Barat,Cabai Rawit Hijau,68926
2025-08-08,Jawa Barat,Cabai Rawit Hijau,68451
2025-08-11,Jawa Barat,Cabai Rawit Hijau,67518
2025-08-12,Jawa Barat,Cabai Rawit Hijau,66426
2025-08-13,Jawa Barat,Cabai Rawit Hijau,65796
2025-08-14,Jawa Barat,Cabai Rawit Hijau,66354
2025-08-15,Jawa Barat,Cabai Rawit Hijau,68588
2025-08-18,Jawa Barat,Cabai Rawit Hijau,69006
2025-08-20,Jawa Barat,Cabai Rawit Hijau,67903
2025-08-21,Jawa Barat,Cabai Rawit Hijau,68688
2025-08-22,Jawa Barat,Cabai Rawit Hijau,68413
2025-08-25,Jawa Barat,Cabai Rawit Hijau,69577
2025-08-26,Jawa Barat,Cabai Rawit Hijau,71532
2025-08-27,Jawa Barat,Cabai Rawit Hijau,69890
2025-08-28,Jawa Barat,Cabai Rawit Hijau,69236
2025-08-29,Jawa Barat,Cabai Rawit Hijau,68686
2025-09-01,Jawa Barat,Cabai Rawit Hijau,70004
2025-09-02,Jawa Barat,Cabai Rawit Hijau,69710
2025-09-04,Jawa Barat,Cabai Rawit Hijau,70744
2025-09-05,Jawa Barat,Cabai Rawit Hijau,70555
2025-09-08,Jawa Barat,Cabai Rawit Hijau,71104
2025-09-09,Jawa Barat,Cabai Rawit Hijau,72483
2025-09-10,Jawa Barat,Cabai Rawit Hijau,69797
2025-09-11,Jawa Barat,Cabai Rawit Hijau,70824
2025-09-12,Jawa Barat,Cabai Rawit Hijau,70765
2025-09-15,Jawa Barat,Cabai Rawit Hijau,70953
2025-09-16,Jawa Barat,Cabai Rawit Hijau,71848
2025-09-17,Jawa Barat,Cabai Rawit Hijau,72093
2025-09-18,Jawa Barat,Cabai Rawit Hijau,73649
2025-09-19,Jawa Barat,Cabai Rawit Hijau,71685
2025-09-22,Jawa Barat,Cabai Rawit Hijau,71059
2025-09-23,Jawa Barat,Cabai Rawit Hijau,71533
2025-09-24,Jawa Barat,Cabai Rawit Hijau,71126
2025-09-25,Jawa Barat,Cabai Rawit Hijau,72540
2025-09-26,Jawa Barat,Cabai Rawit Hijau,71963
2025-09-29,Jawa Barat,Cabai Rawit Hijau,72056
2025-09-30,Jawa Barat,Cabai Rawit Hijau,71368
2025-10-01,Jawa Barat,Cabai Rawit Hijau,71279
2025-10-02,Jawa Barat,Cabai Rawit Hijau,69769
2025-10-03,Jawa Barat,Cabai Rawit Hijau,68602
2025-10-06,Jawa Barat,Cabai Rawit Hijau,70465
2025-10-07,Jawa Barat,Cabai Rawit Hijau,70480
2025-10-09,Jawa Barat,Cabai Rawit Hijau,69174
2025-10-10,Jawa Barat,Cabai Rawit Hijau,68336
2025-10-13,Jawa Barat,Cabai Rawit Hijau,70055
2025-10-14,Jawa Barat,Cabai Rawit Hijau,70124
2025-10-15,Jawa Barat,Cabai Rawit Hijau,71125
2025-10-16,Jawa Barat,Cabai Rawit Hijau,68636
2025-10-17,Jawa Barat,Cabai Rawit Hijau,68138
2025-10-20,Jawa Barat,Cabai Rawit Hijau,69683
2025-10-21,Jawa Barat,Cabai Rawit Hijau,69239
2025-10-22,Jawa Barat,Cabai Rawit Hijau,68351
2025-10-23,Jawa Barat,Cabai Rawit Hijau,68725
2025-10-24,Jawa Barat,Cabai Rawit Hijau,67464
2025-10-27,Jawa Barat,Cabai Rawit Hijau,66053
2025-10-28,Jawa Barat,Cabai Rawit Hijau,67368
2025-10-29,Jawa Barat,Cabai Rawit Hijau,66721
2025-10-30,Jawa Barat,Cabai Rawit Hijau,67252
2025-10-31,Jawa Barat,Cabai Rawit Hijau,68987
2025-11-03,Jawa Barat,Cabai Rawit Hijau,69025
2025-11-04,Jawa Barat,Cabai Rawit Hijau,69542
2025-11-05,Jawa Barat,Cabai Rawit Hijau,68078
2025-11-06,Jawa Barat,Cabai Rawit Hijau,67349
2025-11-07,Jawa Barat,Cabai Rawit Hijau,68860
2025-11-10,Jawa Barat,Cabai Rawit Hijau,68546
2025-11-11,Jawa Barat,Cabai Rawit Hijau,67421
2025-11-13,Jawa Barat,Cabai Rawit Hijau,69059
2025-11-14,Jawa Barat,Cabai Rawit Hijau,68620
2025-11-17,Jawa Barat,Cabai Rawit Hijau,69087
2025-11-18,Jawa Barat,Cabai Rawit Hijau,69915
2025-11-19,Jawa Barat,Cabai Rawit Hijau,69743
2025-11-20,Jawa Barat,Cabai Rawit Hijau,69442
2025-11-21,Jawa Barat,Cabai Rawit Hijau,71190
2025-11-25,Jawa Barat,Cabai Rawit Hijau,70208
2025-11-26,Jawa Barat,Cabai Rawit Hijau,70112
2025-11-27,Jawa Barat,Cabai Rawit Hijau,70008
2025-11-28,Jawa Barat,Cabai Rawit Hijau,70790
2025-12-01,Jawa Barat,Cabai Rawit Hijau,71341
2025-12-02,Jawa Barat,Cabai Rawit Hijau,71613
2025-12-03,Jawa Barat,Cabai Rawit Hijau,70121
2025-12-04,Jawa Barat,Cabai Rawit Hijau,69299
2025-12-05,Jawa Barat,Cabai Rawit Hijau,69069
2025-12-08,Jawa Barat,Cabai Rawit Hijau,69152
2025-12-09,Jawa Barat,Cabai Rawit Hijau,70690
2025-12-10,Jawa Barat,Cabai Rawit Hijau,70751
2025-12-11,Jawa Barat,Cabai Rawit Hijau,71491
2025-12-12,Jawa Barat,Cabai Rawit Hijau,71428
2025-12-15,Jawa Barat,Cabai Rawit Hijau,72090
2025-12-16,Jawa Barat,Cabai Rawit Hijau,72097
2025-12-17,Jawa Barat,Cabai Rawit Hijau,71110
2025-12-18,Jawa Barat,Cabai Rawit Hijau,71636
2025-12-19,Jawa Barat,Cabai Rawit Hijau,72063
2025-12-22,Jawa Barat,Cabai Rawit Hijau,70763
2025-12-23,Jawa Barat,Cabai Rawit Hijau,70700
2025-12-24,Jawa Barat,Cabai Rawit Hijau,70628
2025-12-25,Jawa Barat,Cabai Rawit Hijau,70080
2025-12-26,Jawa Barat,Cabai Rawit Hijau,69074
2025-12-29,Jawa Barat,Cabai Rawit Hijau,69278
2025-12-30,Jawa Barat,Cabai Rawit Hijau,70707
2025-12-31,Jawa Barat,Cabai Rawit Hijau,71321
2026-01-01,Jawa Barat,Cabai Rawit Hijau,69927
2026-01-02,Jawa Barat,Cabai Rawit Hijau,71279
2026-01-05,Jawa Barat,Cabai Rawit Hijau,72489
2026-01-06,Jawa Barat,Cabai Rawit Hijau,71982
2026-01-07,Jawa Barat,Cabai Rawit Hijau,73583
2026-01-08,Jawa Barat,Cabai Rawit Hijau,72200
2026-01-09,Jawa Barat,Cabai Rawit Hijau,71731
2026-01-12,Jawa Barat,Cabai Rawit Hijau,71327
2026-01-13,Jawa Barat,Cabai Rawit Hijau,70048
2026-01-14,Jawa Barat,Cabai Rawit Hijau,70240
2026-01-15,Jawa Barat,Cabai Rawit Hijau,69520
2026-01-16,Jawa Barat,Cabai Rawit Hijau,68422
2026-01-19,Jawa Barat,Cabai Rawit Hijau,68175
2026-01-20,Jawa Barat,Cabai Rawit Hijau,69549
2026-01-21,Jawa Barat,Cabai Rawit Hijau,70340
2026-01-22,Jawa Barat,Cabai Rawit Hijau,70718
2026-01-23,Jawa Barat,Cabai Rawit Hijau,70228
2026-01-26,Jawa Barat,Cabai Rawit Hijau,68976
2026-01-27,Jawa Barat,Cabai Rawit Hijau,68001
2026-01-28,Jawa Barat,Cabai Rawit Hijau,68716
2026-01-29,Jawa Barat,Cabai Rawit Hijau,68005
2026-01-30,Jawa Barat,Cabai Rawit Hijau,68111
2026-02-02,Jawa Barat,Cabai Rawit Hijau,68488
2026-02-03,Jawa Barat,Cabai Rawit Hijau,67104
2026-02-04,Jawa Barat,Cabai Rawit Hijau,67085
2026-02-05,Jawa Barat,Cabai Rawit Hijau,67379
2026-02-06,Jawa Barat,Cabai Rawit Hijau,69006
2026-02-09,Jawa Barat,Cabai Rawit Hijau,69098
2026-02-10,Jawa Barat,Cabai Rawit Hijau,69776
2026-02-11,Jawa Barat,Cabai Rawit Hijau,69311
2026-02-12,Jawa Barat,Cabai Rawit Hijau,70228
2026-02-13,Jawa Barat,Cabai Rawit Hijau,69067
2026-02-16,Jawa Barat,Cabai Rawit Hijau,69480
2026-02-17,Jawa Barat,Cabai Rawit Hijau,69614
2026-02-18,Jawa Barat,Cabai Rawit Hijau,70715
2026-02-19,Jawa Barat,Cabai Rawit Hijau,71109
2026-02-20,Jawa Barat,Cabai Rawit Hijau,70895
2026-02-24,Jawa Barat,Cabai Rawit Hijau,72214
2026-02-25,Jawa Barat,Cabai Rawit Hijau,71287
2026-02-26,Jawa Barat,Cabai Rawit Hijau,71131
2026-02-27,Jawa Barat,Cabai Rawit Hijau,70116
2026-03-02,Jawa Barat,Cabai Rawit Hijau,70417
2026-03-03,Jawa Barat,Cabai Rawit Hijau,70824
2026-03-04,Jawa Barat,Cabai Rawit Hijau,72350
2026-03-05,Jawa Barat,Cabai Rawit Hijau,72172
2026-03-09,Jawa Barat,Cabai Rawit Hijau,70464
2026-03-10,Jawa Barat,Cabai Rawit Hijau,70290
2026-03-11,Jawa Barat,Cabai Rawit Hijau,70017
2026-03-12,Jawa Barat,Cabai Rawit Hijau,70092
2026-03-13,Jawa Barat,Cabai Rawit Hijau,69795
2026-03-16,Jawa Barat,Cabai Rawit Hijau,69501
2026-03-17,Jawa Barat,Cabai Rawit Hijau,69572
2026-03-18,Jawa Barat,Cabai Rawit Hijau,69466
2026-03-19,Jawa Barat,Cabai Rawit Hijau,69157
2026-03-20,Jawa Barat,Cabai Rawit Hijau,68841
2026-03-23,Jawa Barat,Cabai Rawit Hijau,70643
2026-03-24,Jawa Barat,Cabai Rawit Hijau,70296
2026-03-25,Jawa Barat,Cabai Rawit Hijau,70075
2026-03-26,Jawa Barat,Cabai Rawit Hijau,68567
2026-03-27,Jawa Barat,Cabai Rawit Hijau,69478
2026-03-30,Jawa Barat,Cabai Rawit Hijau,67500
2026-03-31,Jawa Barat,Cabai Rawit Hijau,66666
2026-04-01,Jawa Barat,Cabai Rawit Hijau,67129
2026-04-03,Jawa Barat,Cabai Rawit Hijau,65029
2026-04-06,Jawa Barat,Cabai Rawit Hijau,64985
2026-04-07,Jawa Barat,Cabai Rawit Hijau,64874
2026-04-08,Jawa Barat,Cabai Rawit Hijau,64284
2026-04-09,Jawa Barat,Cabai Rawit Hijau,64920
2026-04-13,Jawa Barat,Cabai Rawit Hijau,66100
2026-04-14,Jawa Barat,Cabai Rawit Hijau,65683
2026-04-15,Jawa Barat,Cabai Rawit Hijau,65795
2026-04-16,Jawa Barat,Cabai Rawit Hijau,65285
2026-04-17,Jawa Barat,Cabai Rawit Hijau,67343
2026-04-20,Jawa Barat,Cabai Rawit Hijau,67602
2026-04-21,Jawa Barat,Cabai Rawit Hijau,67180
2026-04-22,Jawa Barat,Cabai Rawit Hijau,69068
2026-04-24,Jawa Barat,Cabai Rawit Hijau,68967
2026-04-27,Jawa Barat,Cabai Rawit Hijau,69665
2026-04-28,Jawa Barat,Cabai Rawit Hijau,69160
2026-04-29,Jawa Barat,Cabai Rawit Hijau,68598
2026-04-30,Jawa Barat,Cabai Rawit Hijau,70062
2026-05-01,Jawa Barat,Cabai Rawit Hijau,70945
2026-05-04,Jawa Barat,Cabai Rawit Hijau,71662
2026-05-05,Jawa Barat,Cabai Rawit Hijau,72384
2026-05-06,Jawa Barat,Cabai Rawit Hijau,72808
2026-05-07,Jawa Barat,Cabai Rawit Hijau,74702
2026-05-08,Jawa Barat,Cabai Rawit Hijau,74744
2026-05-11,Jawa Barat,Cabai Rawit Hijau,73963
2026-05-12,Jawa Barat,Cabai Rawit Hijau,72842
2026-05-13,Jawa Barat,Cabai Rawit Hijau,72470
2026-05-14,Jawa Barat,Cabai Rawit Hijau,69761
2026-05-15,Jawa Barat,Cabai Rawit Hijau,71001
2026-05-18,Jawa Barat,Cabai Rawit Hijau,71360
2026-05-19,Jawa Barat,Cabai Rawit Hijau,70608
2026-05-20,Jawa Barat,Cabai Rawit Hijau,71572
2026-05-21,Jawa Barat,Cabai Rawit Hijau,70485
2026-05-22,Jawa Barat,Cabai Rawit Hijau,69603
2026-05-26,Jawa Barat,Cabai Rawit Hijau,71054
2026-05-27,Jawa Barat,Cabai Rawit Hijau,71403
2026-05-28,Jawa Barat,Cabai Rawit Hijau,68985
2026-05-29,Jawa Barat,Cabai Rawit Hijau,68142
2026-06-01,Jawa Barat,Cabai Rawit Hijau,67442
2026-06-02,Jawa Barat,Cabai Rawit Hijau,67617
2026-06-03,Jawa Barat,Cabai Rawit Hijau,66414
2026-06-04,Jawa Barat,Cabai Rawit Hijau,65300
2026-06-05,Jawa Barat,Cabai Rawit Hijau,65064
2026-06-08,Jawa Barat,Cabai Rawit Hijau,65598
2026-06-09,Jawa Barat,Cabai Rawit Hijau,66202
2026-06-10,Jawa Barat,Cabai Rawit Hijau,66267
2026-06-11,Jawa Barat,Cabai Rawit Hijau,67021
2026-06-12,Jawa Barat,Cabai Rawit Hijau,69228
2026-06-15,Jawa Barat,Cabai Rawit Hijau,70753
2026-06-16,Jawa Barat,Cabai Rawit Hijau,70284
2026-06-17,Jawa Barat,Cabai Rawit Hijau,68999
2026-06-18,Jawa Barat,Cabai Rawit Hijau,68643
2026-06-19,Jawa Barat,Cabai Rawit Hijau,67821
2026-06-22,Jawa Barat,Cabai Rawit Hijau,68211
2026-06-23,Jawa Barat,Cabai Rawit Hijau,67194
2026-06-24,Jawa Barat,Cabai Rawit Hijau,67108
2026-06-25,Jawa Barat,Cabai Rawit Hijau,66304
2026-06-26,Jawa Barat,Cabai Rawit Hijau,66028
2026-06-29,Jawa Barat,Cabai Rawit Hijau,65994
2026-06-30,Jawa Barat,Cabai Rawit Hijau,66508
2026-07-01,Jawa Barat,Cabai Rawit Hijau,66478
2026-07-02,Jawa Barat,Cabai Rawit Hijau,65963
2026-07-03,Jawa Barat,Cabai Rawit Hijau,66627
2026-07-06,Jawa Barat,Cabai Rawit Hijau,66643
2026-07-07,Jawa Barat,Cabai Rawit Hijau,66203
2026-07-08,Jawa Barat,Cabai Rawit Hijau,66743
2026-07-09,Jawa Barat,Cabai Rawit Hijau,66923
2026-07-10,Jawa Barat,Cabai Rawit Hijau,67391
2026-07-13,Jawa Barat,Cabai Rawit Hijau,68391
2026-07-14,Jawa Barat,Cabai Rawit Hijau,67416
2026-07-15,Jawa Barat,Cabai Rawit Hijau,69550
2026-07-16,Jawa Barat,Cabai Rawit Hijau,69933
2026-07-17,Jawa Barat,Cabai Rawit Hijau,68895
2026-07-20,Jawa Barat,Cabai Rawit Hijau,70050
2026-07-21,Jawa Barat,Cabai Rawit Hijau,69417
2026-07-22,Jawa Barat,Cabai Rawit Hijau,70966
2026-07-23,Jawa Barat,Cabai Rawit Hijau,70006
2026-07-24,Jawa Barat,Cabai Rawit Hijau,69919
2026-07-27,Jawa Barat,Cabai Rawit Hijau,70643
2026-07-28,Jawa Barat,Cabai Rawit Hijau,71234
2026-07-29,Jawa Barat,Cabai Rawit Hijau,71533
2026-07-30,Jawa Barat,Cabai Rawit Hijau,72465
2026-07-31,Jawa Barat,Cabai Rawit Hijau,72040
2026-08-03,Jawa Barat,Cabai Rawit Hijau,73039
2026-08-04,Jawa Barat,Cabai Rawit Hijau,72428
2026-08-05,Jawa Barat,Cabai Rawit Hijau,71175
2026-08-06,Jawa Barat,Cabai Rawit Hijau,72635
2026-08-07,Jawa Barat,Cabai Rawit Hijau,72103
2026-08-10,Jawa Barat,Cabai Rawit Hijau,70896
2026-08-11,Jawa Barat,Cabai Rawit Hijau,71506
2026-08-12,Jawa Barat,Cabai Rawit Hijau,71654
2026-08-14,Jawa Barat,Cabai Rawit Hijau,71662
2026-08-17,Jawa Barat,Cabai Rawit Hijau,72116
2026-08-18,Jawa Barat,Cabai Rawit Hijau,73490
2026-08-19,Jawa Barat,Cabai Rawit Hijau,73766
2026-08-20,Jawa Barat,Cabai Rawit Hijau,72368
2026-08-21,Jawa Barat,Cabai Rawit Hijau,72358
2026-08-24,Jawa Barat,Cabai Rawit Hijau,72764
2026-08-25,Jawa Barat,Cabai Rawit Hijau,74333
2026-08-26,Jawa Barat,Cabai Rawit Hijau,75023
2026-08-27,Jawa Barat,Cabai Rawit Hijau,74256
2026-08-28,Jawa Barat,Cabai Rawit Hijau,74202
2018-01-01,Jawa Barat,Cabai Rawit Merah,29593
2018-01-02,Jawa Barat,Cabai Rawit Merah,29692
2018-01-03,Jawa Barat,Cabai Rawit Merah,29363
2018-01-04,Jawa Barat,Cabai Rawit Merah,29517
2018-01-05,Jawa Barat,Cabai Rawit Merah,28953
2018-01-08,Jawa Barat,Cabai Rawit Merah,29016
2018-01-09,Jawa Barat,Cabai Rawit Merah,28359
2018-01-10,Jawa Barat,Cabai Rawit Merah,29359
2018-01-11,Jawa Barat,Cabai Rawit Merah,29707
2018-01-12,Jawa Barat,Cabai Rawit Merah,29344
2018-01-15,Jawa Barat,Cabai Rawit Merah,29310
2018-01-16,Jawa Barat,Cabai Rawit Merah,28865
2018-01-17,Jawa Barat,Cabai Rawit Merah,29030
2018-01-18,Jawa Barat,Cabai Rawit Merah,29420
2018-01-19,Jawa Barat,Cabai Rawit Merah,29846
2018-01-22,Jawa Barat,Cabai Rawit Merah,30249
2018-01-23,Jawa Barat,Cabai Rawit Merah,30592
2018-01-24,Jawa Barat,Cabai Rawit Merah,30665
2018-01-25,Jawa Barat,Cabai Rawit Merah,30627
2018-01-26,Jawa Barat,Cabai Rawit Merah,30490
2018-01-29,Jawa Barat,Cabai Rawit Merah,30154
2018-01-30,Jawa Barat,Cabai Rawit Merah,29985
2018-01-31,Jawa Barat,Cabai Rawit Merah,29779
2018-02-01,Jawa Barat,Cabai Rawit Merah,29240
2018-02-02,Jawa Barat,Cabai Rawit Merah,29106
2018-02-05,Jawa Barat,Cabai Rawit Merah,29007
2018-02-06,Jawa Barat,Cabai Rawit Merah,28554
2018-02-07,Jawa Barat,Cabai Rawit Merah,28812
2018-02-08,Jawa Barat,Cabai Rawit Merah,28861
2018-02-09,Jawa Barat,Cabai Rawit Merah,28371
2018-02-13,Jawa Barat,Cabai Rawit Merah,28171
2018-02-14,Jawa Barat,Cabai Rawit Merah,28035
2018-02-15,Jawa Barat,Cabai Rawit Merah,27990
2018-02-16,Jawa Barat,Cabai Rawit Merah,28415
2018-02-19,Jawa Barat,Cabai Rawit Merah,28195
2018-02-20,Jawa Barat,Cabai Rawit Merah,28278
2018-02-21,Jawa Barat,Cabai Rawit Merah,27995
2018-02-22,Jawa Barat,Cabai Rawit Merah,28231
2018-02-23,Jawa Barat,Cabai Rawit Merah,28325
2018-02-26,Jawa Barat,Cabai Rawit Merah,28218
2018-02-27,Jawa Barat,Cabai Rawit Merah,28585
2018-02-28,Jawa Barat,Cabai Rawit Merah,29303
2018-03-01,Jawa Barat,Cabai Rawit Merah,29193
2018-03-02,Jawa Barat,Cabai Rawit Merah,29287
2018-03-06,Jawa Barat,Cabai Rawit Merah,30323
2018-03-07,Jawa Barat,Cabai Rawit Merah,30216
2018-03-08,Jawa Barat,Cabai Rawit Merah,29953
2018-03-09,Jawa Barat,Cabai Rawit Merah,29726
2018-03-12,Jawa Barat,Cabai Rawit Merah,30118
2018-03-13,Jawa Barat,Cabai Rawit Merah,30417
2018-03-14,Jawa Barat,Cabai Rawit Merah,30687
2018-03-15,Jawa Barat,Cabai Rawit Merah,31001
2018-03-16,Jawa Barat,Cabai Rawit Merah,31318
2018-03-19,Jawa Barat,Cabai Rawit Merah,31405
2018-03-20,Jawa Barat,Cabai Rawit Merah,31495
2018-03-21,Jawa Barat,Cabai Rawit Merah,31246
2018-03-22,Jawa Barat,Cabai Rawit Merah,31111
2018-03-23,Jawa Barat,Cabai Rawit Merah,31441
2018-03-26,Jawa Barat,Cabai Rawit Merah,31080
2018-03-27,Jawa Barat,Cabai Rawit Merah,31070
2018-03-28,Jawa Barat,Cabai Rawit Merah,30853
2018-03-29,Jawa Barat,Cabai Rawit Merah,30450
2018-03-30,Jawa Barat,Cabai Rawit Merah,31186
2018-04-02,Jawa Barat,Cabai Rawit Merah,31333
2018-04-03,Jawa Barat,Cabai Rawit Merah,31031
2018-04-04,Jawa Barat,Cabai Rawit Merah,31943
2018-04-05,Jawa Barat,Cabai Rawit Merah,31459
2018-04-06,Jawa Barat,Cabai Rawit Merah,32255
2018-04-09,Jawa Barat,Cabai Rawit Merah,32318
2018-04-10,Jawa Barat,Cabai Rawit Merah,32015
2018-04-11,Jawa Barat,Cabai Rawit Merah,31507
2018-04-12,Jawa Barat,Cabai Rawit Merah,31785
2018-04-13,Jawa Barat,Cabai Rawit Merah,32343
2018-04-16,Jawa Barat,Cabai Rawit Merah,31770
2018-04-17,Jawa Barat,Cabai Rawit Merah,31020
2018-04-18,Jawa Barat,Cabai Rawit Merah,31119
2018-04-19,Jawa Barat,Cabai Rawit Merah,30993
2018-04-20,Jawa Barat,Cabai Rawit Merah,31053
2018-04-23,Jawa Barat,Cabai Rawit Merah,30834
2018-04-24,Jawa Barat,Cabai Rawit Merah,30290
2018-04-25,Jawa Barat,Cabai Rawit Merah,30203
2018-04-26,Jawa Barat,Cabai Rawit Merah,30780
2018-04-27,Jawa Barat,Cabai Rawit Merah,30843
2018-04-30,Jawa Barat,Cabai Rawit Merah,30373
2018-05-01,Jawa Barat,Cabai Rawit Merah,30773
2018-05-02,Jawa Barat,Cabai Rawit Merah,30342
2018-05-03,Jawa Barat,Cabai Rawit Merah,29893
2018-05-04,Jawa Barat,Cabai Rawit Merah,30473
2018-05-07,Jawa Barat,Cabai Rawit Merah,30153
2018-05-08,Jawa Barat,Cabai Rawit Merah,30469
2018-05-09,Jawa Barat,Cabai Rawit Merah,31053
2018-05-10,Jawa Barat,Cabai Rawit Merah,30897
2018-05-11,Jawa Barat,Cabai Rawit Merah,31224
2018-05-14,Jawa Barat,Cabai Rawit Merah,31489
2018-05-15,Jawa Barat,Cabai Rawit Merah,30933
2018-05-16,Jawa Barat,Cabai Rawit Merah,30924
2018-05-17,Jawa Barat,Cabai Rawit Merah,30864
2018-05-18,Jawa Barat,Cabai Rawit Merah,30792
2018-05-21,Jawa Barat,Cabai Rawit Merah,30681
2018-05-22,Jawa Barat,Cabai Rawit Merah,30742
2018-05-23,Jawa Barat,Cabai Rawit Merah,30867
2018-05-24,Jawa Barat,Cabai Rawit Merah,30910
2018-05-25,Jawa Barat,Cabai Rawit Merah,30910
2018-05-28,Jawa Barat,Cabai Rawit Merah,30650
2018-05-29,Jawa Barat,Cabai Rawit Merah,31323
2018-05-30,Jawa Barat,Cabai Rawit Merah,30812
2018-05-31,Jawa Barat,Cabai Rawit Merah,29591
2018-06-04,Jawa Barat,Cabai Rawit Merah,29446
2018-06-06,Jawa Barat,Cabai Rawit Merah,29036
2018-06-07,Jawa Barat,Cabai Rawit Merah,29768
2018-06-08,Jawa Barat,Cabai Rawit Merah,30511
2018-06-11,Jawa Barat,Cabai Rawit Merah,30847
2018-06-12,Jawa Barat,Cabai Rawit Merah,30866
2018-06-13,Jawa Barat,Cabai Rawit Merah,30627
2018-06-14,Jawa Barat,Cabai Rawit Merah,30480
2018-06-15,Jawa Barat,Cabai Rawit Merah,31376
2018-06-18,Jawa Barat,Cabai Rawit Merah,31723
2018-06-19,Jawa Barat,Cabai Rawit Merah,32512
2018-06-20,Jawa Barat,Cabai Rawit Merah,31580
2018-06-21,Jawa Barat,Cabai Rawit Merah,32371
2018-06-22,Jawa Barat,Cabai Rawit Merah,31639
2018-06-25,Jawa Barat,Cabai Rawit Merah,31739
2018-06-26,Jawa Barat,Cabai Rawit Merah,31703
2018-06-27,Jawa Barat,Cabai Rawit Merah,32213
2018-06-28,Jawa Barat,Cabai Rawit Merah,32201
2018-06-29,Jawa Barat,Cabai Rawit Merah,33205
2018-07-02,Jawa Barat,Cabai Rawit Merah,33191
2018-07-03,Jawa Barat,Cabai Rawit Merah,32757
2018-07-04,Jawa Barat,Cabai Rawit Merah,33067
2018-07-05,Jawa Barat,Cabai Rawit Merah,32495
2018-07-06,Jawa Barat,Cabai Rawit Merah,32034
2018-07-09,Jawa Barat,Cabai Rawit Merah,32288
2018-07-10,Jawa Barat,Cabai Rawit Merah,33081
2018-07-11,Jawa Barat,Cabai Rawit Merah,33693
2018-07-12,Jawa Barat,Cabai Rawit Merah,33491
2018-07-13,Jawa Barat,Cabai Rawit Merah,33448
2018-07-16,Jawa Barat,Cabai Rawit Merah,33199
2018-07-17,Jawa Barat,Cabai Rawit Merah,32950
2018-07-18,Jawa Barat,Cabai Rawit Merah,32728
2018-07-19,Jawa Barat,Cabai Rawit Merah,33220
2018-07-20,Jawa Barat,Cabai Rawit Merah,33908
2018-07-23,Jawa Barat,Cabai Rawit Merah,34221
2018-07-24,Jawa Barat,Cabai Rawit Merah,33705
2018-07-25,Jawa Barat,Cabai Rawit Merah,33730
2018-07-26,Jawa Barat,Cabai Rawit Merah,33660
2018-07-27,Jawa Barat,Cabai Rawit Merah,33941
2018-07-30,Jawa Barat,Cabai Rawit Merah,32947
2018-07-31,Jawa Barat,Cabai Rawit Merah,33158
2018-08-02,Jawa Barat,Cabai Rawit Merah,33273
2018-08-03,Jawa Barat,Cabai Rawit Merah,32775
2018-08-06,Jawa Barat,Cabai Rawit Merah,32908
2018-08-07,Jawa Barat,Cabai Rawit Merah,32425
2018-08-08,Jawa Barat,Cabai Rawit Merah,32563
2018-08-09,Jawa Barat,Cabai Rawit Merah,33189
2018-08-10,Jawa Barat,Cabai Rawit Merah,33299
2018-08-13,Jawa Barat,Cabai Rawit Merah,33597
2018-08-14,Jawa Barat,Cabai Rawit Merah,32884
2018-08-15,Jawa Barat,Cabai Rawit Merah,32766
2018-08-16,Jawa Barat,Cabai Rawit Merah,32777
2018-08-17,Jawa Barat,Cabai Rawit Merah,33082
2018-08-20,Jawa Barat,Cabai Rawit Merah,33053
2018-08-21,Jawa Barat,Cabai Rawit Merah,33012
2018-08-22,Jawa Barat,Cabai Rawit Merah,32593
2018-08-23,Jawa Barat,Cabai Rawit Merah,32750
2018-08-24,Jawa Barat,Cabai Rawit Merah,33851
2018-08-27,Jawa Barat,Cabai Rawit Merah,34359
2018-08-28,Jawa Barat,Cabai Rawit Merah,34820
2018-08-29,Jawa Barat,Cabai Rawit Merah,35344
2018-08-30,Jawa Barat,Cabai Rawit Merah,35399
2018-08-31,Jawa Barat,Cabai Rawit Merah,35129
2018-09-03,Jawa Barat,Cabai Rawit Merah,35174
2018-09-04,Jawa Barat,Cabai Rawit Merah,34592
2018-09-05,Jawa Barat,Cabai Rawit Merah,33902
2018-09-06,Jawa Barat,Cabai Rawit Merah,33672
2018-09-07,Jawa Barat,Cabai Rawit Merah,33707
2018-09-10,Jawa Barat,Cabai Rawit Merah,33244
2018-09-11,Jawa Barat,Cabai Rawit Merah,33027
2018-09-12,Jawa Barat,Cabai Rawit Merah,33455
2018-09-13,Jawa Barat,Cabai Rawit Merah,34148
2018-09-14,Jawa Barat,Cabai Rawit Merah,33516
2018-09-17,Jawa Barat,Cabai Rawit Merah,33349
2018-09-18,Jawa Barat,Cabai Rawit Merah,34028
2018-09-19,Jawa Barat,Cabai Rawit Merah,34520
2018-09-20,Jawa Barat,Cabai Rawit Merah,34967
2018-09-21,Jawa Barat,Cabai Rawit Merah,34914
2018-09-24,Jawa Barat,Cabai Rawit Merah,35067
2018-09-25,Jawa Barat,Cabai Rawit Merah,35422
2018-09-26,Jawa Barat,Cabai Rawit Merah,36358
2018-09-27,Jawa Barat,Cabai Rawit Merah,36048
2018-09-28,Jawa Barat,Cabai Rawit Merah,36087
2018-10-01,Jawa Barat,Cabai Rawit Merah,36027
2018-10-02,Jawa Barat,Cabai Rawit Merah,35909
2018-10-03,Jawa Barat,Cabai Rawit Merah,36228
2018-10-04,Jawa Barat,Cabai Rawit Merah,36543
2018-10-05,Jawa Barat,Cabai Rawit Merah,36587
2018-10-08,Jawa Barat,Cabai Rawit Merah,37259
2018-10-09,Jawa Barat,Cabai Rawit Merah,37632
2018-10-10,Jawa Barat,Cabai Rawit Merah,38161
2018-10-11,Jawa Barat,Cabai Rawit Merah,37840
2018-10-12,Jawa Barat,Cabai Rawit Merah,37905
2018-10-15,Jawa Barat,Cabai Rawit Merah,38417
2018-10-16,Jawa Barat,Cabai Rawit Merah,37903
2018-10-17,Jawa Barat,Cabai Rawit Merah,38253
2018-10-18,Jawa Barat,Cabai Rawit Merah,37732
2018-10-19,Jawa Barat,Cabai Rawit Merah,38132
2018-10-22,Jawa Barat,Cabai Rawit Merah,37915
2018-10-24,Jawa Barat,Cabai Rawit Merah,37866
2018-10-25,Jawa Barat,Cabai Rawit Merah,37413
2018-10-26,Jawa Barat,Cabai Rawit Merah,38050
2018-10-29,Jawa Barat,Cabai Rawit Merah,37447
2018-10-30,Jawa Barat,Cabai Rawit Merah,37042
2018-10-31,Jawa Barat,Cabai Rawit Merah,37768
2018-11-01,Jawa Barat,Cabai Rawit Merah,37498
2018-11-02,Jawa Barat,Cabai Rawit Merah,36918
2018-11-05,Jawa Barat,Cabai Rawit Merah,37033
2018-11-06,Jawa Barat,Cabai Rawit Merah,36899
2018-11-07,Jawa Barat,Cabai Rawit Merah,36571
2018-11-08,Jawa Barat,Cabai Rawit Merah,36839
2018-11-09,Jawa Barat,Cabai Rawit Merah,36057
2018-11-12,Jawa Barat,Cabai Rawit Merah,36051
2018-11-13,Jawa Barat,Cabai Rawit Merah,35381
2018-11-14,Jawa Barat,Cabai Rawit Merah,35961
2018-11-15,Jawa Barat,Cabai Rawit Merah,37062
2018-11-16,Jawa Barat,Cabai Rawit Merah,36663
2018-11-19,Jawa Barat,Cabai Rawit Merah,36781
2018-11-20,Jawa Barat,Cabai Rawit Merah,35937
2018-11-21,Jawa Barat,Cabai Rawit Merah,35239
2018-11-22,Jawa Barat,Cabai Rawit Merah,34989
2018-11-23,Jawa Barat,Cabai Rawit Merah,34830
2018-11-26,Jawa Barat,Cabai Rawit Merah,34527
2018-11-27,Jawa Barat,Cabai Rawit Merah,34457
2018-11-28,Jawa Barat,Cabai Rawit Merah,34743
2018-11-29,Jawa Barat,Cabai Rawit Merah,34745
2018-11-30,Jawa Barat,Cabai Rawit Merah,34956
2018-12-03,Jawa Barat,Cabai Rawit Merah,34397
2018-12-04,Jawa Barat,Cabai Rawit Merah,34329
2018-12-05,Jawa Barat,Cabai Rawit Merah,35122
2018-12-06,Jawa Barat,Cabai Rawit Merah,34768
2018-12-07,Jawa Barat,Cabai Rawit Merah,34859
2018-12-10,Jawa Barat,Cabai Rawit Merah,34977
2018-12-11,Jawa Barat,Cabai Rawit Merah,34558
2018-12-12,Jawa Barat,Cabai Rawit Merah,33972
2018-12-13,Jawa Barat,Cabai Rawit Merah,33933
2018-12-14,Jawa Barat,Cabai Rawit Merah,33891
2018-12-17,Jawa Barat,Cabai Rawit Merah,33723
2018-12-18,Jawa Barat,Cabai Rawit Merah,34868
2018-12-19,Jawa Barat,Cabai Rawit Merah,34409
2018-12-20,Jawa Barat,Cabai Rawit Merah,34321
2018-12-21,Jawa Barat,Cabai Rawit Merah,34954
2018-12-24,Jawa Barat,Cabai Rawit Merah,34299
2018-12-25,Jawa Barat,Cabai Rawit Merah,34368
2018-12-26,Jawa Barat,Cabai Rawit Merah,34126
2018-12-28,Jawa Barat,Cabai Rawit Merah,34366
2019-01-01,Jawa Barat,Cabai Rawit Merah,33968
2019-01-02,Jawa Barat,Cabai Rawit Merah,34081
2019-01-03,Jawa Barat,Cabai Rawit Merah,33708
2019-01-04,Jawa Barat,Cabai Rawit Merah,33411
2019-01-07,Jawa Barat,Cabai Rawit Merah,32702
2019-01-08,Jawa Barat,Cabai Rawit Merah,32689
2019-01-09,Jawa Barat,Cabai Rawit Merah,32660
2019-01-10,Jawa Barat,Cabai Rawit Merah,32490
2019-01-11,Jawa Barat,Cabai Rawit Merah,32237
2019-01-14,Jawa Barat,Cabai Rawit Merah,32981
2019-01-15,Jawa Barat,Cabai Rawit Merah,33225
2019-01-16,Jawa Barat,Cabai Rawit Merah,32896
2019-01-17,Jawa Barat,Cabai Rawit Merah,32758
2019-01-18,Jawa Barat,Cabai Rawit Merah,32576
2019-01-21,Jawa Barat,Cabai Rawit Merah,32277
2019-01-22,Jawa Barat,Cabai Rawit Merah,32372
2019-01-23,Jawa Barat,Cabai Rawit Merah,32555
2019-01-24,Jawa Barat,Cabai Rawit Merah,32427
2019-01-25,Jawa Barat,Cabai Rawit Merah,31811
2019-01-28,Jawa Barat,Cabai Rawit Merah,32170
2019-01-29,Jawa Barat,Cabai Rawit Merah,31493
2019-01-30,Jawa Barat,Cabai Rawit Merah,31329
2019-01-31,Jawa Barat,Cabai Rawit Merah,31289
2019-02-01,Jawa Barat,Cabai Rawit Merah,30878
2019-02-04,Jawa Barat,Cabai Rawit Merah,30405
2019-02-05,Jawa Barat,Cabai Rawit Merah,30243
2019-02-06,Jawa Barat,Cabai Rawit Merah,30629
2019-02-07,Jawa Barat,Cabai Rawit Merah,30803
2019-02-08,Jawa Barat,Cabai Rawit Merah,31447
2019-02-11,Jawa Barat,Cabai Rawit Merah,31522
2019-02-12,Jawa Barat,Cabai Rawit Merah,32279
2019-02-13,Jawa Barat,Cabai Rawit Merah,32840
2019-02-14,Jawa Barat,Cabai Rawit Merah,32862
2019-02-15,Jawa Barat,Cabai Rawit Merah,33302
2019-02-18,Jawa Barat,Cabai Rawit Merah,34163
2019-02-19,Jawa Barat,Cabai Rawit Merah,34495
2019-02-20,Jawa Barat,Cabai Rawit Merah,34091
2019-02-21,Jawa Barat,Cabai Rawit Merah,33814
2019-02-22,Jawa Barat,Cabai Rawit Merah,34282
2019-02-25,Jawa Barat,Cabai Rawit Merah,33749
2019-02-26,Jawa Barat,Cabai Rawit Merah,34192
2019-02-27,Jawa Barat,Cabai Rawit Merah,34475
2019-02-28,Jawa Barat,Cabai Rawit Merah,34250
2019-03-04,Jawa Barat,Cabai Rawit Merah,34028
2019-03-05,Jawa Barat,Cabai Rawit Merah,34586
2019-03-06,Jawa Barat,Cabai Rawit Merah,35181
2019-03-07,Jawa Barat,Cabai Rawit Merah,35127
2019-03-08,Jawa Barat,Cabai Rawit Merah,34800
2019-03-12,Jawa Barat,Cabai Rawit Merah,33695
2019-03-13,Jawa Barat,Cabai Rawit Merah,33179
2019-03-14,Jawa Barat,Cabai Rawit Merah,33272
2019-03-15,Jawa Barat,Cabai Rawit Merah,33652
2019-03-18,Jawa Barat,Cabai Rawit Merah,33184
2019-03-19,Jawa Barat,Cabai Rawit Merah,33497
2019-03-20,Jawa Barat,Cabai Rawit Merah,33373
2019-03-21,Jawa Barat,Cabai Rawit Merah,33181
2019-03-22,Jawa Barat,Cabai Rawit Merah,33680
2019-03-25,Jawa Barat,Cabai Rawit Merah,34474
2019-03-26,Jawa Barat,Cabai Rawit Merah,33612
2019-03-27,Jawa Barat,Cabai Rawit Merah,33902
2019-03-28,Jawa Barat,Cabai Rawit Merah,33272
2019-03-29,Jawa Barat,Cabai Rawit Merah,33364
2019-04-01,Jawa Barat,Cabai Rawit Merah,33047
2019-04-02,Jawa Barat,Cabai Rawit Merah,33942
2019-04-03,Jawa Barat,Cabai Rawit Merah,34280
2019-04-04,Jawa Barat,Cabai Rawit Merah,33884
2019-04-05,Jawa Barat,Cabai Rawit Merah,33740
2019-04-08,Jawa Barat,Cabai Rawit Merah,33714
2019-04-09,Jawa Barat,Cabai Rawit Merah,33208
2019-04-10,Jawa Barat,Cabai Rawit Merah,33261
2019-04-11,Jawa Barat,Cabai Rawit Merah,33735
2019-04-12,Jawa Barat,Cabai Rawit Merah,32979
2019-04-15,Jawa Barat,Cabai Rawit Merah,32765
2019-04-16,Jawa Barat,Cabai Rawit Merah,33378
2019-04-17,Jawa Barat,Cabai Rawit Merah,34238
2019-04-18,Jawa Barat,Cabai Rawit Merah,34455
2019-04-19,Jawa Barat,Cabai Rawit Merah,34016
2019-04-22,Jawa Barat,Cabai Rawit Merah,34340
2019-04-23,Jawa Barat,Cabai Rawit Merah,34746
2019-04-24,Jawa Barat,Cabai Rawit Merah,34827
2019-04-25,Jawa Barat,Cabai Rawit Merah,34599
2019-04-26,Jawa Barat,Cabai Rawit Merah,34895
2019-04-29,Jawa Barat,Cabai Rawit Merah,34811
2019-04-30,Jawa Barat,Cabai Rawit Merah,35149
2019-05-01,Jawa Barat,Cabai Rawit Merah,34701
2019-05-02,Jawa Barat,Cabai Rawit Merah,34296
2019-05-03,Jawa Barat,Cabai Rawit Merah,34597
2019-05-06,Jawa Barat,Cabai Rawit Merah,34157
2019-05-07,Jawa Barat,Cabai Rawit Merah,34102
2019-05-08,Jawa Barat,Cabai Rawit Merah,33993
2019-05-09,Jawa Barat,Cabai Rawit Merah,33500
2019-05-13,Jawa Barat,Cabai Rawit Merah,32333
2019-05-14,Jawa Barat,Cabai Rawit Merah,32387
2019-05-15,Jawa Barat,Cabai Rawit Merah,31877
2019-05-16,Jawa Barat,Cabai Rawit Merah,31548
2019-05-17,Jawa Barat,Cabai Rawit Merah,31742
2019-05-20,Jawa Barat,Cabai Rawit Merah,32349
2019-05-21,Jawa Barat,Cabai Rawit Merah,32201
2019-05-23,Jawa Barat,Cabai Rawit Merah,31615
2019-05-24,Jawa Barat,Cabai Rawit Merah,31099
2019-05-27,Jawa Barat,Cabai Rawit Merah,31358
2019-05-28,Jawa Barat,Cabai Rawit Merah,30606
2019-05-29,Jawa Barat,Cabai Rawit Merah,30751
2019-05-30,Jawa Barat,Cabai Rawit Merah,30876
2019-05-31,Jawa Barat,Cabai Rawit Merah,31376
2019-06-03,Jawa Barat,Cabai Rawit Merah,31312
2019-06-04,Jawa Barat,Cabai Rawit Merah,30777
2019-06-05,Jawa Barat,Cabai Rawit Merah,30917
2019-06-06,Jawa Barat,Cabai Rawit Merah,31208
2019-06-07,Jawa Barat,Cabai Rawit Merah,31663
2019-06-10,Jawa Barat,Cabai Rawit Merah,31501
2019-06-11,Jawa Barat,Cabai Rawit Merah,31776
2019-06-12,Jawa Barat,Cabai Rawit Merah,31898
2019-06-13,Jawa Barat,Cabai Rawit Merah,31728
2019-06-14,Jawa Barat,Cabai Rawit Merah,31337
2019-06-17,Jawa Barat,Cabai Rawit Merah,31097
2019-06-18,Jawa Barat,Cabai Rawit Merah,30951
2019-06-19,Jawa Barat,Cabai Rawit Merah,30367
2019-06-20,Jawa Barat,Cabai Rawit Merah,30638
2019-06-21,Jawa Barat,Cabai Rawit Merah,31080
2019-06-24,Jawa Barat,Cabai Rawit Merah,32008
2019-06-25,Jawa Barat,Cabai Rawit Merah,31610
2019-06-26,Jawa Barat,Cabai Rawit Merah,31718
2019-06-27,Jawa Barat,Cabai Rawit Merah,32090
2019-06-28,Jawa Barat,Cabai Rawit Merah,32730
2019-07-01,Jawa Barat,Cabai Rawit Merah,31928
2019-07-02,Jawa Barat,Cabai Rawit Merah,31591
2019-07-03,Jawa Barat,Cabai Rawit Merah,31889
2019-07-04,Jawa Barat,Cabai Rawit Merah,31869
2019-07-05,Jawa Barat,Cabai Rawit Merah,31207
2019-07-08,Jawa Barat,Cabai Rawit Merah,31637
2019-07-09,Jawa Barat,Cabai Rawit Merah,31849
2019-07-10,Jawa Barat,Cabai Rawit Merah,31505
2019-07-11,Jawa Barat,Cabai Rawit Merah,31577
2019-07-12,Jawa Barat,Cabai Rawit Merah,31385
2019-07-15,Jawa Barat,Cabai Rawit Merah,30937
2019-07-16,Jawa Barat,Cabai Rawit Merah,30768
2019-07-17,Jawa Barat,Cabai Rawit Merah,30113
2019-07-18,Jawa Barat,Cabai Rawit Merah,30697
2019-07-22,Jawa Barat,Cabai Rawit Merah,30856
2019-07-23,Jawa Barat,Cabai Rawit Merah,31313
2019-07-24,Jawa Barat,Cabai Rawit Merah,30980
2019-07-25,Jawa Barat,Cabai Rawit Merah,31420
2019-07-26,Jawa Barat,Cabai Rawit Merah,31953
2019-07-29,Jawa Barat,Cabai Rawit Merah,32380
2019-07-30,Jawa Barat,Cabai Rawit Merah,31547
2019-07-31,Jawa Barat,Cabai Rawit Merah,31346
2019-08-01,Jawa Barat,Cabai Rawit Merah,31773
2019-08-02,Jawa Barat,Cabai Rawit Merah,32160
2019-08-05,Jawa Barat,Cabai Rawit Merah,31796
2019-08-06,Jawa Barat,Cabai Rawit Merah,31852
2019-08-07,Jawa Barat,Cabai Rawit Merah,32270
2019-08-08,Jawa Barat,Cabai Rawit Merah,32689
2019-08-09,Jawa Barat,Cabai Rawit Merah,33157
2019-08-12,Jawa Barat,Cabai Rawit Merah,33442
2019-08-13,Jawa Barat,Cabai Rawit Merah,33852
2019-08-14,Jawa Barat,Cabai Rawit Merah,34237
2019-08-15,Jawa Barat,Cabai Rawit Merah,34577
2019-08-16,Jawa Barat,Cabai Rawit Merah,34464
2019-08-19,Jawa Barat,Cabai Rawit Merah,34281
2019-08-20,Jawa Barat,Cabai Rawit Merah,34792
2019-08-22,Jawa Barat,Cabai Rawit Merah,34158
2019-08-23,Jawa Barat,Cabai Rawit Merah,34043
2019-08-26,Jawa Barat,Cabai Rawit Merah,34222
2019-08-27,Jawa Barat,Cabai Rawit Merah,34369
2019-08-28,Jawa Barat,Cabai Rawit Merah,35365
2019-08-29,Jawa Barat,Cabai Rawit Merah,35402
2019-08-30,Jawa Barat,Cabai Rawit Merah,35254
2019-09-02,Jawa Barat,Cabai Rawit Merah,35253
2019-09-03,Jawa Barat,Cabai Rawit Merah,34973
2019-09-04,Jawa Barat,Cabai Rawit Merah,34571
2019-09-05,Jawa Barat,Cabai Rawit Merah,34448
2019-09-06,Jawa Barat,Cabai Rawit Merah,35109
2019-09-09,Jawa Barat,Cabai Rawit Merah,35463
2019-09-10,Jawa Barat,Cabai Rawit Merah,35511
2019-09-11,Jawa Barat,Cabai Rawit Merah,35816
2019-09-12,Jawa Barat,Cabai Rawit Merah,35661
2019-09-13,Jawa Barat,Cabai Rawit Merah,35046
2019-09-16,Jawa Barat,Cabai Rawit Merah,35841
2019-09-17,Jawa Barat,Cabai Rawit Merah,36616
2019-09-19,Jawa Barat,Cabai Rawit Merah,37370
2019-09-20,Jawa Barat,Cabai Rawit Merah,36939
2019-09-23,Jawa Barat,Cabai Rawit Merah,36079
2019-09-24,Jawa Barat,Cabai Rawit Merah,35784
2019-09-25,Jawa Barat,Cabai Rawit Merah,35562
2019-09-26,Jawa Barat,Cabai Rawit Merah,35435
2019-09-27,Jawa Barat,Cabai Rawit Merah,35393
2019-09-30,Jawa Barat,Cabai Rawit Merah,35253
2019-10-01,Jawa Barat,Cabai Rawit Merah,35688
2019-10-02,Jawa Barat,Cabai Rawit Merah,35545
2019-10-03,Jawa Barat,Cabai Rawit Merah,35799
2019-10-04,Jawa Barat,Cabai Rawit Merah,35729
2019-10-07,Jawa Barat,Cabai Rawit Merah,35662
2019-10-08,Jawa Barat,Cabai Rawit Merah,35769
2019-10-09,Jawa Barat,Cabai Rawit Merah,35262
2019-10-10,Jawa Barat,Cabai Rawit Merah,35203
2019-10-11,Jawa Barat,Cabai Rawit Merah,34484
2019-10-14,Jawa Barat,Cabai Rawit Merah,34633
2019-10-15,Jawa Barat,Cabai Rawit Merah,34164
2019-10-16,Jawa Barat,Cabai Rawit Merah,34279
2019-10-17,Jawa Barat,Cabai Rawit Merah,34199
2019-10-18,Jawa Barat,Cabai Rawit Merah,34569
2019-10-21,Jawa Barat,Cabai Rawit Merah,34908
2019-10-22,Jawa Barat,Cabai Rawit Merah,34726
2019-10-23,Jawa Barat,Cabai Rawit Merah,34998
2019-10-24,Jawa Barat,Cabai Rawit Merah,34298
2019-10-25,Jawa Barat,Cabai Rawit Merah,34662
2019-10-28,Jawa Barat,Cabai Rawit Merah,33969
2019-10-29,Jawa Barat,Cabai Rawit Merah,34138
2019-10-30,Jawa Barat,Cabai Rawit Merah,34193
2019-10-31,Jawa Barat,Cabai Rawit Merah,33043
2019-11-01,Jawa Barat,Cabai Rawit Merah,33036
2019-11-04,Jawa Barat,Cabai Rawit Merah,33556
2019-11-05,Jawa Barat,Cabai Rawit Merah,33612
2019-11-06,Jawa Barat,Cabai Rawit Merah,33539
2019-11-07,Jawa Barat,Cabai Rawit Merah,34083
2019-11-08,Jawa Barat,Cabai Rawit Merah,34128
2019-11-11,Jawa Barat,Cabai Rawit Merah,34218
2019-11-12,Jawa Barat,Cabai Rawit Merah,34012
2019-11-13,Jawa Barat,Cabai Rawit Merah,33922
2019-11-14,Jawa Barat,Cabai Rawit Merah,33567
2019-11-15,Jawa Barat,Cabai Rawit Merah,33402
2019-11-18,Jawa Barat,Cabai Rawit Merah,33204
2019-11-19,Jawa Barat,Cabai Rawit Merah,32773
2019-11-20,Jawa Barat,Cabai Rawit Merah,32794
2019-11-21,Jawa Barat,Cabai Rawit Merah,33864
2019-11-22,Jawa Barat,Cabai Rawit Merah,33962
2019-11-25,Jawa Barat,Cabai Rawit Merah,34251
2019-11-26,Jawa Barat,Cabai Rawit Merah,34434
2019-11-27,Jawa Barat,Cabai Rawit Merah,34208
2019-11-28,Jawa Barat,Cabai Rawit Merah,34607
2019-11-29,Jawa Barat,Cabai Rawit Merah,34419
2019-12-02,Jawa Barat,Cabai Rawit Merah,35027
2019-12-03,Jawa Barat,Cabai Rawit Merah,35075
2019-12-04,Jawa Barat,Cabai Rawit Merah,35119
2019-12-06,Jawa Barat,Cabai Rawit Merah,35172
2019-12-09,Jawa Barat,Cabai Rawit Merah,35705
2019-12-10,Jawa Barat,Cabai Rawit Merah,35608
2019-12-11,Jawa Barat,Cabai Rawit Merah,35892
2019-12-12,Jawa Barat,Cabai Rawit Merah,35577
2019-12-13,Jawa Barat,Cabai Rawit Merah,35791
2019-12-16,Jawa Barat,Cabai Rawit Merah,35879
2019-12-17,Jawa Barat,Cabai Rawit Merah,35562
2019-12-18,Jawa Barat,Cabai Rawit Merah,35824
2019-12-19,Jawa Barat,Cabai Rawit Merah,35871
2019-12-20,Jawa Barat,Cabai Rawit Merah,35856
2019-12-23,Jawa Barat,Cabai Rawit Merah,35240
2019-12-24,Jawa Barat,Cabai Rawit Merah,35155
2019-12-25,Jawa Barat,Cabai Rawit Merah,35804
2019-12-26,Jawa Barat,Cabai Rawit Merah,36175
2019-12-27,Jawa Barat,Cabai Rawit Merah,36215
2019-12-30,Jawa Barat,Cabai Rawit Merah,37236
2019-12-31,Jawa Barat,Cabai Rawit Merah,37965
2020-01-01,Jawa Barat,Cabai Rawit Merah,39074
2020-01-02,Jawa Barat,Cabai Rawit Merah,38705
2020-01-03,Jawa Barat,Cabai Rawit Merah,38542
2020-01-06,Jawa Barat,Cabai Rawit Merah,37764
2020-01-07,Jawa Barat,Cabai Rawit Merah,37196
2020-01-08,Jawa Barat,Cabai Rawit Merah,36750
2020-01-09,Jawa Barat,Cabai Rawit Merah,38074
2020-01-10,Jawa Barat,Cabai Rawit Merah,38641
2020-01-13,Jawa Barat,Cabai Rawit Merah,39228
2020-01-14,Jawa Barat,Cabai Rawit Merah,39486
2020-01-15,Jawa Barat,Cabai Rawit Merah,38279
2020-01-16,Jawa Barat,Cabai Rawit Merah,37969
2020-01-17,Jawa Barat,Cabai Rawit Merah,37591
2020-01-20,Jawa Barat,Cabai Rawit Merah,37032
2020-01-21,Jawa Barat,Cabai Rawit Merah,37613
2020-01-22,Jawa Barat,Cabai Rawit Merah,37658
2020-01-23,Jawa Barat,Cabai Rawit Merah,37164
2020-01-24,Jawa Barat,Cabai Rawit Merah,37195
2020-01-27,Jawa Barat,Cabai Rawit Merah,37300
2020-01-28,Jawa Barat,Cabai Rawit Merah,37496
2020-01-29,Jawa Barat,Cabai Rawit Merah,37498
2020-01-30,Jawa Barat,Cabai Rawit Merah,37430
2020-01-31,Jawa Barat,Cabai Rawit Merah,36852
2020-02-03,Jawa Barat,Cabai Rawit Merah,36771
2020-02-04,Jawa Barat,Cabai Rawit Merah,36718
2020-02-05,Jawa Barat,Cabai Rawit Merah,36486
2020-02-06,Jawa Barat,Cabai Rawit Merah,36230
2020-02-07,Jawa Barat,Cabai Rawit Merah,36026
2020-02-10,Jawa Barat,Cabai Rawit Merah,36068
2020-02-11,Jawa Barat,Cabai Rawit Merah,35482
2020-02-12,Jawa Barat,Cabai Rawit Merah,35102
2020-02-13,Jawa Barat,Cabai Rawit Merah,35200
2020-02-14,Jawa Barat,Cabai Rawit Merah,35366
2020-02-17,Jawa Barat,Cabai Rawit Merah,35837
2020-02-18,Jawa Barat,Cabai Rawit Merah,36982
2020-02-19,Jawa Barat,Cabai Rawit Merah,37220
2020-02-20,Jawa Barat,Cabai Rawit Merah,36716
2020-02-21,Jawa Barat,Cabai Rawit Merah,37210
2020-02-24,Jawa Barat,Cabai Rawit Merah,36900
2020-02-25,Jawa Barat,Cabai Rawit Merah,36561
2020-02-26,Jawa Barat,Cabai Rawit Merah,35979
2020-02-27,Jawa Barat,Cabai Rawit Merah,36242
2020-02-28,Jawa Barat,Cabai Rawit Merah,36204
2020-03-02,Jawa Barat,Cabai Rawit Merah,36676
2020-03-03,Jawa Barat,Cabai Rawit Merah,36306
2020-03-04,Jawa Barat,Cabai Rawit Merah,35700
2020-03-05,Jawa Barat,Cabai Rawit Merah,36197
2020-03-06,Jawa Barat,Cabai Rawit Merah,36770
2020-03-09,Jawa Barat,Cabai Rawit Merah,36457
2020-03-10,Jawa Barat,Cabai Rawit Merah,36241
2020-03-11,Jawa Barat,Cabai Rawit Merah,36424
2020-03-12,Jawa Barat,Cabai Rawit Merah,35983
2020-03-13,Jawa Barat,Cabai Rawit Merah,35279
2020-03-17,Jawa Barat,Cabai Rawit Merah,35104
2020-03-18,Jawa Barat,Cabai Rawit Merah,35360
2020-03-19,Jawa Barat,Cabai Rawit Merah,35512
2020-03-20,Jawa Barat,Cabai Rawit Merah,35645
2020-03-23,Jawa Barat,Cabai Rawit Merah,35603
2020-03-24,Jawa Barat,Cabai Rawit Merah,35019
2020-03-25,Jawa Barat,Cabai Rawit Merah,34855
2020-03-26,Jawa Barat,Cabai Rawit Merah,35063
2020-03-27,Jawa Barat,Cabai Rawit Merah,35088
2020-03-30,Jawa Barat,Cabai Rawit Merah,36397
2020-03-31,Jawa Barat,Cabai Rawit Merah,36644
2020-04-01,Jawa Barat,Cabai Rawit Merah,36208
2020-04-02,Jawa Barat,Cabai Rawit Merah,36393
2020-04-03,Jawa Barat,Cabai Rawit Merah,36918
2020-04-06,Jawa Barat,Cabai Rawit Merah,36238
2020-04-07,Jawa Barat,Cabai Rawit Merah,37002
2020-04-08,Jawa Barat,Cabai Rawit Merah,37498
2020-04-09,Jawa Barat,Cabai Rawit Merah,38246
2020-04-10,Jawa Barat,Cabai Rawit Merah,38933
2020-04-13,Jawa Barat,Cabai Rawit Merah,38962
2020-04-14,Jawa Barat,Cabai Rawit Merah,38615
2020-04-15,Jawa Barat,Cabai Rawit Merah,38881
2020-04-16,Jawa Barat,Cabai Rawit Merah,38783
2020-04-17,Jawa Barat,Cabai Rawit Merah,38401
2020-04-20,Jawa Barat,Cabai Rawit Merah,38006
2020-04-21,Jawa Barat,Cabai Rawit Merah,38701
2020-04-22,Jawa Barat,Cabai Rawit Merah,38529
2020-04-23,Jawa Barat,Cabai Rawit Merah,38289
2020-04-24,Jawa Barat,Cabai Rawit Merah,38096
2020-04-27,Jawa Barat,Cabai Rawit Merah,38437
2020-04-28,Jawa Barat,Cabai Rawit Merah,39297
2020-04-29,Jawa Barat,Cabai Rawit Merah,37823
2020-04-30,Jawa Barat,Cabai Rawit Merah,37428
2020-05-01,Jawa Barat,Cabai Rawit Merah,38129
2020-05-04,Jawa Barat,Cabai Rawit Merah,38442
2020-05-05,Jawa Barat,Cabai Rawit Merah,38029
2020-05-06,Jawa Barat,Cabai Rawit Merah,38288
2020-05-07,Jawa Barat,Cabai Rawit Merah,38181
2020-05-08,Jawa Barat,Cabai Rawit Merah,39021
2020-05-11,Jawa Barat,Cabai Rawit Merah,38617
2020-05-12,Jawa Barat,Cabai Rawit Merah,38931
2020-05-13,Jawa Barat,Cabai Rawit Merah,38271
2020-05-14,Jawa Barat,Cabai Rawit Merah,38217
2020-05-15,Jawa Barat,Cabai Rawit Merah,38925
2020-05-18,Jawa Barat,Cabai Rawit Merah,39687
2020-05-19,Jawa Barat,Cabai Rawit Merah,39210
2020-05-20,Jawa Barat,Cabai Rawit Merah,38432
2020-05-21,Jawa Barat,Cabai Rawit Merah,38320
2020-05-22,Jawa Barat,Cabai Rawit Merah,38615
2020-05-25,Jawa Barat,Cabai Rawit Merah,38314
2020-05-26,Jawa Barat,Cabai Rawit Merah,38010
2020-05-27,Jawa Barat,Cabai Rawit Merah,38380
2020-05-28,Jawa Barat,Cabai Rawit Merah,37779
2020-05-29,Jawa Barat,Cabai Rawit Merah,37760
2020-06-01,Jawa Barat,Cabai Rawit Merah,37991
2020-06-02,Jawa Barat,Cabai Rawit Merah,37636
2020-06-03,Jawa Barat,Cabai Rawit Merah,37279
2020-06-04,Jawa Barat,Cabai Rawit Merah,38230
2020-06-05,Jawa Barat,Cabai Rawit Merah,38766
2020-06-08,Jawa Barat,Cabai Rawit Merah,38436
2020-06-09,Jawa Barat,Cabai Rawit Merah,37835
2020-06-10,Jawa Barat,Cabai Rawit Merah,37570
2020-06-11,Jawa Barat,Cabai Rawit Merah,37803
2020-06-12,Jawa Barat,Cabai Rawit Merah,37759
2020-06-15,Jawa Barat,Cabai Rawit Merah,37327
2020-06-16,Jawa Barat,Cabai Rawit Merah,37600
2020-06-17,Jawa Barat,Cabai Rawit Merah,37048
2020-06-18,Jawa Barat,Cabai Rawit Merah,37214
2020-06-19,Jawa Barat,Cabai Rawit Merah,38194
2020-06-22,Jawa Barat,Cabai Rawit Merah,38271
2020-06-23,Jawa Barat,Cabai Rawit Merah,38372
2020-06-24,Jawa Barat,Cabai Rawit Merah,37960
2020-06-25,Jawa Barat,Cabai Rawit Merah,37850
2020-06-26,Jawa Barat,Cabai Rawit Merah,37604
2020-06-29,Jawa Barat,Cabai Rawit Merah,37698
2020-06-30,Jawa Barat,Cabai Rawit Merah,37428
2020-07-01,Jawa Barat,Cabai Rawit Merah,37197
2020-07-02,Jawa Barat,Cabai Rawit Merah,37685
2020-07-03,Jawa Barat,Cabai Rawit Merah,37699
2020-07-06,Jawa Barat,Cabai Rawit Merah,38034
2020-07-07,Jawa Barat,Cabai Rawit Merah,39134
2020-07-08,Jawa Barat,Cabai Rawit Merah,39273
2020-07-09,Jawa Barat,Cabai Rawit Merah,40240
2020-07-10,Jawa Barat,Cabai Rawit Merah,40274
2020-07-13,Jawa Barat,Cabai Rawit Merah,40624
2020-07-14,Jawa Barat,Cabai Rawit Merah,41176
2020-07-15,Jawa Barat,Cabai Rawit Merah,41035
2020-07-16,Jawa Barat,Cabai Rawit Merah,41299
2020-07-17,Jawa Barat,Cabai Rawit Merah,41132
2020-07-20,Jawa Barat,Cabai Rawit Merah,41349
2020-07-21,Jawa Barat,Cabai Rawit Merah,41008
2020-07-23,Jawa Barat,Cabai Rawit Merah,40109
2020-07-24,Jawa Barat,Cabai Rawit Merah,40000
2020-07-27,Jawa Barat,Cabai Rawit Merah,40042
2020-07-28,Jawa Barat,Cabai Rawit Merah,40575
2020-07-29,Jawa Barat,Cabai Rawit Merah,41575
2020-07-30,Jawa Barat,Cabai Rawit Merah,41338
2020-07-31,Jawa Barat,Cabai Rawit Merah,40825
2020-08-03,Jawa Barat,Cabai Rawit Merah,41531
2020-08-04,Jawa Barat,Cabai Rawit Merah,42025
2020-08-05,Jawa Barat,Cabai Rawit Merah,41887
2020-08-06,Jawa Barat,Cabai Rawit Merah,41928
2020-08-07,Jawa Barat,Cabai Rawit Merah,41608
2020-08-10,Jawa Barat,Cabai Rawit Merah,42337
2020-08-11,Jawa Barat,Cabai Rawit Merah,42497
2020-08-12,Jawa Barat,Cabai Rawit Merah,42270
2020-08-13,Jawa Barat,Cabai Rawit Merah,42475
2020-08-14,Jawa Barat,Cabai Rawit Merah,42708
2020-08-17,Jawa Barat,Cabai Rawit Merah,43550
2020-08-18,Jawa Barat,Cabai Rawit Merah,44078
2020-08-19,Jawa Barat,Cabai Rawit Merah,43340
2020-08-20,Jawa Barat,Cabai Rawit Merah,43972
2020-08-21,Jawa Barat,Cabai Rawit Merah,43633
2020-08-24,Jawa Barat,Cabai Rawit Merah,44321
2020-08-25,Jawa Barat,Cabai Rawit Merah,43442
2020-08-26,Jawa Barat,Cabai Rawit Merah,44042
2020-08-27,Jawa Barat,Cabai Rawit Merah,44250
2020-08-28,Jawa Barat,Cabai Rawit Merah,43323
2020-08-31,Jawa Barat,Cabai Rawit Merah,43689
2020-09-01,Jawa Barat,Cabai Rawit Merah,44292
2020-09-02,Jawa Barat,Cabai Rawit Merah,44243
2020-09-03,Jawa Barat,Cabai Rawit Merah,43978
2020-09-04,Jawa Barat,Cabai Rawit Merah,44018
2020-09-07,Jawa Barat,Cabai Rawit Merah,43652
2020-09-08,Jawa Barat,Cabai Rawit Merah,43664
2020-09-09,Jawa Barat,Cabai Rawit Merah,43269
2020-09-10,Jawa Barat,Cabai Rawit Merah,43615
2020-09-11,Jawa Barat,Cabai Rawit Merah,43570
2020-09-14,Jawa Barat,Cabai Rawit Merah,44135
2020-09-15,Jawa Barat,Cabai Rawit Merah,43771
2020-09-16,Jawa Barat,Cabai Rawit Merah,43482
2020-09-17,Jawa Barat,Cabai Rawit Merah,44042
2020-09-18,Jawa Barat,Cabai Rawit Merah,43545
2020-09-21,Jawa Barat,Cabai Rawit Merah,42883
2020-09-22,Jawa Barat,Cabai Rawit Merah,42602
2020-09-23,Jawa Barat,Cabai Rawit Merah,42955
2020-09-24,Jawa Barat,Cabai Rawit Merah,42910
2020-09-25,Jawa Barat,Cabai Rawit Merah,43565
2020-09-28,Jawa Barat,Cabai Rawit Merah,43808
2020-09-29,Jawa Barat,Cabai Rawit Merah,44532
2020-09-30,Jawa Barat,Cabai Rawit Merah,44859
2020-10-01,Jawa Barat,Cabai Rawit Merah,43841
2020-10-02,Jawa Barat,Cabai Rawit Merah,43948
2020-10-05,Jawa Barat,Cabai Rawit Merah,43548
2020-10-06,Jawa Barat,Cabai Rawit Merah,43662
2020-10-07,Jawa Barat,Cabai Rawit Merah,42911
2020-10-08,Jawa Barat,Cabai Rawit Merah,44146
2020-10-09,Jawa Barat,Cabai Rawit Merah,43573
2020-10-12,Jawa Barat,Cabai Rawit Merah,43989
2020-10-13,Jawa Barat,Cabai Rawit Merah,43998
2020-10-14,Jawa Barat,Cabai Rawit Merah,43435
2020-10-15,Jawa Barat,Cabai Rawit Merah,43423
2020-10-16,Jawa Barat,Cabai Rawit Merah,44170
2020-10-19,Jawa Barat,Cabai Rawit Merah,43992
2020-10-20,Jawa Barat,Cabai Rawit Merah,44204
2020-10-21,Jawa Barat,Cabai Rawit Merah,44886
2020-10-22,Jawa Barat,Cabai Rawit Merah,45164
2020-10-23,Jawa Barat,Cabai Rawit Merah,45469
2020-10-26,Jawa Barat,Cabai Rawit Merah,44727
2020-10-27,Jawa Barat,Cabai Rawit Merah,44939
2020-10-28,Jawa Barat,Cabai Rawit Merah,45010
2020-10-29,Jawa Barat,Cabai Rawit Merah,45867
2020-10-30,Jawa Barat,Cabai Rawit Merah,47308
2020-11-02,Jawa Barat,Cabai Rawit Merah,47491
2020-11-03,Jawa Barat,Cabai Rawit Merah,48798
2020-11-04,Jawa Barat,Cabai Rawit Merah,48606
2020-11-05,Jawa Barat,Cabai Rawit Merah,49425
2020-11-06,Jawa Barat,Cabai Rawit Merah,50938
2020-11-09,Jawa Barat,Cabai Rawit Merah,51080
2020-11-10,Jawa Barat,Cabai Rawit Merah,51458
2020-11-11,Jawa Barat,Cabai Rawit Merah,51712
2020-11-12,Jawa Barat,Cabai Rawit Merah,51231
2020-11-13,Jawa Barat,Cabai Rawit Merah,51630
2020-11-16,Jawa Barat,Cabai Rawit Merah,52495
2020-11-17,Jawa Barat,Cabai Rawit Merah,52793
2020-11-18,Jawa Barat,Cabai Rawit Merah,53653
2020-11-19,Jawa Barat,Cabai Rawit Merah,53773
2020-11-20,Jawa Barat,Cabai Rawit Merah,53956
2020-11-23,Jawa Barat,Cabai Rawit Merah,52857
2020-11-24,Jawa Barat,Cabai Rawit Merah,51975
2020-11-25,Jawa Barat,Cabai Rawit Merah,53017
2020-11-26,Jawa Barat,Cabai Rawit Merah,53472
2020-11-27,Jawa Barat,Cabai Rawit Merah,52790
2020-11-30,Jawa Barat,Cabai Rawit Merah,52211
2020-12-01,Jawa Barat,Cabai Rawit Merah,51548
2020-12-02,Jawa Barat,Cabai Rawit Merah,51612
2020-12-03,Jawa Barat,Cabai Rawit Merah,52118
2020-12-04,Jawa Barat,Cabai Rawit Merah,51862
2020-12-07,Jawa Barat,Cabai Rawit Merah,51897
2020-12-08,Jawa Barat,Cabai Rawit Merah,51958
2020-12-10,Jawa Barat,Cabai Rawit Merah,51989
2020-12-11,Jawa Barat,Cabai Rawit Merah,52046
2020-12-14,Jawa Barat,Cabai Rawit Merah,52394
2020-12-15,Jawa Barat,Cabai Rawit Merah,52914
2020-12-16,Jawa Barat,Cabai Rawit Merah,51634
2020-12-17,Jawa Barat,Cabai Rawit Merah,51891
2020-12-18,Jawa Barat,Cabai Rawit Merah,51992
2020-12-21,Jawa Barat,Cabai Rawit Merah,52369
2020-12-22,Jawa Barat,Cabai Rawit Merah,53278
2020-12-23,Jawa Barat,Cabai Rawit Merah,53350
2020-12-24,Jawa Barat,Cabai Rawit Merah,52188
2020-12-25,Jawa Barat,Cabai Rawit Merah,51775
2020-12-28,Jawa Barat,Cabai Rawit Merah,53267
2020-12-29,Jawa Barat,Cabai Rawit Merah,53004
2020-12-30,Jawa Barat,Cabai Rawit Merah,52715
2020-12-31,Jawa Barat,Cabai Rawit Merah,52228
2021-01-01,Jawa Barat,Cabai Rawit Merah,51854
2021-01-04,Jawa Barat,Cabai Rawit Merah,51819
2021-01-05,Jawa Barat,Cabai Rawit Merah,50315
2021-01-06,Jawa Barat,Cabai Rawit Merah,50251
2021-01-07,Jawa Barat,Cabai Rawit Merah,49822
2021-01-11,Jawa Barat,Cabai Rawit Merah,49730
2021-01-12,Jawa Barat,Cabai Rawit Merah,49400
2021-01-13,Jawa Barat,Cabai Rawit Merah,49703
2021-01-14,Jawa Barat,Cabai Rawit Merah,49355
2021-01-15,Jawa Barat,Cabai Rawit Merah,49813
2021-01-18,Jawa Barat,Cabai Rawit Merah,48602
2021-01-19,Jawa Barat,Cabai Rawit Merah,48496
2021-01-20,Jawa Barat,Cabai Rawit Merah,48131
2021-01-21,Jawa Barat,Cabai Rawit Merah,47972
2021-01-22,Jawa Barat,Cabai Rawit Merah,48042
2021-01-25,Jawa Barat,Cabai Rawit Merah,47948
2021-01-26,Jawa Barat,Cabai Rawit Merah,47343
2021-01-28,Jawa Barat,Cabai Rawit Merah,46055
2021-01-29,Jawa Barat,Cabai Rawit Merah,46110
2021-02-01,Jawa Barat,Cabai Rawit Merah,46462
2021-02-02,Jawa Barat,Cabai Rawit Merah,45937
2021-02-03,Jawa Barat,Cabai Rawit Merah,46784
2021-02-04,Jawa Barat,Cabai Rawit Merah,46300
2021-02-05,Jawa Barat,Cabai Rawit Merah,46647
2021-02-08,Jawa Barat,Cabai Rawit Merah,46024
2021-02-09,Jawa Barat,Cabai Rawit Merah,46251
2021-02-10,Jawa Barat,Cabai Rawit Merah,46997
2021-02-11,Jawa Barat,Cabai Rawit Merah,46606
2021-02-12,Jawa Barat,Cabai Rawit Merah,46543
2021-02-15,Jawa Barat,Cabai Rawit Merah,46808
2021-02-16,Jawa Barat,Cabai Rawit Merah,47101
2021-02-17,Jawa Barat,Cabai Rawit Merah,47829
2021-02-18,Jawa Barat,Cabai Rawit Merah,46958
2021-02-19,Jawa Barat,Cabai Rawit Merah,46900
2021-02-22,Jawa Barat,Cabai Rawit Merah,46313
2021-02-23,Jawa Barat,Cabai Rawit Merah,45941
2021-02-24,Jawa Barat,Cabai Rawit Merah,45484
2021-02-25,Jawa Barat,Cabai Rawit Merah,45457
2021-02-26,Jawa Barat,Cabai Rawit Merah,45064
2021-03-01,Jawa Barat,Cabai Rawit Merah,44855
2021-03-02,Jawa Barat,Cabai Rawit Merah,44726
2021-03-03,Jawa Barat,Cabai Rawit Merah,44898
2021-03-04,Jawa Barat,Cabai Rawit Merah,45149
2021-03-05,Jawa Barat,Cabai Rawit Merah,45221
2021-03-08,Jawa Barat,Cabai Rawit Merah,45140
2021-03-09,Jawa Barat,Cabai Rawit Merah,45752
2021-03-11,Jawa Barat,Cabai Rawit Merah,45733
2021-03-12,Jawa Barat,Cabai Rawit Merah,44819
2021-03-15,Jawa Barat,Cabai Rawit Merah,44624
2021-03-16,Jawa Barat,Cabai Rawit Merah,44882
2021-03-17,Jawa Barat,Cabai Rawit Merah,44651
2021-03-18,Jawa Barat,Cabai Rawit Merah,45137
2021-03-19,Jawa Barat,Cabai Rawit Merah,45263
2021-03-22,Jawa Barat,Cabai Rawit Merah,45529
2021-03-24,Jawa Barat,Cabai Rawit Merah,46255
2021-03-25,Jawa Barat,Cabai Rawit Merah,47291
2021-03-26,Jawa Barat,Cabai Rawit Merah,47041
2021-03-29,Jawa Barat,Cabai Rawit Merah,46749
2021-03-30,Jawa Barat,Cabai Rawit Merah,47272
2021-03-31,Jawa Barat,Cabai Rawit Merah,46626
2021-04-01,Jawa Barat,Cabai Rawit Merah,46455
2021-04-02,Jawa Barat,Cabai Rawit Merah,45533
2021-04-05,Jawa Barat,Cabai Rawit Merah,46583
2021-04-06,Jawa Barat,Cabai Rawit Merah,46614
2021-04-07,Jawa Barat,Cabai Rawit Merah,45795
2021-04-08,Jawa Barat,Cabai Rawit Merah,46713
2021-04-09,Jawa Barat,Cabai Rawit Merah,48060
2021-04-12,Jawa Barat,Cabai Rawit Merah,48052
2021-04-13,Jawa Barat,Cabai Rawit Merah,47693
2021-04-14,Jawa Barat,Cabai Rawit Merah,47806
2021-04-15,Jawa Barat,Cabai Rawit Merah,48039
2021-04-16,Jawa Barat,Cabai Rawit Merah,47229
2021-04-19,Jawa Barat,Cabai Rawit Merah,46805
2021-04-20,Jawa Barat,Cabai Rawit Merah,46677
2021-04-21,Jawa Barat,Cabai Rawit Merah,46431
2021-04-22,Jawa Barat,Cabai Rawit Merah,47396
2021-04-23,Jawa Barat,Cabai Rawit Merah,47338
2021-04-26,Jawa Barat,Cabai Rawit Merah,46296
2021-04-27,Jawa Barat,Cabai Rawit Merah,46492
2021-04-28,Jawa Barat,Cabai Rawit Merah,46490
2021-04-29,Jawa Barat,Cabai Rawit Merah,46367
2021-04-30,Jawa Barat,Cabai Rawit Merah,45414
2021-05-03,Jawa Barat,Cabai Rawit Merah,45270
2021-05-04,Jawa Barat,Cabai Rawit Merah,45392
2021-05-05,Jawa Barat,Cabai Rawit Merah,46387
2021-05-06,Jawa Barat,Cabai Rawit Merah,46087
2021-05-07,Jawa Barat,Cabai Rawit Merah,46569
2021-05-10,Jawa Barat,Cabai Rawit Merah,46386
2021-05-11,Jawa Barat,Cabai Rawit Merah,46493
2021-05-12,Jawa Barat,Cabai Rawit Merah,46803
2021-05-13,Jawa Barat,Cabai Rawit Merah,48223
2021-05-14,Jawa Barat,Cabai Rawit Merah,48967
2021-05-17,Jawa Barat,Cabai Rawit Merah,48406
2021-05-18,Jawa Barat,Cabai Rawit Merah,48588
2021-05-19,Jawa Barat,Cabai Rawit Merah,48690
2021-05-20,Jawa Barat,Cabai Rawit Merah,48965
2021-05-21,Jawa Barat,Cabai Rawit Merah,48089
2021-05-24,Jawa Barat,Cabai Rawit Merah,48064
2021-05-25,Jawa Barat,Cabai Rawit Merah,47621
2021-05-26,Jawa Barat,Cabai Rawit Merah,47097
2021-05-27,Jawa Barat,Cabai Rawit Merah,47583
2021-05-28,Jawa Barat,Cabai Rawit Merah,48503
2021-05-31,Jawa Barat,Cabai Rawit Merah,49044
2021-06-01,Jawa Barat,Cabai Rawit Merah,50113
2021-06-02,Jawa Barat,Cabai Rawit Merah,49932
2021-06-03,Jawa Barat,Cabai Rawit Merah,51795
2021-06-04,Jawa Barat,Cabai Rawit Merah,50319
2021-06-07,Jawa Barat,Cabai Rawit Merah,51525
2021-06-08,Jawa Barat,Cabai Rawit Merah,51591
2021-06-09,Jawa Barat,Cabai Rawit Merah,51671
2021-06-10,Jawa Barat,Cabai Rawit Merah,50340
2021-06-11,Jawa Barat,Cabai Rawit Merah,50240
2021-06-14,Jawa Barat,Cabai Rawit Merah,49786
2021-06-15,Jawa Barat,Cabai Rawit Merah,48926
2021-06-16,Jawa Barat,Cabai Rawit Merah,49204
2021-06-17,Jawa Barat,Cabai Rawit Merah,49878
2021-06-18,Jawa Barat,Cabai Rawit Merah,49705
2021-06-21,Jawa Barat,Cabai Rawit Merah,49278
2021-06-22,Jawa Barat,Cabai Rawit Merah,49358
2021-06-23,Jawa Barat,Cabai Rawit Merah,48982
2021-06-24,Jawa Barat,Cabai Rawit Merah,49397
2021-06-25,Jawa Barat,Cabai Rawit Merah,49005
2021-06-28,Jawa Barat,Cabai Rawit Merah,49574
2021-06-29,Jawa Barat,Cabai Rawit Merah,48437
2021-06-30,Jawa Barat,Cabai Rawit Merah,48408
2021-07-01,Jawa Barat,Cabai Rawit Merah,47665
2021-07-02,Jawa Barat,Cabai Rawit Merah,47517
2021-07-05,Jawa Barat,Cabai Rawit Merah,47313
2021-07-06,Jawa Barat,Cabai Rawit Merah,48486
2021-07-07,Jawa Barat,Cabai Rawit Merah,48165
2021-07-08,Jawa Barat,Cabai Rawit Merah,48024
2021-07-09,Jawa Barat,Cabai Rawit Merah,48625
2021-07-12,Jawa Barat,Cabai Rawit Merah,47726
2021-07-13,Jawa Barat,Cabai Rawit Merah,46774
2021-07-14,Jawa Barat,Cabai Rawit Merah,46166
2021-07-15,Jawa Barat,Cabai Rawit Merah,44899
2021-07-16,Jawa Barat,Cabai Rawit Merah,44361
2021-07-19,Jawa Barat,Cabai Rawit Merah,44575
2021-07-20,Jawa Barat,Cabai Rawit Merah,44053
2021-07-21,Jawa Barat,Cabai Rawit Merah,44714
2021-07-22,Jawa Barat,Cabai Rawit Merah,44487
2021-07-23,Jawa Barat,Cabai Rawit Merah,44596
2021-07-26,Jawa Barat,Cabai Rawit Merah,44999
2021-07-27,Jawa Barat,Cabai Rawit Merah,44753
2021-07-28,Jawa Barat,Cabai Rawit Merah,45112
2021-07-29,Jawa Barat,Cabai Rawit Merah,45556
2021-07-30,Jawa Barat,Cabai Rawit Merah,46787
2021-08-02,Jawa Barat,Cabai Rawit Merah,46691
2021-08-03,Jawa Barat,Cabai Rawit Merah,45490
2021-08-04,Jawa Barat,Cabai Rawit Merah,45369
2021-08-05,Jawa Barat,Cabai Rawit Merah,44080
2021-08-09,Jawa Barat,Cabai Rawit Merah,41932
2021-08-10,Jawa Barat,Cabai Rawit Merah,42412
2021-08-11,Jawa Barat,Cabai Rawit Merah,42428
2021-08-12,Jawa Barat,Cabai Rawit Merah,43687
2021-08-13,Jawa Barat,Cabai Rawit Merah,43922
2021-08-16,Jawa Barat,Cabai Rawit Merah,43516
2021-08-17,Jawa Barat,Cabai Rawit Merah,43420
2021-08-18,Jawa Barat,Cabai Rawit Merah,43349
2021-08-19,Jawa Barat,Cabai Rawit Merah,42721
2021-08-20,Jawa Barat,Cabai Rawit Merah,42758
2021-08-23,Jawa Barat,Cabai Rawit Merah,41804
2021-08-24,Jawa Barat,Cabai Rawit Merah,42314
2021-08-25,Jawa Barat,Cabai Rawit Merah,42316
2021-08-26,Jawa Barat,Cabai Rawit Merah,42915
2021-08-27,Jawa Barat,Cabai Rawit Merah,42390
2021-08-30,Jawa Barat,Cabai Rawit Merah,41349
2021-08-31,Jawa Barat,Cabai Rawit Merah,40945
2021-09-02,Jawa Barat,Cabai Rawit Merah,41028
2021-09-03,Jawa Barat,Cabai Rawit Merah,41719
2021-09-06,Jawa Barat,Cabai Rawit Merah,41784
2021-09-07,Jawa Barat,Cabai Rawit Merah,41839
2021-09-08,Jawa Barat,Cabai Rawit Merah,42039
2021-09-09,Jawa Barat,Cabai Rawit Merah,41368
2021-09-10,Jawa Barat,Cabai Rawit Merah,40895
2021-09-13,Jawa Barat,Cabai Rawit Merah,40873
2021-09-14,Jawa Barat,Cabai Rawit Merah,40147
2021-09-15,Jawa Barat,Cabai Rawit Merah,40543
2021-09-16,Jawa Barat,Cabai Rawit Merah,39855
2021-09-17,Jawa Barat,Cabai Rawit Merah,38787
2021-09-20,Jawa Barat,Cabai Rawit Merah,39590
2021-09-21,Jawa Barat,Cabai Rawit Merah,39159
2021-09-22,Jawa Barat,Cabai Rawit Merah,39667
2021-09-23,Jawa Barat,Cabai Rawit Merah,40010
2021-09-24,Jawa Barat,Cabai Rawit Merah,40368
2021-09-27,Jawa Barat,Cabai Rawit Merah,40859
2021-09-28,Jawa Barat,Cabai Rawit Merah,40262
2021-09-29,Jawa Barat,Cabai Rawit Merah,41184
2021-09-30,Jawa Barat,Cabai Rawit Merah,41146
2021-10-01,Jawa Barat,Cabai Rawit Merah,41231
2021-10-04,Jawa Barat,Cabai Rawit Merah,41355
2021-10-05,Jawa Barat,Cabai Rawit Merah,40802
2021-10-06,Jawa Barat,Cabai Rawit Merah,40459
2021-10-07,Jawa Barat,Cabai Rawit Merah,40555
2021-10-08,Jawa Barat,Cabai Rawit Merah,41331
2021-10-11,Jawa Barat,Cabai Rawit Merah,40750
2021-10-12,Jawa Barat,Cabai Rawit Merah,40597
2021-10-13,Jawa Barat,Cabai Rawit Merah,40581
2021-10-14,Jawa Barat,Cabai Rawit Merah,40665
2021-10-15,Jawa Barat,Cabai Rawit Merah,41345
2021-10-18,Jawa Barat,Cabai Rawit Merah,40715
2021-10-19,Jawa Barat,Cabai Rawit Merah,40793
2021-10-20,Jawa Barat,Cabai Rawit Merah,41108
2021-10-21,Jawa Barat,Cabai Rawit Merah,41649
2021-10-22,Jawa Barat,Cabai Rawit Merah,41724
2021-10-25,Jawa Barat,Cabai Rawit Merah,41420
2021-10-26,Jawa Barat,Cabai Rawit Merah,40933
2021-10-27,Jawa Barat,Cabai Rawit Merah,40871
2021-10-28,Jawa Barat,Cabai Rawit Merah,40079
2021-10-29,Jawa Barat,Cabai Rawit Merah,40285
2021-11-01,Jawa Barat,Cabai Rawit Merah,40664
2021-11-02,Jawa Barat,Cabai Rawit Merah,41441
2021-11-03,Jawa Barat,Cabai Rawit Merah,41242
2021-11-04,Jawa Barat,Cabai Rawit Merah,41539
2021-11-08,Jawa Barat,Cabai Rawit Merah,42332
2021-11-09,Jawa Barat,Cabai Rawit Merah,42598
2021-11-10,Jawa Barat,Cabai Rawit Merah,42868
2021-11-11,Jawa Barat,Cabai Rawit Merah,42437
2021-11-12,Jawa Barat,Cabai Rawit Merah,42687
2021-11-15,Jawa Barat,Cabai Rawit Merah,42511
2021-11-16,Jawa Barat,Cabai Rawit Merah,43450
2021-11-17,Jawa Barat,Cabai Rawit Merah,42664
2021-11-18,Jawa Barat,Cabai Rawit Merah,43454
2021-11-19,Jawa Barat,Cabai Rawit Merah,43481
2021-11-22,Jawa Barat,Cabai Rawit Merah,43360
2021-11-23,Jawa Barat,Cabai Rawit Merah,43656
2021-11-24,Jawa Barat,Cabai Rawit Merah,42903
2021-11-25,Jawa Barat,Cabai Rawit Merah,42544
2021-11-26,Jawa Barat,Cabai Rawit Merah,42093
2021-11-29,Jawa Barat,Cabai Rawit Merah,41839
2021-11-30,Jawa Barat,Cabai Rawit Merah,42814
2021-12-01,Jawa Barat,Cabai Rawit Merah,41920
2021-12-02,Jawa Barat,Cabai Rawit Merah,42483
2021-12-03,Jawa Barat,Cabai Rawit Merah,42001
2021-12-06,Jawa Barat,Cabai Rawit Merah,41945
2021-12-07,Jawa Barat,Cabai Rawit Merah,42136
2021-12-08,Jawa Barat,Cabai Rawit Merah,41392
2021-12-09,Jawa Barat,Cabai Rawit Merah,40874
2021-12-10,Jawa Barat,Cabai Rawit Merah,40674
2021-12-13,Jawa Barat,Cabai Rawit Merah,40345
2021-12-14,Jawa Barat,Cabai Rawit Merah,40807
2021-12-15,Jawa Barat,Cabai Rawit Merah,41029
2021-12-16,Jawa Barat,Cabai Rawit Merah,40233
2021-12-17,Jawa Barat,Cabai Rawit Merah,39969
2021-12-20,Jawa Barat,Cabai Rawit Merah,39912
2021-12-21,Jawa Barat,Cabai Rawit Merah,40050
2021-12-22,Jawa Barat,Cabai Rawit Merah,39927
2021-12-23,Jawa Barat,Cabai Rawit Merah,40159
2021-12-24,Jawa Barat,Cabai Rawit Merah,39850
2021-12-27,Jawa Barat,Cabai Rawit Merah,40125
2021-12-28,Jawa Barat,Cabai Rawit Merah,40706
2021-12-29,Jawa Barat,Cabai Rawit Merah,41247
2021-12-30,Jawa Barat,Cabai Rawit Merah,41379
2021-12-31,Jawa Barat,Cabai Rawit Merah,41362
2022-01-03,Jawa Barat,Cabai Rawit Merah,41668
2022-01-04,Jawa Barat,Cabai Rawit Merah,41723
2022-01-05,Jawa Barat,Cabai Rawit Merah,41849
2022-01-06,Jawa Barat,Cabai Rawit Merah,42008
2022-01-07,Jawa Barat,Cabai Rawit Merah,42738
2022-01-10,Jawa Barat,Cabai Rawit Merah,42473
2022-01-11,Jawa Barat,Cabai Rawit Merah,43645
2022-01-12,Jawa Barat,Cabai Rawit Merah,43457
2022-01-13,Jawa Barat,Cabai Rawit Merah,42831
2022-01-14,Jawa Barat,Cabai Rawit Merah,42981
2022-01-17,Jawa Barat,Cabai Rawit Merah,42352
2022-01-18,Jawa Barat,Cabai Rawit Merah,42709
2022-01-19,Jawa Barat,Cabai Rawit Merah,42438
2022-01-20,Jawa Barat,Cabai Rawit Merah,42987
2022-01-21,Jawa Barat,Cabai Rawit Merah,42575
2022-01-24,Jawa Barat,Cabai Rawit Merah,42405
2022-01-25,Jawa Barat,Cabai Rawit Merah,43185
2022-01-26,Jawa Barat,Cabai Rawit Merah,43856
2022-01-27,Jawa Barat,Cabai Rawit Merah,43884
2022-01-28,Jawa Barat,Cabai Rawit Merah,43716
2022-01-31,Jawa Barat,Cabai Rawit Merah,43067
2022-02-01,Jawa Barat,Cabai Rawit Merah,42130
2022-02-02,Jawa Barat,Cabai Rawit Merah,41552
2022-02-03,Jawa Barat,Cabai Rawit Merah,42288
2022-02-04,Jawa Barat,Cabai Rawit Merah,42459
2022-02-07,Jawa Barat,Cabai Rawit Merah,41938
2022-02-08,Jawa Barat,Cabai Rawit Merah,42271
2022-02-09,Jawa Barat,Cabai Rawit Merah,41749
2022-02-10,Jawa Barat,Cabai Rawit Merah,42258
2022-02-11,Jawa Barat,Cabai Rawit Merah,42017
2022-02-14,Jawa Barat,Cabai Rawit Merah,42457
2022-02-15,Jawa Barat,Cabai Rawit Merah,41518
2022-02-17,Jawa Barat,Cabai Rawit Merah,41256
2022-02-18,Jawa Barat,Cabai Rawit Merah,41722
2022-02-21,Jawa Barat,Cabai Rawit Merah,42516
2022-02-22,Jawa Barat,Cabai Rawit Merah,42707
2022-02-23,Jawa Barat,Cabai Rawit Merah,42451
2022-02-24,Jawa Barat,Cabai Rawit Merah,42296
2022-02-25,Jawa Barat,Cabai Rawit Merah,42470
2022-02-28,Jawa Barat,Cabai Rawit Merah,41639
2022-03-01,Jawa Barat,Cabai Rawit Merah,40667
2022-03-02,Jawa Barat,Cabai Rawit Merah,41150
2022-03-03,Jawa Barat,Cabai Rawit Merah,41833
2022-03-04,Jawa Barat,Cabai Rawit Merah,41968
2022-03-07,Jawa Barat,Cabai Rawit Merah,41690
2022-03-08,Jawa Barat,Cabai Rawit Merah,41365
2022-03-09,Jawa Barat,Cabai Rawit Merah,41289
2022-03-10,Jawa Barat,Cabai Rawit Merah,41201
2022-03-11,Jawa Barat,Cabai Rawit Merah,41104
2022-03-14,Jawa Barat,Cabai Rawit Merah,41270
2022-03-15,Jawa Barat,Cabai Rawit Merah,40790
2022-03-16,Jawa Barat,Cabai Rawit Merah,40957
2022-03-17,Jawa Barat,Cabai Rawit Merah,40384
2022-03-18,Jawa Barat,Cabai Rawit Merah,40510
2022-03-22,Jawa Barat,Cabai Rawit Merah,39132
2022-03-23,Jawa Barat,Cabai Rawit Merah,39686
2022-03-24,Jawa Barat,Cabai Rawit Merah,39955
2022-03-25,Jawa Barat,Cabai Rawit Merah,40284
2022-03-28,Jawa Barat,Cabai Rawit Merah,41338
2022-03-29,Jawa Barat,Cabai Rawit Merah,41264
2022-03-30,Jawa Barat,Cabai Rawit Merah,41512
2022-03-31,Jawa Barat,Cabai Rawit Merah,41261
2022-04-01,Jawa Barat,Cabai Rawit Merah,41238
2022-04-04,Jawa Barat,Cabai Rawit Merah,41379
2022-04-05,Jawa Barat,Cabai Rawit Merah,40632
2022-04-06,Jawa Barat,Cabai Rawit Merah,39475
2022-04-07,Jawa Barat,Cabai Rawit Merah,39956
2022-04-08,Jawa Barat,Cabai Rawit Merah,40025
2022-04-11,Jawa Barat,Cabai Rawit Merah,39744
2022-04-12,Jawa Barat,Cabai Rawit Merah,39083
2022-04-13,Jawa Barat,Cabai Rawit Merah,39395
2022-04-14,Jawa Barat,Cabai Rawit Merah,39361
2022-04-15,Jawa Barat,Cabai Rawit Merah,39416
2022-04-18,Jawa Barat,Cabai Rawit Merah,38960
2022-04-19,Jawa Barat,Cabai Rawit Merah,38957
2022-04-20,Jawa Barat,Cabai Rawit Merah,39246
2022-04-21,Jawa Barat,Cabai Rawit Merah,38774
2022-04-22,Jawa Barat,Cabai Rawit Merah,38196
2022-04-25,Jawa Barat,Cabai Rawit Merah,39075
2022-04-27,Jawa Barat,Cabai Rawit Merah,38563
2022-04-29,Jawa Barat,Cabai Rawit Merah,37786
2022-05-02,Jawa Barat,Cabai Rawit Merah,38132
2022-05-03,Jawa Barat,Cabai Rawit Merah,38507
2022-05-04,Jawa Barat,Cabai Rawit Merah,38819
2022-05-05,Jawa Barat,Cabai Rawit Merah,38694
2022-05-06,Jawa Barat,Cabai Rawit Merah,38801
2022-05-09,Jawa Barat,Cabai Rawit Merah,38421
2022-05-10,Jawa Barat,Cabai Rawit Merah,38475
2022-05-11,Jawa Barat,Cabai Rawit Merah,38805
2022-05-12,Jawa Barat,Cabai Rawit Merah,39219
2022-05-13,Jawa Barat,Cabai Rawit Merah,39360
2022-05-16,Jawa Barat,Cabai Rawit Merah,39683
2022-05-17,Jawa Barat,Cabai Rawit Merah,39868
2022-05-18,Jawa Barat,Cabai Rawit Merah,40284
2022-05-19,Jawa Barat,Cabai Rawit Merah,40180
2022-05-20,Jawa Barat,Cabai Rawit Merah,39652
2022-05-23,Jawa Barat,Cabai Rawit Merah,39239
2022-05-24,Jawa Barat,Cabai Rawit Merah,38898
2022-05-25,Jawa Barat,Cabai Rawit Merah,39798
2022-05-26,Jawa Barat,Cabai Rawit Merah,40013
2022-05-27,Jawa Barat,Cabai Rawit Merah,40291
2022-05-30,Jawa Barat,Cabai Rawit Merah,40847
2022-05-31,Jawa Barat,Cabai Rawit Merah,40134
2022-06-01,Jawa Barat,Cabai Rawit Merah,40250
2022-06-02,Jawa Barat,Cabai Rawit Merah,40117
2022-06-03,Jawa Barat,Cabai Rawit Merah,40708
2022-06-06,Jawa Barat,Cabai Rawit Merah,41100
2022-06-07,Jawa Barat,Cabai Rawit Merah,41269
2022-06-08,Jawa Barat,Cabai Rawit Merah,40925
2022-06-09,Jawa Barat,Cabai Rawit Merah,41160
2022-06-10,Jawa Barat,Cabai Rawit Merah,41316
2022-06-13,Jawa Barat,Cabai Rawit Merah,41366
2022-06-14,Jawa Barat,Cabai Rawit Merah,41601
2022-06-15,Jawa Barat,Cabai Rawit Merah,42553
2022-06-16,Jawa Barat,Cabai Rawit Merah,42886
2022-06-20,Jawa Barat,Cabai Rawit Merah,42292
2022-06-21,Jawa Barat,Cabai Rawit Merah,40564
2022-06-22,Jawa Barat,Cabai Rawit Merah,40122
2022-06-23,Jawa Barat,Cabai Rawit Merah,40362
2022-06-24,Jawa Barat,Cabai Rawit Merah,39941
2022-06-27,Jawa Barat,Cabai Rawit Merah,40187
2022-06-28,Jawa Barat,Cabai Rawit Merah,39724
2022-06-29,Jawa Barat,Cabai Rawit Merah,39270
2022-06-30,Jawa Barat,Cabai Rawit Merah,39465
2022-07-01,Jawa Barat,Cabai Rawit Merah,39152
2022-07-04,Jawa Barat,Cabai Rawit Merah,39017
2022-07-05,Jawa Barat,Cabai Rawit Merah,39747
2022-07-06,Jawa Barat,Cabai Rawit Merah,39274
2022-07-07,Jawa Barat,Cabai Rawit Merah,39495
2022-07-08,Jawa Barat,Cabai Rawit Merah,38872
2022-07-11,Jawa Barat,Cabai Rawit Merah,38878
2022-07-12,Jawa Barat,Cabai Rawit Merah,38827
2022-07-13,Jawa Barat,Cabai Rawit Merah,38783
2022-07-14,Jawa Barat,Cabai Rawit Merah,38927
2022-07-15,Jawa Barat,Cabai Rawit Merah,40124
2022-07-18,Jawa Barat,Cabai Rawit Merah,40073
2022-07-19,Jawa Barat,Cabai Rawit Merah,40388
2022-07-20,Jawa Barat,Cabai Rawit Merah,40225
2022-07-21,Jawa Barat,Cabai Rawit Merah,39791
2022-07-22,Jawa Barat,Cabai Rawit Merah,39314
2022-07-25,Jawa Barat,Cabai Rawit Merah,40240
2022-07-26,Jawa Barat,Cabai Rawit Merah,40662
2022-07-27,Jawa Barat,Cabai Rawit Merah,40344
2022-07-28,Jawa Barat,Cabai Rawit Merah,39542
2022-07-29,Jawa Barat,Cabai Rawit Merah,40137
2022-08-01,Jawa Barat,Cabai Rawit Merah,40108
2022-08-02,Jawa Barat,Cabai Rawit Merah,40419
2022-08-03,Jawa Barat,Cabai Rawit Merah,40104
2022-08-04,Jawa Barat,Cabai Rawit Merah,39974
2022-08-05,Jawa Barat,Cabai Rawit Merah,39653
2022-08-08,Jawa Barat,Cabai Rawit Merah,39729
2022-08-09,Jawa Barat,Cabai Rawit Merah,40165
2022-08-10,Jawa Barat,Cabai Rawit Merah,40424
2022-08-11,Jawa Barat,Cabai Rawit Merah,40786
2022-08-12,Jawa Barat,Cabai Rawit Merah,41789
2022-08-15,Jawa Barat,Cabai Rawit Merah,42106
2022-08-16,Jawa Barat,Cabai Rawit Merah,41788
2022-08-17,Jawa Barat,Cabai Rawit Merah,41443
2022-08-18,Jawa Barat,Cabai Rawit Merah,41891
2022-08-19,Jawa Barat,Cabai Rawit Merah,42256
2022-08-22,Jawa Barat,Cabai Rawit Merah,43168
2022-08-23,Jawa Barat,Cabai Rawit Merah,42815
2022-08-24,Jawa Barat,Cabai Rawit Merah,43009
2022-08-25,Jawa Barat,Cabai Rawit Merah,42900
2022-08-26,Jawa Barat,Cabai Rawit Merah,42103
2022-08-29,Jawa Barat,Cabai Rawit Merah,41649
2022-08-30,Jawa Barat,Cabai Rawit Merah,41510
2022-08-31,Jawa Barat,Cabai Rawit Merah,40908
2022-09-01,Jawa Barat,Cabai Rawit Merah,40608
2022-09-02,Jawa Barat,Cabai Rawit Merah,41337
2022-09-05,Jawa Barat,Cabai Rawit Merah,41922
2022-09-06,Jawa Barat,Cabai Rawit Merah,41731
2022-09-07,Jawa Barat,Cabai Rawit Merah,41408
2022-09-08,Jawa Barat,Cabai Rawit Merah,39942
2022-09-09,Jawa Barat,Cabai Rawit Merah,39203
2022-09-12,Jawa Barat,Cabai Rawit Merah,39185
2022-09-13,Jawa Barat,Cabai Rawit Merah,39219
2022-09-14,Jawa Barat,Cabai Rawit Merah,38193
2022-09-15,Jawa Barat,Cabai Rawit Merah,38152
2022-09-16,Jawa Barat,Cabai Rawit Merah,38581
2022-09-19,Jawa Barat,Cabai Rawit Merah,38705
2022-09-20,Jawa Barat,Cabai Rawit Merah,38842
2022-09-21,Jawa Barat,Cabai Rawit Merah,38813
2022-09-22,Jawa Barat,Cabai Rawit Merah,38962
2022-09-23,Jawa Barat,Cabai Rawit Merah,39584
2022-09-26,Jawa Barat,Cabai Rawit Merah,39809
2022-09-27,Jawa Barat,Cabai Rawit Merah,39346
2022-09-28,Jawa Barat,Cabai Rawit Merah,39753
2022-09-29,Jawa Barat,Cabai Rawit Merah,39611
2022-09-30,Jawa Barat,Cabai Rawit Merah,39262
2022-10-03,Jawa Barat,Cabai Rawit Merah,40499
2022-10-04,Jawa Barat,Cabai Rawit Merah,40461
2022-10-06,Jawa Barat,Cabai Rawit Merah,39817
2022-10-07,Jawa Barat,Cabai Rawit Merah,39675
2022-10-10,Jawa Barat,Cabai Rawit Merah,39973
2022-10-11,Jawa Barat,Cabai Rawit Merah,40163
2022-10-12,Jawa Barat,Cabai Rawit Merah,40527
2022-10-13,Jawa Barat,Cabai Rawit Merah,41120
2022-10-14,Jawa Barat,Cabai Rawit Merah,41874
2022-10-17,Jawa Barat,Cabai Rawit Merah,42586
2022-10-18,Jawa Barat,Cabai Rawit Merah,41620
2022-10-19,Jawa Barat,Cabai Rawit Merah,42607
2022-10-20,Jawa Barat,Cabai Rawit Merah,42255
2022-10-21,Jawa Barat,Cabai Rawit Merah,42539
2022-10-24,Jawa Barat,Cabai Rawit Merah,42848
2022-10-25,Jawa Barat,Cabai Rawit Merah,42770
2022-10-26,Jawa Barat,Cabai Rawit Merah,42423
2022-10-27,Jawa Barat,Cabai Rawit Merah,41698
2022-10-28,Jawa Barat,Cabai Rawit Merah,41729
2022-10-31,Jawa Barat,Cabai Rawit Merah,41673
2022-11-01,Jawa Barat,Cabai Rawit Merah,41095
2022-11-02,Jawa Barat,Cabai Rawit Merah,41079
2022-11-03,Jawa Barat,Cabai Rawit Merah,41324
2022-11-04,Jawa Barat,Cabai Rawit Merah,42441
2022-11-07,Jawa Barat,Cabai Rawit Merah,42151
2022-11-08,Jawa Barat,Cabai Rawit Merah,41890
2022-11-09,Jawa Barat,Cabai Rawit Merah,42501
2022-11-10,Jawa Barat,Cabai Rawit Merah,42557
2022-11-11,Jawa Barat,Cabai Rawit Merah,41738
2022-11-15,Jawa Barat,Cabai Rawit Merah,41148
2022-11-16,Jawa Barat,Cabai Rawit Merah,41282
2022-11-17,Jawa Barat,Cabai Rawit Merah,40692
2022-11-18,Jawa Barat,Cabai Rawit Merah,39998
2022-11-21,Jawa Barat,Cabai Rawit Merah,39762
2022-11-22,Jawa Barat,Cabai Rawit Merah,39553
2022-11-23,Jawa Barat,Cabai Rawit Merah,39068
2022-11-24,Jawa Barat,Cabai Rawit Merah,38510
2022-11-28,Jawa Barat,Cabai Rawit Merah,38795
2022-11-29,Jawa Barat,Cabai Rawit Merah,39222
2022-11-30,Jawa Barat,Cabai Rawit Merah,39512
2022-12-01,Jawa Barat,Cabai Rawit Merah,39186
2022-12-02,Jawa Barat,Cabai Rawit Merah,38774
2022-12-05,Jawa Barat,Cabai Rawit Merah,39386
2022-12-06,Jawa Barat,Cabai Rawit Merah,39685
2022-12-07,Jawa Barat,Cabai Rawit Merah,39650
2022-12-08,Jawa Barat,Cabai Rawit Merah,40141
2022-12-09,Jawa Barat,Cabai Rawit Merah,39547
2022-12-12,Jawa Barat,Cabai Rawit Merah,40422
2022-12-13,Jawa Barat,Cabai Rawit Merah,40140
2022-12-14,Jawa Barat,Cabai Rawit Merah,39494
2022-12-15,Jawa Barat,Cabai Rawit Merah,39346
2022-12-16,Jawa Barat,Cabai Rawit Merah,38817
2022-12-19,Jawa Barat,Cabai Rawit Merah,38903
2022-12-20,Jawa Barat,Cabai Rawit Merah,38746
2022-12-21,Jawa Barat,Cabai Rawit Merah,38582
2022-12-22,Jawa Barat,Cabai Rawit Merah,39539
2022-12-23,Jawa Barat,Cabai Rawit Merah,39770
2022-12-26,Jawa Barat,Cabai Rawit Merah,39411
2022-12-27,Jawa Barat,Cabai Rawit Merah,39420
2022-12-28,Jawa Barat,Cabai Rawit Merah,40049
2022-12-29,Jawa Barat,Cabai Rawit Merah,39860
2022-12-30,Jawa Barat,Cabai Rawit Merah,39893
2023-01-02,Jawa Barat,Cabai Rawit Merah,39607
2023-01-03,Jawa Barat,Cabai Rawit Merah,40088
2023-01-04,Jawa Barat,Cabai Rawit Merah,40100
2023-01-05,Jawa Barat,Cabai Rawit Merah,40805
2023-01-06,Jawa Barat,Cabai Rawit Merah,40922
2023-01-09,Jawa Barat,Cabai Rawit Merah,40782
2023-01-10,Jawa Barat,Cabai Rawit Merah,40694
2023-01-11,Jawa Barat,Cabai Rawit Merah,41613
2023-01-12,Jawa Barat,Cabai Rawit Merah,41671
2023-01-13,Jawa Barat,Cabai Rawit Merah,41282
2023-01-16,Jawa Barat,Cabai Rawit Merah,41109
2023-01-17,Jawa Barat,Cabai Rawit Merah,41999
2023-01-18,Jawa Barat,Cabai Rawit Merah,41375
2023-01-19,Jawa Barat,Cabai Rawit Merah,41055
2023-01-20,Jawa Barat,Cabai Rawit Merah,41648
2023-01-23,Jawa Barat,Cabai Rawit Merah,41998
2023-01-24,Jawa Barat,Cabai Rawit Merah,41555
2023-01-25,Jawa Barat,Cabai Rawit Merah,41419
2023-01-26,Jawa Barat,Cabai Rawit Merah,41116
2023-01-27,Jawa Barat,Cabai Rawit Merah,42003
2023-01-30,Jawa Barat,Cabai Rawit Merah,42183
2023-01-31,Jawa Barat,Cabai Rawit Merah,42056
2023-02-01,Jawa Barat,Cabai Rawit Merah,41959
2023-02-02,Jawa Barat,Cabai Rawit Merah,41664
2023-02-03,Jawa Barat,Cabai Rawit Merah,42252
2023-02-06,Jawa Barat,Cabai Rawit Merah,42593
2023-02-07,Jawa Barat,Cabai Rawit Merah,43184
2023-02-08,Jawa Barat,Cabai Rawit Merah,43087
2023-02-09,Jawa Barat,Cabai Rawit Merah,42824
2023-02-10,Jawa Barat,Cabai Rawit Merah,43086
2023-02-13,Jawa Barat,Cabai Rawit Merah,43172
2023-02-14,Jawa Barat,Cabai Rawit Merah,44346
2023-02-15,Jawa Barat,Cabai Rawit Merah,44218
2023-02-16,Jawa Barat,Cabai Rawit Merah,43954
2023-02-17,Jawa Barat,Cabai Rawit Merah,44016
2023-02-20,Jawa Barat,Cabai Rawit Merah,43579
2023-02-21,Jawa Barat,Cabai Rawit Merah,43851
2023-02-22,Jawa Barat,Cabai Rawit Merah,43317
2023-02-23,Jawa Barat,Cabai Rawit Merah,43515
2023-02-27,Jawa Barat,Cabai Rawit Merah,44591
2023-02-28,Jawa Barat,Cabai Rawit Merah,44757
2023-03-02,Jawa Barat,Cabai Rawit Merah,44706
2023-03-03,Jawa Barat,Cabai Rawit Merah,44315
2023-03-06,Jawa Barat,Cabai Rawit Merah,44615
2023-03-07,Jawa Barat,Cabai Rawit Merah,44481
2023-03-08,Jawa Barat,Cabai Rawit Merah,43981
2023-03-09,Jawa Barat,Cabai Rawit Merah,43358
2023-03-10,Jawa Barat,Cabai Rawit Merah,44209
2023-03-13,Jawa Barat,Cabai Rawit Merah,43515
2023-03-14,Jawa Barat,Cabai Rawit Merah,43631
2023-03-15,Jawa Barat,Cabai Rawit Merah,44277
2023-03-16,Jawa Barat,Cabai Rawit Merah,43873
2023-03-17,Jawa Barat,Cabai Rawit Merah,43750
2023-03-22,Jawa Barat,Cabai Rawit Merah,44168
2023-03-23,Jawa Barat,Cabai Rawit Merah,43854
2023-03-24,Jawa Barat,Cabai Rawit Merah,44369
2023-03-27,Jawa Barat,Cabai Rawit Merah,44525
2023-03-28,Jawa Barat,Cabai Rawit Merah,44446
2023-03-29,Jawa Barat,Cabai Rawit Merah,44943
2023-03-30,Jawa Barat,Cabai Rawit Merah,45593
2023-03-31,Jawa Barat,Cabai Rawit Merah,45233
2023-04-03,Jawa Barat,Cabai Rawit Merah,44678
2023-04-04,Jawa Barat,Cabai Rawit Merah,44689
2023-04-05,Jawa Barat,Cabai Rawit Merah,45402
2023-04-06,Jawa Barat,Cabai Rawit Merah,45328
2023-04-07,Jawa Barat,Cabai Rawit Merah,45654
2023-04-10,Jawa Barat,Cabai Rawit Merah,45062
2023-04-11,Jawa Barat,Cabai Rawit Merah,45070
2023-04-12,Jawa Barat,Cabai Rawit Merah,45627
2023-04-13,Jawa Barat,Cabai Rawit Merah,46405
2023-04-14,Jawa Barat,Cabai Rawit Merah,46670
2023-04-17,Jawa Barat,Cabai Rawit Merah,46725
2023-04-18,Jawa Barat,Cabai Rawit Merah,46848
2023-04-19,Jawa Barat,Cabai Rawit Merah,47334
2023-04-20,Jawa Barat,Cabai Rawit Merah,47597
2023-04-21,Jawa Barat,Cabai Rawit Merah,47050
2023-04-24,Jawa Barat,Cabai Rawit Merah,46362
2023-04-25,Jawa Barat,Cabai Rawit Merah,45936
2023-04-26,Jawa Barat,Cabai Rawit Merah,45687
2023-04-27,Jawa Barat,Cabai Rawit Merah,46694
2023-04-28,Jawa Barat,Cabai Rawit Merah,47462
2023-05-01,Jawa Barat,Cabai Rawit Merah,47420
2023-05-02,Jawa Barat,Cabai Rawit Merah,47566
2023-05-03,Jawa Barat,Cabai Rawit Merah,48737
2023-05-04,Jawa Barat,Cabai Rawit Merah,48552
2023-05-05,Jawa Barat,Cabai Rawit Merah,48176
2023-05-08,Jawa Barat,Cabai Rawit Merah,48761
2023-05-09,Jawa Barat,Cabai Rawit Merah,47997
2023-05-10,Jawa Barat,Cabai Rawit Merah,48530
2023-05-11,Jawa Barat,Cabai Rawit Merah,48434
2023-05-12,Jawa Barat,Cabai Rawit Merah,48021
2023-05-15,Jawa Barat,Cabai Rawit Merah,47185
2023-05-16,Jawa Barat,Cabai Rawit Merah,46980
2023-05-17,Jawa Barat,Cabai Rawit Merah,46758
2023-05-18,Jawa Barat,Cabai Rawit Merah,47038
2023-05-19,Jawa Barat,Cabai Rawit Merah,47323
2023-05-22,Jawa Barat,Cabai Rawit Merah,46756
2023-05-23,Jawa Barat,Cabai Rawit Merah,46723
2023-05-24,Jawa Barat,Cabai Rawit Merah,47599
2023-05-25,Jawa Barat,Cabai Rawit Merah,47411
2023-05-26,Jawa Barat,Cabai Rawit Merah,46745
2023-05-29,Jawa Barat,Cabai Rawit Merah,48180
2023-05-30,Jawa Barat,Cabai Rawit Merah,47569
2023-05-31,Jawa Barat,Cabai Rawit Merah,48230
2023-06-02,Jawa Barat,Cabai Rawit Merah,48382
2023-06-05,Jawa Barat,Cabai Rawit Merah,47711
2023-06-06,Jawa Barat,Cabai Rawit Merah,47927
2023-06-07,Jawa Barat,Cabai Rawit Merah,48162
2023-06-08,Jawa Barat,Cabai Rawit Merah,48560
2023-06-09,Jawa Barat,Cabai Rawit Merah,48377
2023-06-12,Jawa Barat,Cabai Rawit Merah,47732
2023-06-13,Jawa Barat,Cabai Rawit Merah,48318
2023-06-14,Jawa Barat,Cabai Rawit Merah,47943
2023-06-15,Jawa Barat,Cabai Rawit Merah,47491
2023-06-16,Jawa Barat,Cabai Rawit Merah,47918
2023-06-19,Jawa Barat,Cabai Rawit Merah,47762
2023-06-20,Jawa Barat,Cabai Rawit Merah,47929
2023-06-21,Jawa Barat,Cabai Rawit Merah,48229
2023-06-22,Jawa Barat,Cabai Rawit Merah,49093
2023-06-23,Jawa Barat,Cabai Rawit Merah,49111
2023-06-26,Jawa Barat,Cabai Rawit Merah,49697
2023-06-27,Jawa Barat,Cabai Rawit Merah,49546
2023-06-29,Jawa Barat,Cabai Rawit Merah,51527
2023-06-30,Jawa Barat,Cabai Rawit Merah,53332
2023-07-03,Jawa Barat,Cabai Rawit Merah,53376
2023-07-04,Jawa Barat,Cabai Rawit Merah,54039
2023-07-05,Jawa Barat,Cabai Rawit Merah,54339
2023-07-06,Jawa Barat,Cabai Rawit Merah,54319
2023-07-07,Jawa Barat,Cabai Rawit Merah,53858
2023-07-10,Jawa Barat,Cabai Rawit Merah,53489
2023-07-11,Jawa Barat,Cabai Rawit Merah,53368
2023-07-12,Jawa Barat,Cabai Rawit Merah,54105
2023-07-13,Jawa Barat,Cabai Rawit Merah,53476
2023-07-14,Jawa Barat,Cabai Rawit Merah,53444
2023-07-17,Jawa Barat,Cabai Rawit Merah,53397
2023-07-18,Jawa Barat,Cabai Rawit Merah,53106
2023-07-19,Jawa Barat,Cabai Rawit Merah,52497
2023-07-20,Jawa Barat,Cabai Rawit Merah,52470
2023-07-24,Jawa Barat,Cabai Rawit Merah,51805
2023-07-25,Jawa Barat,Cabai Rawit Merah,50636
2023-07-26,Jawa Barat,Cabai Rawit Merah,49845
2023-07-27,Jawa Barat,Cabai Rawit Merah,50448
2023-07-28,Jawa Barat,Cabai Rawit Merah,50156
2023-07-31,Jawa Barat,Cabai Rawit Merah,50323
2023-08-01,Jawa Barat,Cabai Rawit Merah,51049
2023-08-02,Jawa Barat,Cabai Rawit Merah,50322
2023-08-03,Jawa Barat,Cabai Rawit Merah,49509
2023-08-04,Jawa Barat,Cabai Rawit Merah,49476
2023-08-07,Jawa Barat,Cabai Rawit Merah,49222
2023-08-08,Jawa Barat,Cabai Rawit Merah,48579
2023-08-09,Jawa Barat,Cabai Rawit Merah,48172
2023-08-10,Jawa Barat,Cabai Rawit Merah,47007
2023-08-11,Jawa Barat,Cabai Rawit Merah,47528
2023-08-14,Jawa Barat,Cabai Rawit Merah,48055
2023-08-15,Jawa Barat,Cabai Rawit Merah,47752
2023-08-16,Jawa Barat,Cabai Rawit Merah,47760
2023-08-18,Jawa Barat,Cabai Rawit Merah,48081
2023-08-21,Jawa Barat,Cabai Rawit Merah,48478
2023-08-22,Jawa Barat,Cabai Rawit Merah,48130
2023-08-23,Jawa Barat,Cabai Rawit Merah,48769
2023-08-24,Jawa Barat,Cabai Rawit Merah,49358
2023-08-25,Jawa Barat,Cabai Rawit Merah,49172
2023-08-28,Jawa Barat,Cabai Rawit Merah,49219
2023-08-29,Jawa Barat,Cabai Rawit Merah,50000
2023-08-30,Jawa Barat,Cabai Rawit Merah,50096
2023-08-31,Jawa Barat,Cabai Rawit Merah,50151
2023-09-01,Jawa Barat,Cabai Rawit Merah,49907
2023-09-04,Jawa Barat,Cabai Rawit Merah,50215
2023-09-05,Jawa Barat,Cabai Rawit Merah,49841
2023-09-06,Jawa Barat,Cabai Rawit Merah,50526
2023-09-07,Jawa Barat,Cabai Rawit Merah,49693
2023-09-08,Jawa Barat,Cabai Rawit Merah,49902
2023-09-11,Jawa Barat,Cabai Rawit Merah,49600
2023-09-12,Jawa Barat,Cabai Rawit Merah,49134
2023-09-13,Jawa Barat,Cabai Rawit Merah,50039
2023-09-14,Jawa Barat,Cabai Rawit Merah,50656
2023-09-18,Jawa Barat,Cabai Rawit Merah,50354
2023-09-20,Jawa Barat,Cabai Rawit Merah,49708
2023-09-21,Jawa Barat,Cabai Rawit Merah,49918
2023-09-22,Jawa Barat,Cabai Rawit Merah,50485
2023-09-25,Jawa Barat,Cabai Rawit Merah,50775
2023-09-26,Jawa Barat,Cabai Rawit Merah,50274
2023-09-27,Jawa Barat,Cabai Rawit Merah,50850
2023-09-28,Jawa Barat,Cabai Rawit Merah,50744
2023-09-29,Jawa Barat,Cabai Rawit Merah,50401
2023-10-02,Jawa Barat,Cabai Rawit Merah,50115
2023-10-03,Jawa Barat,Cabai Rawit Merah,49874
2023-10-04,Jawa Barat,Cabai Rawit Merah,49656
2023-10-05,Jawa Barat,Cabai Rawit Merah,50674
2023-10-06,Jawa Barat,Cabai Rawit Merah,51471
2023-10-09,Jawa Barat,Cabai Rawit Merah,51660
2023-10-11,Jawa Barat,Cabai Rawit Merah,51650
2023-10-12,Jawa Barat,Cabai Rawit Merah,51023
2023-10-13,Jawa Barat,Cabai Rawit Merah,52433
2023-10-16,Jawa Barat,Cabai Rawit Merah,53280
2023-10-17,Jawa Barat,Cabai Rawit Merah,53716
2023-10-18,Jawa Barat,Cabai Rawit Merah,53806
2023-10-19,Jawa Barat,Cabai Rawit Merah,53963
2023-10-20,Jawa Barat,Cabai Rawit Merah,53889
2023-10-23,Jawa Barat,Cabai Rawit Merah,54495
2023-10-24,Jawa Barat,Cabai Rawit Merah,54586
2023-10-25,Jawa Barat,Cabai Rawit Merah,54954
2023-10-26,Jawa Barat,Cabai Rawit Merah,56077
2023-10-27,Jawa Barat,Cabai Rawit Merah,56172
2023-10-31,Jawa Barat,Cabai Rawit Merah,57745
2023-11-01,Jawa Barat,Cabai Rawit Merah,58187
2023-11-02,Jawa Barat,Cabai Rawit Merah,57516
2023-11-03,Jawa Barat,Cabai Rawit Merah,58352
2023-11-06,Jawa Barat,Cabai Rawit Merah,57893
2023-11-07,Jawa Barat,Cabai Rawit Merah,57752
2023-11-08,Jawa Barat,Cabai Rawit Merah,58708
2023-11-09,Jawa Barat,Cabai Rawit Merah,58428
2023-11-13,Jawa Barat,Cabai Rawit Merah,58580
2023-11-14,Jawa Barat,Cabai Rawit Merah,57793
2023-11-15,Jawa Barat,Cabai Rawit Merah,57356
2023-11-16,Jawa Barat,Cabai Rawit Merah,57026
2023-11-17,Jawa Barat,Cabai Rawit Merah,57095
2023-11-20,Jawa Barat,Cabai Rawit Merah,56443
2023-11-21,Jawa Barat,Cabai Rawit Merah,55999
2023-11-22,Jawa Barat,Cabai Rawit Merah,55444
2023-11-23,Jawa Barat,Cabai Rawit Merah,55637
2023-11-24,Jawa Barat,Cabai Rawit Merah,55475
2023-11-27,Jawa Barat,Cabai Rawit Merah,54585
2023-11-28,Jawa Barat,Cabai Rawit Merah,54188
2023-11-29,Jawa Barat,Cabai Rawit Merah,54833
2023-11-30,Jawa Barat,Cabai Rawit Merah,54955
2023-12-01,Jawa Barat,Cabai Rawit Merah,54118
2023-12-04,Jawa Barat,Cabai Rawit Merah,53930
2023-12-05,Jawa Barat,Cabai Rawit Merah,51790
2023-12-06,Jawa Barat,Cabai Rawit Merah,52020
2023-12-07,Jawa Barat,Cabai Rawit Merah,50560
2023-12-08,Jawa Barat,Cabai Rawit Merah,50115
2023-12-11,Jawa Barat,Cabai Rawit Merah,48845
2023-12-12,Jawa Barat,Cabai Rawit Merah,48975
2023-12-13,Jawa Barat,Cabai Rawit Merah,49762
2023-12-14,Jawa Barat,Cabai Rawit Merah,48981
2023-12-15,Jawa Barat,Cabai Rawit Merah,49487
2023-12-18,Jawa Barat,Cabai Rawit Merah,49014
2023-12-19,Jawa Barat,Cabai Rawit Merah,49239
2023-12-21,Jawa Barat,Cabai Rawit Merah,50850
2023-12-22,Jawa Barat,Cabai Rawit Merah,50242
2023-12-26,Jawa Barat,Cabai Rawit Merah,51402
2023-12-27,Jawa Barat,Cabai Rawit Merah,51060
2023-12-28,Jawa Barat,Cabai Rawit Merah,51088
2023-12-29,Jawa Barat,Cabai Rawit Merah,50478
2024-01-01,Jawa Barat,Cabai Rawit Merah,51183
2024-01-02,Jawa Barat,Cabai Rawit Merah,49754
2024-01-03,Jawa Barat,Cabai Rawit Merah,50510
2024-01-04,Jawa Barat,Cabai Rawit Merah,49234
2024-01-05,Jawa Barat,Cabai Rawit Merah,49161
2024-01-08,Jawa Barat,Cabai Rawit Merah,49957
2024-01-09,Jawa Barat,Cabai Rawit Merah,50750
2024-01-10,Jawa Barat,Cabai Rawit Merah,50577
2024-01-11,Jawa Barat,Cabai Rawit Merah,51057
2024-01-12,Jawa Barat,Cabai Rawit Merah,50690
2024-01-15,Jawa Barat,Cabai Rawit Merah,50213
2024-01-16,Jawa Barat,Cabai Rawit Merah,49777
2024-01-17,Jawa Barat,Cabai Rawit Merah,49688
2024-01-18,Jawa Barat,Cabai Rawit Merah,48547
2024-01-19,Jawa Barat,Cabai Rawit Merah,49325
2024-01-22,Jawa Barat,Cabai Rawit Merah,49760
2024-01-23,Jawa Barat,Cabai Rawit Merah,50117
2024-01-24,Jawa Barat,Cabai Rawit Merah,50097
2024-01-25,Jawa Barat,Cabai Rawit Merah,51094
2024-01-26,Jawa Barat,Cabai Rawit Merah,50713
2024-01-29,Jawa Barat,Cabai Rawit Merah,51189
2024-01-30,Jawa Barat,Cabai Rawit Merah,51518
2024-01-31,Jawa Barat,Cabai Rawit Merah,51045
2024-02-01,Jawa Barat,Cabai Rawit Merah,50428
2024-02-02,Jawa Barat,Cabai Rawit Merah,50531
2024-02-05,Jawa Barat,Cabai Rawit Merah,50942
2024-02-06,Jawa Barat,Cabai Rawit Merah,50744
2024-02-07,Jawa Barat,Cabai Rawit Merah,49876
2024-02-08,Jawa Barat,Cabai Rawit Merah,50084
2024-02-09,Jawa Barat,Cabai Rawit Merah,50255
2024-02-13,Jawa Barat,Cabai Rawit Merah,48488
2024-02-14,Jawa Barat,Cabai Rawit Merah,48782
2024-02-15,Jawa Barat,Cabai Rawit Merah,48930
2024-02-16,Jawa Barat,Cabai Rawit Merah,49157
2024-02-19,Jawa Barat,Cabai Rawit Merah,49679
2024-02-20,Jawa Barat,Cabai Rawit Merah,49687
2024-02-21,Jawa Barat,Cabai Rawit Merah,49034
2024-02-22,Jawa Barat,Cabai Rawit Merah,49310
2024-02-23,Jawa Barat,Cabai Rawit Merah,49534
2024-02-26,Jawa Barat,Cabai Rawit Merah,48718
2024-02-27,Jawa Barat,Cabai Rawit Merah,48751
2024-02-28,Jawa Barat,Cabai Rawit Merah,48047
2024-02-29,Jawa Barat,Cabai Rawit Merah,48624
2024-03-01,Jawa Barat,Cabai Rawit Merah,48369
2024-03-04,Jawa Barat,Cabai Rawit Merah,47700
2024-03-06,Jawa Barat,Cabai Rawit Merah,47129
2024-03-07,Jawa Barat,Cabai Rawit Merah,47579
2024-03-08,Jawa Barat,Cabai Rawit Merah,47724
2024-03-11,Jawa Barat,Cabai Rawit Merah,47344
2024-03-12,Jawa Barat,Cabai Rawit Merah,47548
2024-03-13,Jawa Barat,Cabai Rawit Merah,47429
2024-03-14,Jawa Barat,Cabai Rawit Merah,47546
2024-03-15,Jawa Barat,Cabai Rawit Merah,46442
2024-03-18,Jawa Barat,Cabai Rawit Merah,46120
2024-03-19,Jawa Barat,Cabai Rawit Merah,45237
2024-03-21,Jawa Barat,Cabai Rawit Merah,44709
2024-03-22,Jawa Barat,Cabai Rawit Merah,45055
2024-03-25,Jawa Barat,Cabai Rawit Merah,45615
2024-03-26,Jawa Barat,Cabai Rawit Merah,46200
2024-03-27,Jawa Barat,Cabai Rawit Merah,46451
2024-03-28,Jawa Barat,Cabai Rawit Merah,46400
2024-03-29,Jawa Barat,Cabai Rawit Merah,46434
2024-04-01,Jawa Barat,Cabai Rawit Merah,46187
2024-04-02,Jawa Barat,Cabai Rawit Merah,46665
2024-04-03,Jawa Barat,Cabai Rawit Merah,47552
2024-04-04,Jawa Barat,Cabai Rawit Merah,48368
2024-04-05,Jawa Barat,Cabai Rawit Merah,48467
2024-04-08,Jawa Barat,Cabai Rawit Merah,48066
2024-04-09,Jawa Barat,Cabai Rawit Merah,48386
2024-04-10,Jawa Barat,Cabai Rawit Merah,47933
2024-04-11,Jawa Barat,Cabai Rawit Merah,47937
2024-04-12,Jawa Barat,Cabai Rawit Merah,47719
2024-04-15,Jawa Barat,Cabai Rawit Merah,47991
2024-04-16,Jawa Barat,Cabai Rawit Merah,48091
2024-04-17,Jawa Barat,Cabai Rawit Merah,47840
2024-04-18,Jawa Barat,Cabai Rawit Merah,49211
2024-04-19,Jawa Barat,Cabai Rawit Merah,48416
2024-04-22,Jawa Barat,Cabai Rawit Merah,48026
2024-04-23,Jawa Barat,Cabai Rawit Merah,48253
2024-04-24,Jawa Barat,Cabai Rawit Merah,48966
2024-04-25,Jawa Barat,Cabai Rawit Merah,49567
2024-04-26,Jawa Barat,Cabai Rawit Merah,48899
2024-04-29,Jawa Barat,Cabai Rawit Merah,49948
2024-04-30,Jawa Barat,Cabai Rawit Merah,50251
2024-05-02,Jawa Barat,Cabai Rawit Merah,51730
2024-05-03,Jawa Barat,Cabai Rawit Merah,51874
2024-05-06,Jawa Barat,Cabai Rawit Merah,53344
2024-05-07,Jawa Barat,Cabai Rawit Merah,54333
2024-05-08,Jawa Barat,Cabai Rawit Merah,53668
2024-05-09,Jawa Barat,Cabai Rawit Merah,53648
2024-05-10,Jawa Barat,Cabai Rawit Merah,54276
2024-05-13,Jawa Barat,Cabai Rawit Merah,55493
2024-05-14,Jawa Barat,Cabai Rawit Merah,55150
2024-05-15,Jawa Barat,Cabai Rawit Merah,55137
2024-05-16,Jawa Barat,Cabai Rawit Merah,55314
2024-05-17,Jawa Barat,Cabai Rawit Merah,56671
2024-05-20,Jawa Barat,Cabai Rawit Merah,56867
2024-05-21,Jawa Barat,Cabai Rawit Merah,56804
2024-05-22,Jawa Barat,Cabai Rawit Merah,56888
2024-05-23,Jawa Barat,Cabai Rawit Merah,57681
2024-05-24,Jawa Barat,Cabai Rawit Merah,56760
2024-05-27,Jawa Barat,Cabai Rawit Merah,57816
2024-05-28,Jawa Barat,Cabai Rawit Merah,57454
2024-05-29,Jawa Barat,Cabai Rawit Merah,55843
2024-05-30,Jawa Barat,Cabai Rawit Merah,55877
2024-05-31,Jawa Barat,Cabai Rawit Merah,55410
2024-06-03,Jawa Barat,Cabai Rawit Merah,55024
2024-06-04,Jawa Barat,Cabai Rawit Merah,55893
2024-06-05,Jawa Barat,Cabai Rawit Merah,55649
2024-06-06,Jawa Barat,Cabai Rawit Merah,56278
2024-06-07,Jawa Barat,Cabai Rawit Merah,56908
2024-06-10,Jawa Barat,Cabai Rawit Merah,57304
2024-06-11,Jawa Barat,Cabai Rawit Merah,58029
2024-06-12,Jawa Barat,Cabai Rawit Merah,57477
2024-06-13,Jawa Barat,Cabai Rawit Merah,55786
2024-06-14,Jawa Barat,Cabai Rawit Merah,55662
2024-06-17,Jawa Barat,Cabai Rawit Merah,56251
2024-06-18,Jawa Barat,Cabai Rawit Merah,58081
2024-06-19,Jawa Barat,Cabai Rawit Merah,58500
2024-06-20,Jawa Barat,Cabai Rawit Merah,59019
2024-06-21,Jawa Barat,Cabai Rawit Merah,59082
2024-06-24,Jawa Barat,Cabai Rawit Merah,59642
2024-06-25,Jawa Barat,Cabai Rawit Merah,59633
2024-06-26,Jawa Barat,Cabai Rawit Merah,58868
2024-06-27,Jawa Barat,Cabai Rawit Merah,59775
2024-06-28,Jawa Barat,Cabai Rawit Merah,60515
2024-07-01,Jawa Barat,Cabai Rawit Merah,60898
2024-07-02,Jawa Barat,Cabai Rawit Merah,60493
2024-07-03,Jawa Barat,Cabai Rawit Merah,60658
2024-07-04,Jawa Barat,Cabai Rawit Merah,60072
2024-07-05,Jawa Barat,Cabai Rawit Merah,59765
2024-07-08,Jawa Barat,Cabai Rawit Merah,60132
2024-07-09,Jawa Barat,Cabai Rawit Merah,60246
2024-07-10,Jawa Barat,Cabai Rawit Merah,59420
2024-07-11,Jawa Barat,Cabai Rawit Merah,60107
2024-07-12,Jawa Barat,Cabai Rawit Merah,61621
2024-07-15,Jawa Barat,Cabai Rawit Merah,61292
2024-07-16,Jawa Barat,Cabai Rawit Merah,62063
2024-07-17,Jawa Barat,Cabai Rawit Merah,61998
2024-07-18,Jawa Barat,Cabai Rawit Merah,63157
2024-07-22,Jawa Barat,Cabai Rawit Merah,63249
2024-07-23,Jawa Barat,Cabai Rawit Merah,64821
2024-07-24,Jawa Barat,Cabai Rawit Merah,65463
2024-07-25,Jawa Barat,Cabai Rawit Merah,65916
2024-07-26,Jawa Barat,Cabai Rawit Merah,65085
2024-07-29,Jawa Barat,Cabai Rawit Merah,64797
2024-07-30,Jawa Barat,Cabai Rawit Merah,66134
2024-07-31,Jawa Barat,Cabai Rawit Merah,66491
2024-08-02,Jawa Barat,Cabai Rawit Merah,67630
2024-08-05,Jawa Barat,Cabai Rawit Merah,67696
2024-08-06,Jawa Barat,Cabai Rawit Merah,67120
2024-08-07,Jawa Barat,Cabai Rawit Merah,66703
2024-08-08,Jawa Barat,Cabai Rawit Merah,68329
2024-08-09,Jawa Barat,Cabai Rawit Merah,67228
2024-08-12,Jawa Barat,Cabai Rawit Merah,66172
2024-08-13,Jawa Barat,Cabai Rawit Merah,65750
2024-08-14,Jawa Barat,Cabai Rawit Merah,65664
2024-08-15,Jawa Barat,Cabai Rawit Merah,65019
2024-08-16,Jawa Barat,Cabai Rawit Merah,65622
2024-08-19,Jawa Barat,Cabai Rawit Merah,65720
2024-08-20,Jawa Barat,Cabai Rawit Merah,66175
2024-08-21,Jawa Barat,Cabai Rawit Merah,65915
2024-08-22,Jawa Barat,Cabai Rawit Merah,66743
2024-08-23,Jawa Barat,Cabai Rawit Merah,66194
2024-08-27,Jawa Barat,Cabai Rawit Merah,66914
2024-08-28,Jawa Barat,Cabai Rawit Merah,68784
2024-08-29,Jawa Barat,Cabai Rawit Merah,70079
2024-08-30,Jawa Barat,Cabai Rawit Merah,70838
2024-09-02,Jawa Barat,Cabai Rawit Merah,70345
2024-09-03,Jawa Barat,Cabai Rawit Merah,71919
2024-09-04,Jawa Barat,Cabai Rawit Merah,72032
2024-09-05,Jawa Barat,Cabai Rawit Merah,71686
2024-09-06,Jawa Barat,Cabai Rawit Merah,71926
2024-09-09,Jawa Barat,Cabai Rawit Merah,73807
2024-09-10,Jawa Barat,Cabai Rawit Merah,72636
2024-09-11,Jawa Barat,Cabai Rawit Merah,72109
2024-09-12,Jawa Barat,Cabai Rawit Merah,71212
2024-09-13,Jawa Barat,Cabai Rawit Merah,70508
2024-09-16,Jawa Barat,Cabai Rawit Merah,69146
2024-09-17,Jawa Barat,Cabai Rawit Merah,67293
2024-09-18,Jawa Barat,Cabai Rawit Merah,67855
2024-09-19,Jawa Barat,Cabai Rawit Merah,67540
2024-09-20,Jawa Barat,Cabai Rawit Merah,65906
2024-09-23,Jawa Barat,Cabai Rawit Merah,66651
2024-09-24,Jawa Barat,Cabai Rawit Merah,66725
2024-09-25,Jawa Barat,Cabai Rawit Merah,66828
2024-09-26,Jawa Barat,Cabai Rawit Merah,65904
2024-09-27,Jawa Barat,Cabai Rawit Merah,65526
2024-09-30,Jawa Barat,Cabai Rawit Merah,65717
2024-10-01,Jawa Barat,Cabai Rawit Merah,65125
2024-10-02,Jawa Barat,Cabai Rawit Merah,64416
2024-10-03,Jawa Barat,Cabai Rawit Merah,65792
2024-10-04,Jawa Barat,Cabai Rawit Merah,64534
2024-10-07,Jawa Barat,Cabai Rawit Merah,65658
2024-10-08,Jawa Barat,Cabai Rawit Merah,65627
2024-10-09,Jawa Barat,Cabai Rawit Merah,65383
2024-10-11,Jawa Barat,Cabai Rawit Merah,66933
2024-10-14,Jawa Barat,Cabai Rawit Merah,67122
2024-10-15,Jawa Barat,Cabai Rawit Merah,68129
2024-10-16,Jawa Barat,Cabai Rawit Merah,68336
2024-10-17,Jawa Barat,Cabai Rawit Merah,67717
2024-10-18,Jawa Barat,Cabai Rawit Merah,67643
2024-10-21,Jawa Barat,Cabai Rawit Merah,65695
2024-10-22,Jawa Barat,Cabai Rawit Merah,66699
2024-10-23,Jawa Barat,Cabai Rawit Merah,67460
2024-10-24,Jawa Barat,Cabai Rawit Merah,67074
2024-10-25,Jawa Barat,Cabai Rawit Merah,68100
2024-10-28,Jawa Barat,Cabai Rawit Merah,69131
2024-10-29,Jawa Barat,Cabai Rawit Merah,67682
2024-10-30,Jawa Barat,Cabai Rawit Merah,67794
2024-10-31,Jawa Barat,Cabai Rawit Merah,66705
2024-11-01,Jawa Barat,Cabai Rawit Merah,67391
2024-11-04,Jawa Barat,Cabai Rawit Merah,67541
2024-11-05,Jawa Barat,Cabai Rawit Merah,66883
2024-11-06,Jawa Barat,Cabai Rawit Merah,67530
2024-11-07,Jawa Barat,Cabai Rawit Merah,67387
2024-11-08,Jawa Barat,Cabai Rawit Merah,67088
2024-11-11,Jawa Barat,Cabai Rawit Merah,66899
2024-11-13,Jawa Barat,Cabai Rawit Merah,66567
2024-11-14,Jawa Barat,Cabai Rawit Merah,67040
2024-11-15,Jawa Barat,Cabai Rawit Merah,66938
2024-11-18,Jawa Barat,Cabai Rawit Merah,65938
2024-11-19,Jawa Barat,Cabai Rawit Merah,64847
2024-11-20,Jawa Barat,Cabai Rawit Merah,64417
2024-11-21,Jawa Barat,Cabai Rawit Merah,64656
2024-11-25,Jawa Barat,Cabai Rawit Merah,65907
2024-11-26,Jawa Barat,Cabai Rawit Merah,66084
2024-11-27,Jawa Barat,Cabai Rawit Merah,66140
2024-11-28,Jawa Barat,Cabai Rawit Merah,66210
2024-11-29,Jawa Barat,Cabai Rawit Merah,65253
2024-12-02,Jawa Barat,Cabai Rawit Merah,66707
2024-12-03,Jawa Barat,Cabai Rawit Merah,65631
2024-12-04,Jawa Barat,Cabai Rawit Merah,66254
2024-12-05,Jawa Barat,Cabai Rawit Merah,66380
2024-12-06,Jawa Barat,Cabai Rawit Merah,66272
2024-12-10,Jawa Barat,Cabai Rawit Merah,65171
2024-12-11,Jawa Barat,Cabai Rawit Merah,67963
2024-12-12,Jawa Barat,Cabai Rawit Merah,67192
2024-12-13,Jawa Barat,Cabai Rawit Merah,67653
2024-12-16,Jawa Barat,Cabai Rawit Merah,68009
2024-12-17,Jawa Barat,Cabai Rawit Merah,67772
2024-12-18,Jawa Barat,Cabai Rawit Merah,66232
2024-12-19,Jawa Barat,Cabai Rawit Merah,66339
2024-12-20,Jawa Barat,Cabai Rawit Merah,66830
2024-12-23,Jawa Barat,Cabai Rawit Merah,67620
2024-12-24,Jawa Barat,Cabai Rawit Merah,67331
2024-12-25,Jawa Barat,Cabai Rawit Merah,67855
2024-12-26,Jawa Barat,Cabai Rawit Merah,67670
2024-12-27,Jawa Barat,Cabai Rawit Merah,66613
2024-12-30,Jawa Barat,Cabai Rawit Merah,66234
2024-12-31,Jawa Barat,Cabai Rawit Merah,66220
2025-01-01,Jawa Barat,Cabai Rawit Merah,67070
2025-01-02,Jawa Barat,Cabai Rawit Merah,66846
2025-01-03,Jawa Barat,Cabai Rawit Merah,66930
2025-01-06,Jawa Barat,Cabai Rawit Merah,67245
2025-01-07,Jawa Barat,Cabai Rawit Merah,67294
2025-01-08,Jawa Barat,Cabai Rawit Merah,66511
2025-01-09,Jawa Barat,Cabai Rawit Merah,67593
2025-01-10,Jawa Barat,Cabai Rawit Merah,68641
2025-01-13,Jawa Barat,Cabai Rawit Merah,68651
2025-01-14,Jawa Barat,Cabai Rawit Merah,67843
2025-01-15,Jawa Barat,Cabai Rawit Merah,66699
2025-01-16,Jawa Barat,Cabai Rawit Merah,66407
2025-01-17,Jawa Barat,Cabai Rawit Merah,66327
2025-01-20,Jawa Barat,Cabai Rawit Merah,66883
2025-01-21,Jawa Barat,Cabai Rawit Merah,67622
2025-01-22,Jawa Barat,Cabai Rawit Merah,68481
2025-01-23,Jawa Barat,Cabai Rawit Merah,67261
2025-01-24,Jawa Barat,Cabai Rawit Merah,67004
2025-01-27,Jawa Barat,Cabai Rawit Merah,66705
2025-01-28,Jawa Barat,Cabai Rawit Merah,67035
2025-01-29,Jawa Barat,Cabai Rawit Merah,66266
2025-01-30,Jawa Barat,Cabai Rawit Merah,66997
2025-01-31,Jawa Barat,Cabai Rawit Merah,67106
2025-02-03,Jawa Barat,Cabai Rawit Merah,67456
2025-02-04,Jawa Barat,Cabai Rawit Merah,65634
2025-02-05,Jawa Barat,Cabai Rawit Merah,64380
2025-02-06,Jawa Barat,Cabai Rawit Merah,63445
2025-02-07,Jawa Barat,Cabai Rawit Merah,61681
2025-02-10,Jawa Barat,Cabai Rawit Merah,61354
2025-02-11,Jawa Barat,Cabai Rawit Merah,61068
2025-02-12,Jawa Barat,Cabai Rawit Merah,60497
2025-02-13,Jawa Barat,Cabai Rawit Merah,61574
2025-02-14,Jawa Barat,Cabai Rawit Merah,62830
2025-02-17,Jawa Barat,Cabai Rawit Merah,62531
2025-02-18,Jawa Barat,Cabai Rawit Merah,62475
2025-02-19,Jawa Barat,Cabai Rawit Merah,62776
2025-02-20,Jawa Barat,Cabai Rawit Merah,64744
2025-02-21,Jawa Barat,Cabai Rawit Merah,65889
2025-02-24,Jawa Barat,Cabai Rawit Merah,66670
2025-02-25,Jawa Barat,Cabai Rawit Merah,66451
2025-02-26,Jawa Barat,Cabai Rawit Merah,65436
2025-02-27,Jawa Barat,Cabai Rawit Merah,65196
2025-02-28,Jawa Barat,Cabai Rawit Merah,64459
2025-03-03,Jawa Barat,Cabai Rawit Merah,64132
2025-03-04,Jawa Barat,Cabai Rawit Merah,62902
2025-03-05,Jawa Barat,Cabai Rawit Merah,63444
2025-03-06,Jawa Barat,Cabai Rawit Merah,63810
2025-03-07,Jawa Barat,Cabai Rawit Merah,65448
2025-03-10,Jawa Barat,Cabai Rawit Merah,64836
2025-03-11,Jawa Barat,Cabai Rawit Merah,66207
2025-03-12,Jawa Barat,Cabai Rawit Merah,64972
2025-03-13,Jawa Barat,Cabai Rawit Merah,63540
2025-03-14,Jawa Barat,Cabai Rawit Merah,63418
2025-03-17,Jawa Barat,Cabai Rawit Merah,63147
2025-03-18,Jawa Barat,Cabai Rawit Merah,63479
2025-03-19,Jawa Barat,Cabai Rawit Merah,64418
2025-03-20,Jawa Barat,Cabai Rawit Merah,65472
2025-03-21,Jawa Barat,Cabai Rawit Merah,65325
2025-03-24,Jawa Barat,Cabai Rawit Merah,65093
2025-03-25,Jawa Barat,Cabai Rawit Merah,65615
2025-03-26,Jawa Barat,Cabai Rawit Merah,64870
2025-03-27,Jawa Barat,Cabai Rawit Merah,64131
2025-03-28,Jawa Barat,Cabai Rawit Merah,64842
2025-03-31,Jawa Barat,Cabai Rawit Merah,63420
2025-04-01,Jawa Barat,Cabai Rawit Merah,63647
2025-04-02,Jawa Barat,Cabai Rawit Merah,63308
2025-04-03,Jawa Barat,Cabai Rawit Merah,62913
2025-04-04,Jawa Barat,Cabai Rawit Merah,63059
2025-04-07,Jawa Barat,Cabai Rawit Merah,63452
2025-04-08,Jawa Barat,Cabai Rawit Merah,62430
2025-04-09,Jawa Barat,Cabai Rawit Merah,62358
2025-04-10,Jawa Barat,Cabai Rawit Merah,62870
2025-04-11,Jawa Barat,Cabai Rawit Merah,62950
2025-04-14,Jawa Barat,Cabai Rawit Merah,63644
2025-04-15,Jawa Barat,Cabai Rawit Merah,63612
2025-04-16,Jawa Barat,Cabai Rawit Merah,63482
2025-04-17,Jawa Barat,Cabai Rawit Merah,62468
2025-04-18,Jawa Barat,Cabai Rawit Merah,64530
2025-04-21,Jawa Barat,Cabai Rawit Merah,64785
2025-04-22,Jawa Barat,Cabai Rawit Merah,64889
2025-04-23,Jawa Barat,Cabai Rawit Merah,65557
2025-04-24,Jawa Barat,Cabai Rawit Merah,65556
2025-04-25,Jawa Barat,Cabai Rawit Merah,65571
2025-04-28,Jawa Barat,Cabai Rawit Merah,64417
2025-04-29,Jawa Barat,Cabai Rawit Merah,63714
2025-04-30,Jawa Barat,Cabai Rawit Merah,62764
2025-05-01,Jawa Barat,Cabai Rawit Merah,61883
2025-05-02,Jawa Barat,Cabai Rawit Merah,62768
2025-05-05,Jawa Barat,Cabai Rawit Merah,61213
2025-05-06,Jawa Barat,Cabai Rawit Merah,60973
2025-05-07,Jawa Barat,Cabai Rawit Merah,62037
2025-05-08,Jawa Barat,Cabai Rawit Merah,60781
2025-05-09,Jawa Barat,Cabai Rawit Merah,61844
2025-05-12,Jawa Barat,Cabai Rawit Merah,61127
2025-05-13,Jawa Barat,Cabai Rawit Merah,62290
2025-05-14,Jawa Barat,Cabai Rawit Merah,63333
2025-05-15,Jawa Barat,Cabai Rawit Merah,62857
2025-05-16,Jawa Barat,Cabai Rawit Merah,61670
2025-05-20,Jawa Barat,Cabai Rawit Merah,61262
2025-05-21,Jawa Barat,Cabai Rawit Merah,60743
2025-05-23,Jawa Barat,Cabai Rawit Merah,59015
2025-05-26,Jawa Barat,Cabai Rawit Merah,58218
2025-05-27,Jawa Barat,Cabai Rawit Merah,57681
2025-05-28,Jawa Barat,Cabai Rawit Merah,58056
2025-05-29,Jawa Barat,Cabai Rawit Merah,58749
2025-05-30,Jawa Barat,Cabai Rawit Merah,58702
2025-06-02,Jawa Barat,Cabai Rawit Merah,58562
2025-06-03,Jawa Barat,Cabai Rawit Merah,58446
2025-06-04,Jawa Barat,Cabai Rawit Merah,58854
2025-06-05,Jawa Barat,Cabai Rawit Merah,57909
2025-06-06,Jawa Barat,Cabai Rawit Merah,58557
2025-06-09,Jawa Barat,Cabai Rawit Merah,59379
2025-06-10,Jawa Barat,Cabai Rawit Merah,58426
2025-06-11,Jawa Barat,Cabai Rawit Merah,58720
2025-06-12,Jawa Barat,Cabai Rawit Merah,57800
2025-06-13,Jawa Barat,Cabai Rawit Merah,57997
2025-06-16,Jawa Barat,Cabai Rawit Merah,59872
2025-06-17,Jawa Barat,Cabai Rawit Merah,58780
2025-06-18,Jawa Barat,Cabai Rawit Merah,57047
2025-06-19,Jawa Barat,Cabai Rawit Merah,58508
2025-06-20,Jawa Barat,Cabai Rawit Merah,58238
2025-06-23,Jawa Barat,Cabai Rawit Merah,57938
2025-06-24,Jawa Barat,Cabai Rawit Merah,58579
2025-06-25,Jawa Barat,Cabai Rawit Merah,58408
2025-06-26,Jawa Barat,Cabai Rawit Merah,57203
2025-06-27,Jawa Barat,Cabai Rawit Merah,56809
2025-06-30,Jawa Barat,Cabai Rawit Merah,56326
2025-07-01,Jawa Barat,Cabai Rawit Merah,55987
2025-07-02,Jawa Barat,Cabai Rawit Merah,54065
2025-07-03,Jawa Barat,Cabai Rawit Merah,53825
2025-07-04,Jawa Barat,Cabai Rawit Merah,53033
2025-07-07,Jawa Barat,Cabai Rawit Merah,52591
2025-07-08,Jawa Barat,Cabai Rawit Merah,52406
2025-07-09,Jawa Barat,Cabai Rawit Merah,51076
2025-07-10,Jawa Barat,Cabai Rawit Merah,51033
2025-07-11,Jawa Barat,Cabai Rawit Merah,49811
2025-07-14,Jawa Barat,Cabai Rawit Merah,49250
2025-07-16,Jawa Barat,Cabai Rawit Merah,47492
2025-07-17,Jawa Barat,Cabai Rawit Merah,47329
2025-07-18,Jawa Barat,Cabai Rawit Merah,47707
2025-07-21,Jawa Barat,Cabai Rawit Merah,47872
2025-07-22,Jawa Barat,Cabai Rawit Merah,47715
2025-07-23,Jawa Barat,Cabai Rawit Merah,48100
2025-07-24,Jawa Barat,Cabai Rawit Merah,48278
2025-07-25,Jawa Barat,Cabai Rawit Merah,47430
2025-07-28,Jawa Barat,Cabai Rawit Merah,47634
2025-07-29,Jawa Barat,Cabai Rawit Merah,48893
2025-07-30,Jawa Barat,Cabai Rawit Merah,49390
2025-07-31,Jawa Barat,Cabai Rawit Merah,49011
2025-08-01,Jawa Barat,Cabai Rawit Merah,49325
2025-08-04,Jawa Barat,Cabai Rawit Merah,50436
2025-08-05,Jawa Barat,Cabai Rawit Merah,51261
2025-08-06,Jawa Barat,Cabai Rawit Merah,50480
2025-08-07,Jawa Barat,Cabai Rawit Merah,50786
2025-08-08,Jawa Barat,Cabai Rawit Merah,50817
2025-08-11,Jawa Barat,Cabai Rawit Merah,51942
2025-08-12,Jawa Barat,Cabai Rawit Merah,52637
2025-08-14,Jawa Barat,Cabai Rawit Merah,51944
2025-08-15,Jawa Barat,Cabai Rawit Merah,53175
2025-08-18,Jawa Barat,Cabai Rawit Merah,52673
2025-08-20,Jawa Barat,Cabai Rawit Merah,52438
2025-08-21,Jawa Barat,Cabai Rawit Merah,52392
2025-08-22,Jawa Barat,Cabai Rawit Merah,52739
2025-08-25,Jawa Barat,Cabai Rawit Merah,52866
2025-08-26,Jawa Barat,Cabai Rawit Merah,53253
2025-08-27,Jawa Barat,Cabai Rawit Merah,52963
2025-08-28,Jawa Barat,Cabai Rawit Merah,52921
2025-08-29,Jawa Barat,Cabai Rawit Merah,52830
2025-09-01,Jawa Barat,Cabai Rawit Merah,52437
2025-09-02,Jawa Barat,Cabai Rawit Merah,53220
2025-09-03,Jawa Barat,Cabai Rawit Merah,52736
2025-09-04,Jawa Barat,Cabai Rawit Merah,52271
2025-09-05,Jawa Barat,Cabai Rawit Merah,52171
2025-09-08,Jawa Barat,Cabai Rawit Merah,52488
2025-09-09,Jawa Barat,Cabai Rawit Merah,52202
2025-09-10,Jawa Barat,Cabai Rawit Merah,51965
2025-09-11,Jawa Barat,Cabai Rawit Merah,52985
2025-09-12,Jawa Barat,Cabai Rawit Merah,54200
2025-09-15,Jawa Barat,Cabai Rawit Merah,54806
2025-09-16,Jawa Barat,Cabai Rawit Merah,54670
2025-09-17,Jawa Barat,Cabai Rawit Merah,54202
2025-09-18,Jawa Barat,Cabai Rawit Merah,54448
2025-09-19,Jawa Barat,Cabai Rawit Merah,53419
2025-09-22,Jawa Barat,Cabai Rawit Merah,51911
2025-09-24,Jawa Barat,Cabai Rawit Merah,51183
2025-09-25,Jawa Barat,Cabai Rawit Merah,51617
2025-09-26,Jawa Barat,Cabai Rawit Merah,51603
2025-09-29,Jawa Barat,Cabai Rawit Merah,51607
2025-09-30,Jawa Barat,Cabai Rawit Merah,50773
2025-10-01,Jawa Barat,Cabai Rawit Merah,50421
2025-10-02,Jawa Barat,Cabai Rawit Merah,51033
2025-10-03,Jawa Barat,Cabai Rawit Merah,51122
2025-10-06,Jawa Barat,Cabai Rawit Merah,50872
2025-10-07,Jawa Barat,Cabai Rawit Merah,50723
2025-10-08,Jawa Barat,Cabai Rawit Merah,50599
2025-10-09,Jawa Barat,Cabai Rawit Merah,50810
2025-10-10,Jawa Barat,Cabai Rawit Merah,52468
2025-10-13,Jawa Barat,Cabai Rawit Merah,51357
2025-10-14,Jawa Barat,Cabai Rawit Merah,50654
2025-10-15,Jawa Barat,Cabai Rawit Merah,50497
2025-10-16,Jawa Barat,Cabai Rawit Merah,50233
2025-10-17,Jawa Barat,Cabai Rawit Merah,50245
2025-10-20,Jawa Barat,Cabai Rawit Merah,49657
2025-10-21,Jawa Barat,Cabai Rawit Merah,49939
2025-10-22,Jawa Barat,Cabai Rawit Merah,49215
2025-10-23,Jawa Barat,Cabai Rawit Merah,49106
2025-10-24,Jawa Barat,Cabai Rawit Merah,49590
2025-10-27,Jawa Barat,Cabai Rawit Merah,50379
2025-10-28,Jawa Barat,Cabai Rawit Merah,50137
2025-10-29,Jawa Barat,Cabai Rawit Merah,50689
2025-10-30,Jawa Barat,Cabai Rawit Merah,50286
2025-10-31,Jawa Barat,Cabai Rawit Merah,50322
2025-11-03,Jawa Barat,Cabai Rawit Merah,49693
2025-11-04,Jawa Barat,Cabai Rawit Merah,49516
2025-11-05,Jawa Barat,Cabai Rawit Merah,49386
2025-11-06,Jawa Barat,Cabai Rawit Merah,49865
2025-11-07,Jawa Barat,Cabai Rawit Merah,49387
2025-11-10,Jawa Barat,Cabai Rawit Merah,48910
2025-11-11,Jawa Barat,Cabai Rawit Merah,49174
2025-11-12,Jawa Barat,Cabai Rawit Merah,49371
2025-11-13,Jawa Barat,Cabai Rawit Merah,51040
2025-11-14,Jawa Barat,Cabai Rawit Merah,51414
2025-11-17,Jawa Barat,Cabai Rawit Merah,50792
2025-11-18,Jawa Barat,Cabai Rawit Merah,49689
2025-11-19,Jawa Barat,Cabai Rawit Merah,49935
2025-11-20,Jawa Barat,Cabai Rawit Merah,49028
2025-11-21,Jawa Barat,Cabai Rawit Merah,48392
2025-11-24,Jawa Barat,Cabai Rawit Merah,48212
2025-11-25,Jawa Barat,Cabai Rawit Merah,47459
2025-11-26,Jawa Barat,Cabai Rawit Merah,47368
2025-11-27,Jawa Barat,Cabai Rawit Merah,47201
2025-11-28,Jawa Barat,Cabai Rawit Merah,46688
2025-12-01,Jawa Barat,Cabai Rawit Merah,47316
2025-12-02,Jawa Barat,Cabai Rawit Merah,46187
2025-12-03,Jawa Barat,Cabai Rawit Merah,45657
2025-12-04,Jawa Barat,Cabai Rawit Merah,45900
2025-12-08,Jawa Barat,Cabai Rawit Merah,45315
2025-12-09,Jawa Barat,Cabai Rawit Merah,45334
2025-12-10,Jawa Barat,Cabai Rawit Merah,45070
2025-12-11,Jawa Barat,Cabai Rawit Merah,45381
2025-12-12,Jawa Barat,Cabai Rawit Merah,45759
2025-12-15,Jawa Barat,Cabai Rawit Merah,46514
2025-12-16,Jawa Barat,Cabai Rawit Merah,46932
2025-12-17,Jawa Barat,Cabai Rawit Merah,46227
2025-12-18,Jawa Barat,Cabai Rawit Merah,46585
2025-12-19,Jawa Barat,Cabai Rawit Merah,46222
2025-12-22,Jawa Barat,Cabai Rawit Merah,46305
2025-12-23,Jawa Barat,Cabai Rawit Merah,46507
2025-12-24,Jawa Barat,Cabai Rawit Merah,46037
2025-12-26,Jawa Barat,Cabai Rawit Merah,45587
2025-12-29,Jawa Barat,Cabai Rawit Merah,45250
2025-12-30,Jawa Barat,Cabai Rawit Merah,45596
2025-12-31,Jawa Barat,Cabai Rawit Merah,44549
2026-01-01,Jawa Barat,Cabai Rawit Merah,44006
2026-01-02,Jawa Barat,Cabai Rawit Merah,44412
2026-01-05,Jawa Barat,Cabai Rawit Merah,44346
2026-01-06,Jawa Barat,Cabai Rawit Merah,44215
2026-01-07,Jawa Barat,Cabai Rawit Merah,44911
2026-01-08,Jawa Barat,Cabai Rawit Merah,44924
2026-01-09,Jawa Barat,Cabai Rawit Merah,44732
2026-01-12,Jawa Barat,Cabai Rawit Merah,45117
2026-01-13,Jawa Barat,Cabai Rawit Merah,45452
2026-01-14,Jawa Barat,Cabai Rawit Merah,46107
2026-01-15,Jawa Barat,Cabai Rawit Merah,46482
2026-01-16,Jawa Barat,Cabai Rawit Merah,45938
2026-01-19,Jawa Barat,Cabai Rawit Merah,46701
2026-01-20,Jawa Barat,Cabai Rawit Merah,46123
2026-01-21,Jawa Barat,Cabai Rawit Merah,47298
2026-01-22,Jawa Barat,Cabai Rawit Merah,47753
2026-01-23,Jawa Barat,Cabai Rawit Merah,48407
2026-01-26,Jawa Barat,Cabai Rawit Merah,47713
2026-01-27,Jawa Barat,Cabai Rawit Merah,48131
2026-01-28,Jawa Barat,Cabai Rawit Merah,47438
2026-01-29,Jawa Barat,Cabai Rawit Merah,47229
2026-02-02,Jawa Barat,Cabai Rawit Merah,45454
2026-02-03,Jawa Barat,Cabai Rawit Merah,44617
2026-02-04,Jawa Barat,Cabai Rawit Merah,44346
2026-02-05,Jawa Barat,Cabai Rawit Merah,44413
2026-02-06,Jawa Barat,Cabai Rawit Merah,44368
2026-02-09,Jawa Barat,Cabai Rawit Merah,45708
2026-02-10,Jawa Barat,Cabai Rawit Merah,45883
2026-02-11,Jawa Barat,Cabai Rawit Merah,46135
2026-02-12,Jawa Barat,Cabai Rawit Merah,46346
2026-02-13,Jawa Barat,Cabai Rawit Merah,45999
2026-02-16,Jawa Barat,Cabai Rawit Merah,45588
2026-02-17,Jawa Barat,Cabai Rawit Merah,45524
2026-02-18,Jawa Barat,Cabai Rawit Merah,43998
2026-02-19,Jawa Barat,Cabai Rawit Merah,43981
2026-02-20,Jawa Barat,Cabai Rawit Merah,43843
2026-02-23,Jawa Barat,Cabai Rawit Merah,44348
2026-02-24,Jawa Barat,Cabai Rawit Merah,44685
2026-02-25,Jawa Barat,Cabai Rawit Merah,44773
2026-02-26,Jawa Barat,Cabai Rawit Merah,44444
2026-02-27,Jawa Barat,Cabai Rawit Merah,43840
2026-03-02,Jawa Barat,Cabai Rawit Merah,44084
2026-03-03,Jawa Barat,Cabai Rawit Merah,44095
2026-03-04,Jawa Barat,Cabai Rawit Merah,44338
2026-03-05,Jawa Barat,Cabai Rawit Merah,44885
2026-03-06,Jawa Barat,Cabai Rawit Merah,44170
2026-03-09,Jawa Barat,Cabai Rawit Merah,44509
2026-03-10,Jawa Barat,Cabai Rawit Merah,43767
2026-03-11,Jawa Barat,Cabai Rawit Merah,44169
2026-03-12,Jawa Barat,Cabai Rawit Merah,44148
2026-03-13,Jawa Barat,Cabai Rawit Merah,44227
2026-03-16,Jawa Barat,Cabai Rawit Merah,44740
2026-03-17,Jawa Barat,Cabai Rawit Merah,43961
2026-03-18,Jawa Barat,Cabai Rawit Merah,42757
2026-03-19,Jawa Barat,Cabai Rawit Merah,43388
2026-03-20,Jawa Barat,Cabai Rawit Merah,44190
2026-03-23,Jawa Barat,Cabai Rawit Merah,44528
2026-03-24,Jawa Barat,Cabai Rawit Merah,44601
2026-03-25,Jawa Barat,Cabai Rawit Merah,44239
2026-03-26,Jawa Barat,Cabai Rawit Merah,44373
2026-03-27,Jawa Barat,Cabai Rawit Merah,44282
2026-03-30,Jawa Barat,Cabai Rawit Merah,44826
2026-03-31,Jawa Barat,Cabai Rawit Merah,44707
2026-04-01,Jawa Barat,Cabai Rawit Merah,44893
2026-04-02,Jawa Barat,Cabai Rawit Merah,43781
2026-04-06,Jawa Barat,Cabai Rawit Merah,44896
2026-04-07,Jawa Barat,Cabai Rawit Merah,44635
2026-04-08,Jawa Barat,Cabai Rawit Merah,43818
2026-04-09,Jawa Barat,Cabai Rawit Merah,43856
2026-04-10,Jawa Barat,Cabai Rawit Merah,44385
2026-04-13,Jawa Barat,Cabai Rawit Merah,44725
2026-04-14,Jawa Barat,Cabai Rawit Merah,46011
2026-04-15,Jawa Barat,Cabai Rawit Merah,46063
2026-04-16,Jawa Barat,Cabai Rawit Merah,46695
2026-04-17,Jawa Barat,Cabai Rawit Merah,46283
2026-04-20,Jawa Barat,Cabai Rawit Merah,45229
2026-04-21,Jawa Barat,Cabai Rawit Merah,44735
2026-04-22,Jawa Barat,Cabai Rawit Merah,44399
2026-04-23,Jawa Barat,Cabai Rawit Merah,44273
2026-04-24,Jawa Barat,Cabai Rawit Merah,44773
2026-04-27,Jawa Barat,Cabai Rawit Merah,44522
2026-04-28,Jawa Barat,Cabai Rawit Merah,44776
2026-04-29,Jawa Barat,Cabai Rawit Merah,44883
2026-04-30,Jawa Barat,Cabai Rawit Merah,44983
2026-05-01,Jawa Barat,Cabai Rawit Merah,45232
2026-05-04,Jawa Barat,Cabai Rawit Merah,45413
2026-05-05,Jawa Barat,Cabai Rawit Merah,44794
2026-05-06,Jawa Barat,Cabai Rawit Merah,44587
2026-05-07,Jawa Barat,Cabai Rawit Merah,43937
2026-05-08,Jawa Barat,Cabai Rawit Merah,43764
2026-05-11,Jawa Barat,Cabai Rawit Merah,43626
2026-05-12,Jawa Barat,Cabai Rawit Merah,43922
2026-05-13,Jawa Barat,Cabai Rawit Merah,44136
2026-05-14,Jawa Barat,Cabai Rawit Merah,44711
2026-05-15,Jawa Barat,Cabai Rawit Merah,43342
2026-05-18,Jawa Barat,Cabai Rawit Merah,43460
2026-05-19,Jawa Barat,Cabai Rawit Merah,43890
2026-05-20,Jawa Barat,Cabai Rawit Merah,43987
2026-05-21,Jawa Barat,Cabai Rawit Merah,42996
2026-05-22,Jawa Barat,Cabai Rawit Merah,43499
2026-05-25,Jawa Barat,Cabai Rawit Merah,43920
2026-05-26,Jawa Barat,Cabai Rawit Merah,43493
2026-05-27,Jawa Barat,Cabai Rawit Merah,42866
2026-05-28,Jawa Barat,Cabai Rawit Merah,42759
2026-05-29,Jawa Barat,Cabai Rawit Merah,43393
2026-06-01,Jawa Barat,Cabai Rawit Merah,44323
2026-06-02,Jawa Barat,Cabai Rawit Merah,45063
2026-06-03,Jawa Barat,Cabai Rawit Merah,44830
2026-06-04,Jawa Barat,Cabai Rawit Merah,44474
2026-06-05,Jawa Barat,Cabai Rawit Merah,44723
2026-06-08,Jawa Barat,Cabai Rawit Merah,45010
2026-06-09,Jawa Barat,Cabai Rawit Merah,45547
2026-06-10,Jawa Barat,Cabai Rawit Merah,45957
2026-06-11,Jawa Barat,Cabai Rawit Merah,45285
2026-06-15,Jawa Barat,Cabai Rawit Merah,44118
2026-06-16,Jawa Barat,Cabai Rawit Merah,44262
2026-06-17,Jawa Barat,Cabai Rawit Merah,44740
2026-06-18,Jawa Barat,Cabai Rawit Merah,45225
2026-06-19,Jawa Barat,Cabai Rawit Merah,45163
2026-06-22,Jawa Barat,Cabai Rawit Merah,43761
2026-06-23,Jawa Barat,Cabai Rawit Merah,43798
2026-06-24,Jawa Barat,Cabai Rawit Merah,43968
2026-06-25,Jawa Barat,Cabai Rawit Merah,44233
2026-06-26,Jawa Barat,Cabai Rawit Merah,43486
2026-06-29,Jawa Barat,Cabai Rawit Merah,44527
2026-06-30,Jawa Barat,Cabai Rawit Merah,43737
2026-07-01,Jawa Barat,Cabai Rawit Merah,43654
2026-07-02,Jawa Barat,Cabai Rawit Merah,43092
2026-07-03,Jawa Barat,Cabai Rawit Merah,42417
2026-07-06,Jawa Barat,Cabai Rawit Merah,42899
2026-07-08,Jawa Barat,Cabai Rawit Merah,44185
2026-07-09,Jawa Barat,Cabai Rawit Merah,43876
2026-07-10,Jawa Barat,Cabai Rawit Merah,43673
2026-07-13,Jawa Barat,Cabai Rawit Merah,43780
2026-07-14,Jawa Barat,Cabai Rawit Merah,43878
2026-07-15,Jawa Barat,Cabai Rawit Merah,43461
2026-07-16,Jawa Barat,Cabai Rawit Merah,42582
2026-07-17,Jawa Barat,Cabai Rawit Merah,43486
2026-07-20,Jawa Barat,Cabai Rawit Merah,43417
2026-07-21,Jawa Barat,Cabai Rawit Merah,43553
2026-07-22,Jawa Barat,Cabai Rawit Merah,44300
2026-07-24,Jawa Barat,Cabai Rawit Merah,43300
2026-07-27,Jawa Barat,Cabai Rawit Merah,42183
2026-07-28,Jawa Barat,Cabai Rawit Merah,42155
2026-07-29,Jawa Barat,Cabai Rawit Merah,41762
2026-07-30,Jawa Barat,Cabai Rawit Merah,41346
2026-07-31,Jawa Barat,Cabai Rawit Merah,41201
2026-08-03,Jawa Barat,Cabai Rawit Merah,41469
2026-08-04,Jawa Barat,Cabai Rawit Merah,40897
2026-08-05,Jawa Barat,Cabai Rawit Merah,41765
2026-08-06,Jawa Barat,Cabai Rawit Merah,42062
2026-08-07,Jawa Barat,Cabai Rawit Merah,42289
2026-08-10,Jawa Barat,Cabai Rawit Merah,42128
2026-08-11,Jawa Barat,Cabai Rawit Merah,42521
2026-08-12,Jawa Barat,Cabai Rawit Merah,42118
2026-08-13,Jawa Barat,Cabai Rawit Merah,41773
2026-08-14,Jawa Barat,Cabai Rawit Merah,42097
2026-08-17,Jawa Barat,Cabai Rawit Merah,42873
2026-08-18,Jawa Barat,Cabai Rawit Merah,42198
2026-08-19,Jawa Barat,Cabai Rawit Merah,42652
2026-08-20,Jawa Barat,Cabai Rawit Merah,42129
2026-08-21,Jawa Barat,Cabai Rawit Merah,41933
2026-08-24,Jawa Barat,Cabai Rawit Merah,41423
2026-08-25,Jawa Barat,Cabai Rawit Merah,40523
2026-08-26,Jawa Barat,Cabai Rawit Merah,39458
2026-08-27,Jawa Barat,Cabai Rawit Merah,39610
2026-08-28,Jawa Barat,Cabai Rawit Merah,40405
