as_of,komoditas,horizon,ember,q10,q50,q90
2018-09-24,Cabai Merah Besar,7,1,-1.28,0.0,1.28
2018-09-24,Cabai Merah Besar,7,2,-1.28,0.0,1.28
2018-09-24,Cabai Merah Besar,7,3,-1.28,0.0,1.28
2018-09-24,Cabai Merah Besar,14,1,-1.28,0.0,1.28
2018-09-24,Cabai Merah Besar,14,2,-1.28,0.0,1.28
2018-09-24,Cabai Merah Besar,14,3,-1.28,0.0,1.28
2018-10-01,Cabai Merah Besar,7,1,-1.28,0.0,1.28
2018-10-01,Cabai Merah Besar,7,2,-1.28,0.0,1.28
2018-10-01,Cabai Merah Besar,7,3,-1.28,0.0,1.28
2018-10-01,Cabai Merah Besar,14,1,-1.28,0.0,1.28
2018-10-01,Cabai Merah Besar,14,2,-1.28,0.0,1.28
2018-10-01,Cabai Merah Besar,14,3,-1.28,0.0,1.28
2018-10-08,Cabai Merah Besar,7,1,-1.28,0.0,1.28
2018-10-08,Cabai Merah Besar,7,2,-1.28,0.0,1.28
2018-10-08,Cabai Merah Besar,7,3,-1.28,0.0,1.28
2018-10-08,Cabai Merah Besar,14,1,-1.28,0.0,1.28
2018-10-08,Cabai Merah Besar,14,2,-1.28,0.0,1.28
2018-10-08,Cabai Merah Besar,14,3,-1.28,0.0,1.28
2018-10-15,Cabai Merah Besar,7,1,-1.28,0.0,1.28
2018-10-15,Cabai Merah Besar,7,2,-1.28,0.0,1.28
2018-10-15,Cabai Merah Besar,7,3,-1.28,0.0,1.28
2018-10-15,Cabai Merah Besar,14,1,-1.28,0.0,1.28
2018-10-15,Cabai Merah Besar,14,2,-1.28,0.0,1.28
2018-10-15,Cabai Merah Besar,14,3,-1.28,0.0,1.28
2018-10-22,Cabai Merah Besar,7,1,-1.28,0.0,1.28
2018-10-22,Cabai Merah Besar,7,2,-1.28,0.0,1.28
2018-10-22,Cabai Merah Besar,7,3,-1.28,0.0,1.28
2018-10-22,Cabai Merah Besar,14,1,-1.28,0.0,1.28
2018-10-22,Cabai Merah Besar,14,2,-1.28,0.0,1.28
2018-10-22,Cabai Merah Besar,14,3,-1.28,0.0,1.28
2018-10-29,Cabai Merah Besar,7,1,-1.28,0.0,1.28
2018-10-29,Cabai Merah Besar,7,2,-1.28,0.0,1.28
2018-10-29,Cabai Merah Besar,7,3,-1.28,0.0,1.28
2018-10-29,Cabai Merah Besar,14,1,-1.28,0.0,1.28
2018-10-29,Cabai Merah Besar,14,2,-1.28,0.0,1.28
2018-10-29,Cabai Merah Besar,14,3,-1.28,0.0,1.28
2018-11-05,Cabai Merah Besar,7,1,-1.28,0.0,1.28
2018-11-05,Cabai Merah Besar,7,2,-1.28,0.0,1.28
2018-11-05,Cabai Merah Besar,7,3,-1.28,0.0,1.28
2018-11-05,Cabai Merah Besar,14,1,-1.28,0.0,1.28
2018-11-05,Cabai Merah Besar,14,2,-1.28,0.0,1.28
2018-11-05,Cabai Merah Besar,14,3,-1.28,0.0,1.28
2018-11-12,Cabai Merah Besar,7,1,-1.28,0.0,1.28
2018-11-12,Cabai Merah Besar,7,2,-1.28,0.0,1.28
2018-11-12,Cabai Merah Besar,7,3,-1.28,0.0,1.28
2018-11-12,Cabai Merah Besar,14,1,-1.28,0.0,1.28
2018-11-12,Cabai Merah Besar,14,2,-1.28,0.0,1.28
2018-11-12,Cabai Merah Besar,14,3,-1.28,0.0,1.28
2018-11-19,Cabai Merah Besar,7,1,-1.28,0.0,1.28
2018-11-19,Cabai Merah Besar,7,2,-1.28,0.0,1.28
2018-11-19,Cabai Merah Besar,7,3,-1.28,0.0,1.28
2018-11-19,Cabai Merah Besar,14,1,-1.28,0.0,1.28
2018-11-19,Cabai Merah Besar,14,2,-1.28,0.0,1.28
2018-11-19,Cabai Merah Besar,14,3,-1.28,0.0,1.28
2018-11-26,Cabai Merah Besar,7,1,-1.28,0.0,1.28
2018-11-26,Cabai Merah Besar,7,2,-1.28,0.0,1.28
2018-11-26,Cabai Merah Besar,7,3,-1.28,0.0,1.28
2018-11-26,Cabai Merah Besar,14,1,-1.28,0.0,1.28
2018-11-26,Cabai Merah Besar,14,2,-1.28,0.0,1.28
2018-11-26,Cabai Merah Besar,14,3,-1.28,0.0,1.28
2018-12-03,Cabai Merah Besar,7,1,-1.28,0.0,1.28
2018-12-03,Cabai Merah Besar,7,2,-1.28,0.0,1.28
2018-12-03,Cabai Merah Besar,7,3,-1.28,0.0,1.28
2018-12-03,Cabai Merah Besar,14,1,-1.28,0.0,1.28
2018-12-03,Cabai Merah Besar,14,2,-1.28,0.0,1.28
2018-12-03,Cabai Merah Besar,14,3,-1.28,0.0,1.28
2018-12-10,Cabai Merah Besar,7,1,-1.28,0.0,1.28
2018-12-10,Cabai Merah Besar,7,2,-1.28,0.0,1.28
2018-12-10,Cabai Merah Besar,7,3,-1.28,0.0,1.28
2018-12-10,Cabai Merah Besar,14,1,-1.28,0.0,1.28
2018-12-10,Cabai Merah Besar,14,2,-1.28,0.0,1.28
2018-12-10,Cabai Merah Besar,14,3,-1.28,0.0,1.28
2018-12-17,Cabai Merah Besar,7,1,-1.28,0.0,1.28
2018-12-17,Cabai Merah Besar,7,2,-1.28,0.0,1.28
2018-12-17,Cabai Merah Besar,7,3,-1.28,0.0,1.28
2018-12-17,Cabai Merah Besar,14,1,-1.28,0.0,1.28
2018-12-17,Cabai Merah Besar,14,2,-1.28,0.0,1.28
2018-12-17,Cabai Merah Besar,14,3,-1.28,0.0,1.28
2018-12-24,Cabai Merah Besar,7,1,-1.28,0.0,1.28
2018-12-24,Cabai Merah Besar,7,2,-1.28,0.0,1.28
2018-12-24,Cabai Merah Besar,7,3,-1.28,0.0,1.28
2018-12-24,Cabai Merah Besar,14,1,-1.28,0.0,1.28
2018-12-24,Cabai Merah Besar,14,2,-1.28,0.0,1.28
2018-12-24,Cabai Merah Besar,14,3,-1.28,0.0,1.28
2018-12-31,Cabai Merah Besar,7,1,-1.28,0.0,1.28
2018-12-31,Cabai Merah Besar,7,2,-1.28,0.0,1.28
2018-12-31,Cabai Merah Besar,7,3,-1.28,0.0,1.28
2018-12-31,Cabai Merah Besar,14,1,-1.28,0.0,1.28
2018-12-31,Cabai Merah Besar,14,2,-1.28,0.0,1.28
2018-12-31,Cabai Merah Besar,14,3,-1.28,0.0,1.28
2019-01-07,Cabai Merah Besar,7,1,-1.28,0.0,1.28
2019-01-07,Cabai Merah Besar,7,2,-1.28,0.0,1.28
2019-01-07,Cabai Merah Besar,7,3,-1.28,0.0,1.28
2019-01-07,Cabai Merah Besar,14,1,-1.28,0.0,1.28
2019-01-07,Cabai Merah Besar,14,2,-1.28,0.0,1.28
2019-01-07,Cabai Merah Besar,14,3,-1.28,0.0,1.28
2019-01-14,Cabai Merah Besar,7,1,-1.28,0.0,1.28
2019-01-14,Cabai Merah Besar,7,2,-1.28,0.0,1.28
2019-01-14,Cabai Merah Besar,7,3,-1.28,0.0,1.28
2019-01-14,Cabai Merah Besar,14,1,-1.28,0.0,1.28
2019-01-14,Cabai Merah Besar,14,2,-1.28,0.0,1.28
2019-01-14,Cabai Merah Besar,14,3,-1.28,0.0,1.28
2019-01-21,Cabai Merah Besar,7,1,-1.28,0.0,1.28
2019-01-21,Cabai Merah Besar,7,2,-1.28,0.0,1.28
2019-01-21,Cabai Merah Besar,7,3,-1.28,0.0,1.28
2019-01-21,Cabai Merah Besar,14,1,-1.28,0.0,1.28
2019-01-21,Cabai Merah Besar,14,2,-1.28,0.0,1.28
2019-01-21,Cabai Merah Besar,14,3,-1.28,0.0,1.28
2019-01-28,Cabai Merah Besar,7,1,-1.28,0.0,1.28
2019-01-28,Cabai Merah Besar,7,2,-1.28,0.0,1.28
2019-01-28,Cabai Merah Besar,7,3,-1.28,0.0,1.28
2019-01-28,Cabai Merah Besar,14,1,-1.28,0.0,1.28
2019-01-28,Cabai Merah Besar,14,2,-1.28,0.0,1.28
2019-01-28,Cabai Merah Besar,14,3,-1.28,0.0,1.28
2019-02-04,Cabai Merah Besar,7,1,-1.28,0.0,1.28
2019-02-04,Cabai Merah Besar,7,2,-1.28,0.0,1.28
2019-02-04,Cabai Merah Besar,7,3,-1.28,0.0,1.28
2019-02-04,Cabai Merah Besar,14,1,-1.28,0.0,1.28
2019-02-04,Cabai Merah Besar,14,2,-1.28,0.0,1.28
2019-02-04,Cabai Merah Besar,14,3,-1.28,0.0,1.28
2019-02-11,Cabai Merah Besar,7,1,-1.28,0.0,1.28
2019-02-11,Cabai Merah Besar,7,2,-1.28,0.0,1.28
2019-02-11,Cabai Merah Besar,7,3,-1.28,0.0,1.28
2019-02-11,Cabai Merah Besar,14,1,-1.28,0.0,1.28
2019-02-11,Cabai Merah Besar,14,2,-1.28,0.0,1.28
2019-02-11,Cabai Merah Besar,14,3,-1.28,0.0,1.28
2019-02-18,Cabai Merah Besar,7,1,-1.28,0.0,1.28
2019-02-18,Cabai Merah Besar,7,2,-1.28,0.0,1.28
2019-02-18,Cabai Merah Besar,7,3,-1.28,0.0,1.28
2019-02-18,Cabai Merah Besar,14,1,-1.28,0.0,1.28
2019-02-18,Cabai Merah Besar,14,2,-1.28,0.0,1.28
2019-02-18,Cabai Merah Besar,14,3,-1.28,0.0,1.28
2019-02-25,Cabai Merah Besar,7,1,-1.28,0.0,1.28
2019-02-25,Cabai Merah Besar,7,2,-1.28,0.0,1.28
2019-02-25,Cabai Merah Besar,7,3,-1.28,0.0,1.28
2019-02-25,Cabai Merah Besar,14,1,-1.28,0.0,1.28
2019-02-25,Cabai Merah Besar,14,2,-1.28,0.0,1.28
2019-02-25,Cabai Merah Besar,14,3,-1.28,0.0,1.28
2019-03-04,Cabai Merah Besar,7,1,-1.28,0.0,1.28
2019-03-04,Cabai Merah Besar,7,2,-1.28,0.0,1.28
2019-03-04,Cabai Merah Besar,7,3,-1.28,0.0,1.28
2019-03-04,Cabai Merah Besar,14,1,-1.28,0.0,1.28
2019-03-04,Cabai Merah Besar,14,2,-1.28,0.0,1.28
2019-03-04,Cabai Merah Besar,14,3,-1.28,0.0,1.28
2019-03-11,Cabai Merah Besar,7,1,-1.28,0.0,1.28
2019-03-11,Cabai Merah Besar,7,2,-1.28,0.0,1.28
2019-03-11,Cabai Merah Besar,7,3,-1.28,0.0,1.28
2019-03-11,Cabai Merah Besar,14,1,-1.28,0.0,1.28
2019-03-11,Cabai Merah Besar,14,2,-1.28,0.0,1.28
2019-03-11,Cabai Merah Besar,14,3,-1.28,0.0,1.28
2019-03-18,Cabai Merah Besar,7,1,-1.28,0.0,1.28
2019-03-18,Cabai Merah Besar,7,2,-1.28,0.0,1.28
2019-03-18,Cabai Merah Besar,7,3,-1.28,0.0,1.28
2019-03-18,Cabai Merah Besar,14,1,-1.28,0.0,1.28
2019-03-18,Cabai Merah Besar,14,2,-1.28,0.0,1.28
2019-03-18,Cabai Merah Besar,14,3,-1.28,0.0,1.28
2019-03-25,Cabai Merah Besar,7,1,-1.28,0.0,1.28
2019-03-25,Cabai Merah Besar,7,2,-1.28,0.0,1.28
2019-03-25,Cabai Merah Besar,7,3,-1.28,0.0,1.28
2019-03-25,Cabai Merah Besar,14,1,-1.28,0.0,1.28
2019-03-25,Cabai Merah Besar,14,2,-1.28,0.0,1.28
2019-03-25,Cabai Merah Besar,14,3,-1.28,0.0,1.28
2019-04-01,Cabai Merah Besar,7,1,-1.28,0.0,1.28
2019-04-01,Cabai Merah Besar,7,2,-1.28,0.0,1.28
2019-04-01,Cabai Merah Besar,7,3,-1.28,0.0,1.28
2019-04-01,Cabai Merah Besar,14,1,-1.28,0.0,1.28
2019-04-01,Cabai Merah Besar,14,2,-1.28,0.0,1.28
2019-04-01,Cabai Merah Besar,14,3,-1.28,0.0,1.28
2019-04-08,Cabai Merah Besar,7,1,-1.28,0.0,1.28
2019-04-08,Cabai Merah Besar,7,2,-1.28,0.0,1.28
2019-04-08,Cabai Merah Besar,7,3,-1.28,0.0,1.28
2019-04-08,Cabai Merah Besar,14,1,-1.28,0.0,1.28
2019-04-08,Cabai Merah Besar,14,2,-1.28,0.0,1.28
2019-04-08,Cabai Merah Besar,14,3,-1.28,0.0,1.28
2019-04-15,Cabai Merah Besar,7,1,-1.28,0.0,1.28
2019-04-15,Cabai Merah Besar,7,2,-1.28,0.0,1.28
2019-04-15,Cabai Merah Besar,7,3,-1.28,0.0,1.28
2019-04-15,Cabai Merah Besar,14,1,-1.28,0.0,1.28
2019-04-15,Cabai Merah Besar,14,2,-1.28,0.0,1.28
2019-04-15,Cabai Merah Besar,14,3,-1.28,0.0,1.28
2019-04-22,Cabai Merah Besar,7,1,-1.28,0.0,1.28
2019-04-22,Cabai Merah Besar,7,2,-1.28,0.0,1.28
2019-04-22,Cabai Merah Besar,7,3,-1.28,0.0,1.28
2019-04-22,Cabai Merah Besar,14,1,-1.28,0.0,1.28
2019-04-22,Cabai Merah Besar,14,2,-1.28,0.0,1.28
2019-04-22,Cabai Merah Besar,14,3,-1.28,0.0,1.28
2019-04-29,Cabai Merah Besar,7,1,-1.28,0.0,1.28
2019-04-29,Cabai Merah Besar,7,2,-1.28,0.0,1.28
2019-04-29,Cabai Merah Besar,7,3,-1.28,0.0,1.28
2019-04-29,Cabai Merah Besar,14,1,-1.28,0.0,1.28
2019-04-29,Cabai Merah Besar,14,2,-1.28,0.0,1.28
2019-04-29,Cabai Merah Besar,14,3,-1.28,0.0,1.28
2019-05-06,Cabai Merah Besar,7,1,-1.28,0.0,1.28
2019-05-06,Cabai Merah Besar,7,2,-1.28,0.0,1.28
2019-05-06,Cabai Merah Besar,7,3,-1.28,0.0,1.28
2019-05-06,Cabai Merah Besar,14,1,-1.28,0.0,1.28
2019-05-06,Cabai Merah Besar,14,2,-1.28,0.0,1.28
2019-05-06,Cabai Merah Besar,14,3,-1.28,0.0,1.28
2019-05-13,Cabai Merah Besar,7,1,-1.28,0.0,1.28
2019-05-13,Cabai Merah Besar,7,2,-1.28,0.0,1.28
2019-05-13,Cabai Merah Besar,7,3,-1.28,0.0,1.28
2019-05-13,Cabai Merah Besar,14,1,-1.28,0.0,1.28
2019-05-13,Cabai Merah Besar,14,2,-1.28,0.0,1.28
2019-05-13,Cabai Merah Besar,14,3,-1.28,0.0,1.28
2019-05-20,Cabai Merah Besar,7,1,-1.28,0.0,1.28
2019-05-20,Cabai Merah Besar,7,2,-1.28,0.0,1.28
2019-05-20,Cabai Merah Besar,7,3,-1.28,0.0,1.28
2019-05-20,Cabai Merah Besar,14,1,-1.28,0.0,1.28
2019-05-20,Cabai Merah Besar,14,2,-1.28,0.0,1.28
2019-05-20,Cabai Merah Besar,14,3,-1.28,0.0,1.28
2019-05-27,Cabai Merah Besar,7,1,-1.28,0.0,1.28
2019-05-27,Cabai Merah Besar,7,2,-1.28,0.0,1.28
2019-05-27,Cabai Merah Besar,7,3,-1.28,0.0,1.28
2019-05-27,Cabai Merah Besar,14,1,-1.28,0.0,1.28
2019-05-27,Cabai Merah Besar,14,2,-1.28,0.0,1.28
2019-05-27,Cabai Merah Besar,14,3,-1.28,0.0,1.28
2019-06-03,Cabai Merah Besar,7,1,-1.28,0.0,1.28
2019-06-03,Cabai Merah Besar,7,2,-1.28,0.0,1.28
2019-06-03,Cabai Merah Besar,7,3,-1.28,0.0,1.28
2019-06-03,Cabai Merah Besar,14,1,-1.28,0.0,1.28
2019-06-03,Cabai Merah Besar,14,2,-1.28,0.0,1.28
2019-06-03,Cabai Merah Besar,14,3,-1.28,0.0,1.28
2019-06-10,Cabai Merah Besar,7,1,-1.28,0.0,1.28
2019-06-10,Cabai Merah Besar,7,2,-1.28,0.0,1.28
2019-06-10,Cabai Merah Besar,7,3,-1.28,0.0,1.28
2019-06-10,Cabai Merah Besar,14,1,-1.28,0.0,1.28
2019-06-10,Cabai Merah Besar,14,2,-1.28,0.0,1.28
2019-06-10,Cabai Merah Besar,14,3,-1.28,0.0,1.28
2019-06-17,Cabai Merah Besar,7,1,-1.28,0.0,1.28
2019-06-17,Cabai Merah Besar,7,2,-1.28,0.0,1.28
2019-06-17,Cabai Merah Besar,7,3,-1.28,0.0,1.28
2019-06-17,Cabai Merah Besar,14,1,-1.28,0.0,1.28
2019-06-17,Cabai Merah Besar,14,2,-1.28,0.0,1.28
2019-06-17,Cabai Merah Besar,14,3,-1.28,0.0,1.28
2019-06-24,Cabai Merah Besar,7,1,-1.28,0.0,1.28
2019-06-24,Cabai Merah Besar,7,2,-1.28,0.0,1.28
2019-06-24,Cabai Merah Besar,7,3,-1.28,0.0,1.28
2019-06-24,Cabai Merah Besar,14,1,-1.28,0.0,1.28
2019-06-24,Cabai Merah Besar,14,2,-1.28,0.0,1.28
2019-06-24,Cabai Merah Besar,14,3,-1.28,0.0,1.28
2019-07-01,Cabai Merah Besar,7,1,-1.28,0.0,1.28
2019-07-01,Cabai Merah Besar,7,2,-1.28,0.0,1.28
2019-07-01,Cabai Merah Besar,7,3,-1.28,0.0,1.28
2019-07-01,Cabai Merah Besar,14,1,-1.28,0.0,1.28
2019-07-01,Cabai Merah Besar,14,2,-1.28,0.0,1.28
2019-07-01,Cabai Merah Besar,14,3,-1.28,0.0,1.28
2019-07-08,Cabai Merah Besar,7,1,-1.28,0.0,1.28
2019-07-08,Cabai Merah Besar,7,2,-1.28,0.0,1.28
2019-07-08,Cabai Merah Besar,7,3,-1.28,0.0,1.28
2019-07-08,Cabai Merah Besar,14,1,-1.28,0.0,1.28
2019-07-08,Cabai Merah Besar,14,2,-1.28,0.0,1.28
2019-07-08,Cabai Merah Besar,14,3,-1.28,0.0,1.28
2019-07-15,Cabai Merah Besar,7,1,-1.28,0.0,1.28
2019-07-15,Cabai Merah Besar,7,2,-1.28,0.0,1.28
2019-07-15,Cabai Merah Besar,7,3,-1.28,0.0,1.28
2019-07-15,Cabai Merah Besar,14,1,-1.28,0.0,1.28
2019-07-15,Cabai Merah Besar,14,2,-1.28,0.0,1.28
2019-07-15,Cabai Merah Besar,14,3,-1.28,0.0,1.28
2019-07-22,Cabai Merah Besar,7,1,-1.28,0.0,1.28
2019-07-22,Cabai Merah Besar,7,2,-1.28,0.0,1.28
2019-07-22,Cabai Merah Besar,7,3,-1.28,0.0,1.28
2019-07-22,Cabai Merah Besar,14,1,-1.28,0.0,1.28
2019-07-22,Cabai Merah Besar,14,2,-1.28,0.0,1.28
2019-07-22,Cabai Merah Besar,14,3,-1.28,0.0,1.28
2019-07-29,Cabai Merah Besar,7,1,-1.28,0.0,1.28
2019-07-29,Cabai Merah Besar,7,2,-1.28,0.0,1.28
2019-07-29,Cabai Merah Besar,7,3,-1.28,0.0,1.28
2019-07-29,Cabai Merah Besar,14,1,-1.28,0.0,1.28
2019-07-29,Cabai Merah Besar,14,2,-1.28,0.0,1.28
2019-07-29,Cabai Merah Besar,14,3,-1.28,0.0,1.28
2019-08-26,Cabai Merah Besar,7,1,-1.28,0.0,1.28
2019-08-26,Cabai Merah Besar,7,2,-1.28,0.0,1.28
2019-08-26,Cabai Merah Besar,7,3,-1.28,0.0,1.28
2019-08-26,Cabai Merah Besar,14,1,-1.28,0.0,1.28
2019-08-26,Cabai Merah Besar,14,2,-1.28,0.0,1.28
2019-08-26,Cabai Merah Besar,14,3,-1.28,0.0,1.28
2019-09-02,Cabai Merah Besar,7,1,-1.28,0.0,1.28
2019-09-02,Cabai Merah Besar,7,2,-1.28,0.0,1.28
2019-09-02,Cabai Merah Besar,7,3,-1.28,0.0,1.28
2019-09-02,Cabai Merah Besar,14,1,-1.28,0.0,1.28
2019-09-02,Cabai Merah Besar,14,2,-1.28,0.0,1.28
2019-09-02,Cabai Merah Besar,14,3,-1.28,0.0,1.28
2019-09-09,Cabai Merah Besar,7,1,-1.28,0.0,1.28
2019-09-09,Cabai Merah Besar,7,2,-1.28,0.0,1.28
2019-09-09,Cabai Merah Besar,7,3,-1.28,0.0,1.28
2019-09-09,Cabai Merah Besar,14,1,-1.28,0.0,1.28
2019-09-09,Cabai Merah Besar,14,2,-1.28,0.0,1.28
2019-09-09,Cabai Merah Besar,14,3,-1.28,0.0,1.28
2019-09-16,Cabai Merah Besar,7,1,-1.28,0.0,1.28
2019-09-16,Cabai Merah Besar,7,2,-1.28,0.0,1.28
2019-09-16,Cabai Merah Besar,7,3,-1.28,0.0,1.28
2019-09-16,Cabai Merah Besar,14,1,-1.28,0.0,1.28
2019-09-16,Cabai Merah Besar,14,2,-1.28,0.0,1.28
2019-09-16,Cabai Merah Besar,14,3,-1.28,0.0,1.28
2019-09-23,Cabai Merah Besar,7,1,-1.28,0.0,1.28
2019-09-23,Cabai Merah Besar,7,2,-1.28,0.0,1.28
2019-09-23,Cabai Merah Besar,7,3,-1.28,0.0,1.28
2019-09-23,Cabai Merah Besar,14,1,-1.28,0.0,1.28
2019-09-23,Cabai Merah Besar,14,2,-1.28,0.0,1.28
2019-09-23,Cabai Merah Besar,14,3,-1.28,0.0,1.28
2019-09-30,Cabai Merah Besar,7,1,-1.28,0.0,1.28
2019-09-30,Cabai Merah Besar,7,2,-1.28,0.0,1.28
2019-09-30,Cabai Merah Besar,7,3,-1.28,0.0,1.28
2019-09-30,Cabai Merah Besar,14,1,-1.28,0.0,1.28
2019-09-30,Cabai Merah Besar,14,2,-1.28,0.0,1.28
2019-09-30,Cabai Merah Besar,14,3,-1.28,0.0,1.28
2019-10-07,Cabai Merah Besar,7,1,-1.28,0.0,1.28
2019-10-07,Cabai Merah Besar,7,2,-1.28,0.0,1.28
2019-10-07,Cabai Merah Besar,7,3,-1.28,0.0,1.28
2019-10-07,Cabai Merah Besar,14,1,-1.28,0.0,1.28
2019-10-07,Cabai Merah Besar,14,2,-1.28,0.0,1.28
2019-10-07,Cabai Merah Besar,14,3,-1.28,0.0,1.28
2019-10-14,Cabai Merah Besar,7,1,-1.28,0.0,1.28
2019-10-14,Cabai Merah Besar,7,2,-1.28,0.0,1.28
2019-10-14,Cabai Merah Besar,7,3,-1.28,0.0,1.28
2019-10-14,Cabai Merah Besar,14,1,-1.28,0.0,1.28
2019-10-14,Cabai Merah Besar,14,2,-1.28,0.0,1.28
2019-10-14,Cabai Merah Besar,14,3,-1.28,0.0,1.28
2019-10-21,Cabai Merah Besar,7,1,-1.28,0.0,1.28
2019-10-21,Cabai Merah Besar,7,2,-1.28,0.0,1.28
2019-10-21,Cabai Merah Besar,7,3,-1.28,0.0,1.28
2019-10-21,Cabai Merah Besar,14,1,-1.28,0.0,1.28
2019-10-21,Cabai Merah Besar,14,2,-1.28,0.0,1.28
2019-10-21,Cabai Merah Besar,14,3,-1.28,0.0,1.28
2019-10-28,Cabai Merah Besar,7,1,-1.28,0.0,1.28
2019-10-28,Cabai Merah Besar,7,2,-1.28,0.0,1.28
2019-10-28,Cabai Merah Besar,7,3,-1.28,0.0,1.28
2019-10-28,Cabai Merah Besar,14,1,-1.28,0.0,1.28
2019-10-28,Cabai Merah Besar,14,2,-1.28,0.0,1.28
2019-10-28,Cabai Merah Besar,14,3,-1.28,0.0,1.28
2019-11-04,Cabai Merah Besar,7,1,-1.28,0.0,1.28
2019-11-04,Cabai Merah Besar,7,2,-1.28,0.0,1.28
2019-11-04,Cabai Merah Besar,7,3,-1.28,0.0,1.28
2019-11-04,Cabai Merah Besar,14,1,-1.28,0.0,1.28
2019-11-04,Cabai Merah Besar,14,2,-1.28,0.0,1.28
2019-11-04,Cabai Merah Besar,14,3,-1.28,0.0,1.28
2019-11-11,Cabai Merah Besar,7,1,-1.28,0.0,1.28
2019-11-11,Cabai Merah Besar,7,2,-1.28,0.0,1.28
2019-11-11,Cabai Merah Besar,7,3,-1.28,0.0,1.28
2019-11-11,Cabai Merah Besar,14,1,-1.28,0.0,1.28
2019-11-11,Cabai Merah Besar,14,2,-1.28,0.0,1.28
2019-11-11,Cabai Merah Besar,14,3,-1.28,0.0,1.28
2019-11-18,Cabai Merah Besar,7,1,-1.28,0.0,1.28
2019-11-18,Cabai Merah Besar,7,2,-1.28,0.0,1.28
2019-11-18,Cabai Merah Besar,7,3,-1.28,0.0,1.28
2019-11-18,Cabai Merah Besar,14,1,-1.28,0.0,1.28
2019-11-18,Cabai Merah Besar,14,2,-1.28,0.0,1.28
2019-11-18,Cabai Merah Besar,14,3,-1.28,0.0,1.28
2019-11-25,Cabai Merah Besar,7,1,-1.28,0.0,1.28
2019-11-25,Cabai Merah Besar,7,2,-1.28,0.0,1.28
2019-11-25,Cabai Merah Besar,7,3,-1.28,0.0,1.28
2019-11-25,Cabai Merah Besar,14,1,-1.28,0.0,1.28
2019-11-25,Cabai Merah Besar,14,2,-1.28,0.0,1.28
2019-11-25,Cabai Merah Besar,14,3,-1.28,0.0,1.28
2019-12-02,Cabai Merah Besar,7,1,-1.28,0.0,1.28
2019-12-02,Cabai Merah Besar,7,2,-1.28,0.0,1.28
2019-12-02,Cabai Merah Besar,7,3,-1.28,0.0,1.28
2019-12-02,Cabai Merah Besar,14,1,-1.28,0.0,1.28
2019-12-02,Cabai Merah Besar,14,2,-1.28,0.0,1.28
2019-12-02,Cabai Merah Besar,14,3,-1.28,0.0,1.28
2019-12-09,Cabai Merah Besar,7,1,-1.28,0.0,1.28
2019-12-09,Cabai Merah Besar,7,2,-1.28,0.0,1.28
2019-12-09,Cabai Merah Besar,7,3,-1.28,0.0,1.28
2019-12-09,Cabai Merah Besar,14,1,-1.28,0.0,1.28
2019-12-09,Cabai Merah Besar,14,2,-1.28,0.0,1.28
2019-12-09,Cabai Merah Besar,14,3,-1.28,0.0,1.28
2019-12-16,Cabai Merah Besar,7,1,-1.28,0.0,1.28
2019-12-16,Cabai Merah Besar,7,2,-1.28,0.0,1.28
2019-12-16,Cabai Merah Besar,7,3,-1.28,0.0,1.28
2019-12-16,Cabai Merah Besar,14,1,-1.28,0.0,1.28
2019-12-16,Cabai Merah Besar,14,2,-1.28,0.0,1.28
2019-12-16,Cabai Merah Besar,14,3,-1.28,0.0,1.28
2019-12-23,Cabai Merah Besar,7,1,-1.28,0.0,1.28
2019-12-23,Cabai Merah Besar,7,2,-1.28,0.0,1.28
2019-12-23,Cabai Merah Besar,7,3,-1.28,0.0,1.28
2019-12-23,Cabai Merah Besar,14,1,-1.28,0.0,1.28
2019-12-23,Cabai Merah Besar,14,2,-1.28,0.0,1.28
2019-12-23,Cabai Merah Besar,14,3,-1.28,0.0,1.28
2019-12-30,Cabai Merah Besar,7,1,-1.28,0.0,1.28
2019-12-30,Cabai Merah Besar,7,2,-1.28,0.0,1.28
2019-12-30,Cabai Merah Besar,7,3,-1.28,0.0,1.28
2019-12-30,Cabai Merah Besar,14,1,-1.28,0.0,1.28
2019-12-30,Cabai Merah Besar,14,2,-1.28,0.0,1.28
2019-12-30,Cabai Merah Besar,14,3,-1.28,0.0,1.28
2020-01-06,Cabai Merah Besar,7,1,-1.28,0.0,1.28
2020-01-06,Cabai Merah Besar,7,2,-1.28,0.0,1.28
2020-01-06,Cabai Merah Besar,7,3,-1.28,0.0,1.28
2020-01-06,Cabai Merah Besar,14,1,-1.28,0.0,1.28
2020-01-06,Cabai Merah Besar,14,2,-1.28,0.0,1.28
2020-01-06,Cabai Merah Besar,14,3,-1.28,0.0,1.28
2020-01-13,Cabai Merah Besar,7,1,-1.28,0.0,1.28
2020-01-13,Cabai Merah Besar,7,2,-1.28,0.0,1.28
2020-01-13,Cabai Merah Besar,7,3,-1.28,0.0,1.28
2020-01-13,Cabai Merah Besar,14,1,-1.28,0.0,1.28
2020-01-13,Cabai Merah Besar,14,2,-1.28,0.0,1.28
2020-01-13,Cabai Merah Besar,14,3,-1.28,0.0,1.28
2020-01-27,Cabai Merah Besar,7,1,-1.28,0.0,1.28
2020-01-27,Cabai Merah Besar,7,2,-1.28,0.0,1.28
2020-01-27,Cabai Merah Besar,7,3,-1.28,0.0,1.28
2020-01-27,Cabai Merah Besar,14,1,-1.28,0.0,1.28
2020-01-27,Cabai Merah Besar,14,2,-1.28,0.0,1.28
2020-01-27,Cabai Merah Besar,14,3,-1.28,0.0,1.28
2020-02-03,Cabai Merah Besar,7,1,-1.28,0.0,1.28
2020-02-03,Cabai Merah Besar,7,2,-1.28,0.0,1.28
2020-02-03,Cabai Merah Besar,7,3,-1.28,0.0,1.28
2020-02-03,Cabai Merah Besar,14,1,-1.28,0.0,1.28
2020-02-03,Cabai Merah Besar,14,2,-1.28,0.0,1.28
2020-02-03,Cabai Merah Besar,14,3,-1.28,0.0,1.28
2020-02-10,Cabai Merah Besar,7,1,-1.28,0.0,1.28
2020-02-10,Cabai Merah Besar,7,2,-1.28,0.0,1.28
2020-02-10,Cabai Merah Besar,7,3,-1.28,0.0,1.28
2020-02-10,Cabai Merah Besar,14,1,-1.28,0.0,1.28
2020-02-10,Cabai Merah Besar,14,2,-1.28,0.0,1.28
2020-02-10,Cabai Merah Besar,14,3,-1.28,0.0,1.28
2020-02-24,Cabai Merah Besar,7,1,-1.28,0.0,1.28
2020-02-24,Cabai Merah Besar,7,2,-1.28,0.0,1.28
2020-02-24,Cabai Merah Besar,7,3,-1.28,0.0,1.28
2020-02-24,Cabai Merah Besar,14,1,-1.28,0.0,1.28
2020-02-24,Cabai Merah Besar,14,2,-1.28,0.0,1.28
2020-02-24,Cabai Merah Besar,14,3,-1.28,0.0,1.28
2020-03-02,Cabai Merah Besar,7,1,-1.28,0.0,1.28
2020-03-02,Cabai Merah Besar,7,2,-1.28,0.0,1.28
2020-03-02,Cabai Merah Besar,7,3,-1.28,0.0,1.28
2020-03-02,Cabai Merah Besar,14,1,-1.28,0.0,1.28
2020-03-02,Cabai Merah Besar,14,2,-1.28,0.0,1.28
2020-03-02,Cabai Merah Besar,14,3,-1.28,0.0,1.28
2020-03-09,Cabai Merah Besar,7,1,-1.28,0.0,1.28
2020-03-09,Cabai Merah Besar,7,2,-1.28,0.0,1.28
2020-03-09,Cabai Merah Besar,7,3,-1.28,0.0,1.28
2020-03-09,Cabai Merah Besar,14,1,-1.28,0.0,1.28
2020-03-09,Cabai Merah Besar,14,2,-1.28,0.0,1.28
2020-03-09,Cabai Merah Besar,14,3,-1.28,0.0,1.28
2020-03-16,Cabai Merah Besar,7,1,-1.28,0.0,1.28
2020-03-16,Cabai Merah Besar,7,2,-1.28,0.0,1.28
2020-03-16,Cabai Merah Besar,7,3,-1.28,0.0,1.28
2020-03-16,Cabai Merah Besar,14,1,-1.28,0.0,1.28
2020-03-16,Cabai Merah Besar,14,2,-1.28,0.0,1.28
2020-03-16,Cabai Merah Besar,14,3,-1.28,0.0,1.28
2020-03-30,Cabai Merah Besar,7,1,-1.28,0.0,1.28
2020-03-30,Cabai Merah Besar,7,2,-1.28,0.0,1.28
2020-03-30,Cabai Merah Besar,7,3,-1.28,0.0,1.28
2020-03-30,Cabai Merah Besar,14,1,-1.28,0.0,1.28
2020-03-30,Cabai Merah Besar,14,2,-1.28,0.0,1.28
2020-03-30,Cabai Merah Besar,14,3,-1.28,0.0,1.28
2020-04-06,Cabai Merah Besar,7,1,-1.28,0.0,1.28
2020-04-06,Cabai Merah Besar,7,2,-1.28,0.0,1.28
2020-04-06,Cabai Merah Besar,7,3,-1.28,0.0,1.28
2020-04-06,Cabai Merah Besar,14,1,-1.28,0.0,1.28
2020-04-06,Cabai Merah Besar,14,2,-1.28,0.0,1.28
2020-04-06,Cabai Merah Besar,14,3,-1.28,0.0,1.28
2020-04-13,Cabai Merah Besar,7,1,-1.28,0.0,1.28
2020-04-13,Cabai Merah Besar,7,2,-1.28,0.0,1.28
2020-04-13,Cabai Merah Besar,7,3,-1.28,0.0,1.28
2020-04-13,Cabai Merah Besar,14,1,-1.28,0.0,1.28
2020-04-13,Cabai Merah Besar,14,2,-1.28,0.0,1.28
2020-04-13,Cabai Merah Besar,14,3,-1.28,0.0,1.28
2020-04-20,Cabai Merah Besar,7,1,-1.28,0.0,1.28
2020-04-20,Cabai Merah Besar,7,2,-1.28,0.0,1.28
2020-04-20,Cabai Merah Besar,7,3,-1.28,0.0,1.28
2020-04-20,Cabai Merah Besar,14,1,-1.28,0.0,1.28
2020-04-20,Cabai Merah Besar,14,2,-1.28,0.0,1.28
2020-04-20,Cabai Merah Besar,14,3,-1.28,0.0,1.28
2020-04-27,Cabai Merah Besar,7,1,-1.28,0.0,1.28
2020-04-27,Cabai Merah Besar,7,2,-1.28,0.0,1.28
2020-04-27,Cabai Merah Besar,7,3,-1.28,0.0,1.28
2020-04-27,Cabai Merah Besar,14,1,-1.28,0.0,1.28
2020-04-27,Cabai Merah Besar,14,2,-1.28,0.0,1.28
2020-04-27,Cabai Merah Besar,14,3,-1.28,0.0,1.28
2020-05-04,Cabai Merah Besar,7,1,-1.28,0.0,1.28
2020-05-04,Cabai Merah Besar,7,2,-1.28,0.0,1.28
2020-05-04,Cabai Merah Besar,7,3,-1.28,0.0,1.28
2020-05-04,Cabai Merah Besar,14,1,-1.28,0.0,1.28
2020-05-04,Cabai Merah Besar,14,2,-1.28,0.0,1.28
2020-05-04,Cabai Merah Besar,14,3,-1.28,0.0,1.28
2020-05-11,Cabai Merah Besar,7,1,-1.28,0.0,1.28
2020-05-11,Cabai Merah Besar,7,2,-1.28,0.0,1.28
2020-05-11,Cabai Merah Besar,7,3,-1.28,0.0,1.28
2020-05-11,Cabai Merah Besar,14,1,-1.28,0.0,1.28
2020-05-11,Cabai Merah Besar,14,2,-1.28,0.0,1.28
2020-05-11,Cabai Merah Besar,14,3,-1.28,0.0,1.28
2020-05-18,Cabai Merah Besar,7,1,-1.28,0.0,1.28
2020-05-18,Cabai Merah Besar,7,2,-1.28,0.0,1.28
2020-05-18,Cabai Merah Besar,7,3,-1.28,0.0,1.28
2020-05-18,Cabai Merah Besar,14,1,-1.28,0.0,1.28
2020-05-18,Cabai Merah Besar,14,2,-1.28,0.0,1.28
2020-05-18,Cabai Merah Besar,14,3,-1.28,0.0,1.28
2020-05-25,Cabai Merah Besar,7,1,-1.28,0.0,1.28
2020-05-25,Cabai Merah Besar,7,2,-1.28,0.0,1.28
2020-05-25,Cabai Merah Besar,7,3,-1.28,0.0,1.28
2020-05-25,Cabai Merah Besar,14,1,-1.28,0.0,1.28
2020-05-25,Cabai Merah Besar,14,2,-1.28,0.0,1.28
2020-05-25,Cabai Merah Besar,14,3,-1.28,0.0,1.28
2020-06-01,Cabai Merah Besar,7,1,-1.28,0.0,1.28
2020-06-01,Cabai Merah Besar,7,2,-1.28,0.0,1.28
2020-06-01,Cabai Merah Besar,7,3,-1.28,0.0,1.28
2020-06-01,Cabai Merah Besar,14,1,-1.28,0.0,1.28
2020-06-01,Cabai Merah Besar,14,2,-1.28,0.0,1.28
2020-06-01,Cabai Merah Besar,14,3,-1.28,0.0,1.28
2020-06-08,Cabai Merah Besar,7,1,-1.28,0.0,1.28
2020-06-08,Cabai Merah Besar,7,2,-1.28,0.0,1.28
2020-06-08,Cabai Merah Besar,7,3,-1.28,0.0,1.28
2020-06-08,Cabai Merah Besar,14,1,-1.28,0.0,1.28
2020-06-08,Cabai Merah Besar,14,2,-1.28,0.0,1.28
2020-06-08,Cabai Merah Besar,14,3,-1.28,0.0,1.28
2020-06-15,Cabai Merah Besar,7,1,-1.28,0.0,1.28
2020-06-15,Cabai Merah Besar,7,2,-1.28,0.0,1.28
2020-06-15,Cabai Merah Besar,7,3,-1.28,0.0,1.28
2020-06-15,Cabai Merah Besar,14,1,-1.28,0.0,1.28
2020-06-15,Cabai Merah Besar,14,2,-1.28,0.0,1.28
2020-06-15,Cabai Merah Besar,14,3,-1.28,0.0,1.28
2020-06-22,Cabai Merah Besar,7,1,-1.28,0.0,1.28
2020-06-22,Cabai Merah Besar,7,2,-1.28,0.0,1.28
2020-06-22,Cabai Merah Besar,7,3,-1.28,0.0,1.28
2020-06-22,Cabai Merah Besar,14,1,-1.28,0.0,1.28
2020-06-22,Cabai Merah Besar,14,2,-1.28,0.0,1.28
2020-06-22,Cabai Merah Besar,14,3,-1.28,0.0,1.28
2020-06-29,Cabai Merah Besar,7,1,-1.28,0.0,1.28
2020-06-29,Cabai Merah Besar,7,2,-1.28,0.0,1.28
2020-06-29,Cabai Merah Besar,7,3,-1.28,0.0,1.28
2020-06-29,Cabai Merah Besar,14,1,-1.28,0.0,1.28
2020-06-29,Cabai Merah Besar,14,2,-1.28,0.0,1.28
2020-06-29,Cabai Merah Besar,14,3,-1.28,0.0,1.28
2020-07-06,Cabai Merah Besar,7,1,-1.28,0.0,1.28
2020-07-06,Cabai Merah Besar,7,2,-1.28,0.0,1.28
2020-07-06,Cabai Merah Besar,7,3,-1.28,0.0,1.28
2020-07-06,Cabai Merah Besar,14,1,-1.28,0.0,1.28
2020-07-06,Cabai Merah Besar,14,2,-1.28,0.0,1.28
2020-07-06,Cabai Merah Besar,14,3,-1.28,0.0,1.28
2020-07-13,Cabai Merah Besar,7,1,-1.28,0.0,1.28
2020-07-13,Cabai Merah Besar,7,2,-1.28,0.0,1.28
2020-07-13,Cabai Merah Besar,7,3,-1.28,0.0,1.28
2020-07-13,Cabai Merah Besar,14,1,-1.28,0.0,1.28
2020-07-13,Cabai Merah Besar,14,2,-1.28,0.0,1.28
2020-07-13,Cabai Merah Besar,14,3,-1.28,0.0,1.28
2020-07-20,Cabai Merah Besar,7,1,-1.28,0.0,1.28
2020-07-20,Cabai Merah Besar,7,2,-1.28,0.0,1.28
2020-07-20,Cabai Merah Besar,7,3,-1.28,0.0,1.28
2020-07-20,Cabai Merah Besar,14,1,-1.28,0.0,1.28
2020-07-20,Cabai Merah Besar,14,2,-1.28,0.0,1.28
2020-07-20,Cabai Merah Besar,14,3,-1.28,0.0,1.28
2020-07-27,Cabai Merah Besar,7,1,-1.28,0.0,1.28
2020-07-27,Cabai Merah Besar,7,2,-1.28,0.0,1.28
2020-07-27,Cabai Merah Besar,7,3,-1.28,0.0,1.28
2020-07-27,Cabai Merah Besar,14,1,-1.28,0.0,1.28
2020-07-27,Cabai Merah Besar,14,2,-1.28,0.0,1.28
2020-07-27,Cabai Merah Besar,14,3,-1.28,0.0,1.28
2020-08-03,Cabai Merah Besar,7,1,-1.28,0.0,1.28
2020-08-03,Cabai Merah Besar,7,2,-1.28,0.0,1.28
2020-08-03,Cabai Merah Besar,7,3,-1.28,0.0,1.28
2020-08-03,Cabai Merah Besar,14,1,-1.28,0.0,1.28
2020-08-03,Cabai Merah Besar,14,2,-1.28,0.0,1.28
2020-08-03,Cabai Merah Besar,14,3,-1.28,0.0,1.28
2020-08-10,Cabai Merah Besar,7,1,-1.28,0.0,1.28
2020-08-10,Cabai Merah Besar,7,2,-1.28,0.0,1.28
2020-08-10,Cabai Merah Besar,7,3,-1.28,0.0,1.28
2020-08-10,Cabai Merah Besar,14,1,-1.28,0.0,1.28
2020-08-10,Cabai Merah Besar,14,2,-1.28,0.0,1.28
2020-08-10,Cabai Merah Besar,14,3,-1.28,0.0,1.28
2020-08-17,Cabai Merah Besar,7,1,-1.28,0.0,1.28
2020-08-17,Cabai Merah Besar,7,2,-1.28,0.0,1.28
2020-08-17,Cabai Merah Besar,7,3,-1.28,0.0,1.28
2020-08-17,Cabai Merah Besar,14,1,-1.28,0.0,1.28
2020-08-17,Cabai Merah Besar,14,2,-1.28,0.0,1.28
2020-08-17,Cabai Merah Besar,14,3,-1.28,0.0,1.28
2020-08-24,Cabai Merah Besar,7,1,-1.28,0.0,1.28
2020-08-24,Cabai Merah Besar,7,2,-1.28,0.0,1.28
2020-08-24,Cabai Merah Besar,7,3,-1.28,0.0,1.28
2020-08-24,Cabai Merah Besar,14,1,-1.28,0.0,1.28
2020-08-24,Cabai Merah Besar,14,2,-1.28,0.0,1.28
2020-08-24,Cabai Merah Besar,14,3,-1.28,0.0,1.28
2020-08-31,Cabai Merah Besar,7,1,-1.28,0.0,1.28
2020-08-31,Cabai Merah Besar,7,2,-1.28,0.0,1.28
2020-08-31,Cabai Merah Besar,7,3,-1.28,0.0,1.28
2020-08-31,Cabai Merah Besar,14,1,-1.28,0.0,1.28
2020-08-31,Cabai Merah Besar,14,2,-1.28,0.0,1.28
2020-08-31,Cabai Merah Besar,14,3,-1.28,0.0,1.28
2020-09-07,Cabai Merah Besar,7,1,-1.28,0.0,1.28
2020-09-07,Cabai Merah Besar,7,2,-1.28,0.0,1.28
2020-09-07,Cabai Merah Besar,7,3,-1.28,0.0,1.28
2020-09-07,Cabai Merah Besar,14,1,-1.28,0.0,1.28
2020-09-07,Cabai Merah Besar,14,2,-1.28,0.0,1.28
2020-09-07,Cabai Merah Besar,14,3,-1.28,0.0,1.28
2020-09-14,Cabai Merah Besar,7,1,-1.28,0.0,1.28
2020-09-14,Cabai Merah Besar,7,2,-1.28,0.0,1.28
2020-09-14,Cabai Merah Besar,7,3,-1.28,0.0,1.28
2020-09-14,Cabai Merah Besar,14,1,-1.28,0.0,1.28
2020-09-14,Cabai Merah Besar,14,2,-1.28,0.0,1.28
2020-09-14,Cabai Merah Besar,14,3,-1.28,0.0,1.28
2020-09-21,Cabai Merah Besar,7,1,-1.28,0.0,1.28
2020-09-21,Cabai Merah Besar,7,2,-1.28,0.0,1.28
2020-09-21,Cabai Merah Besar,7,3,-1.28,0.0,1.28
2020-09-21,Cabai Merah Besar,14,1,-1.28,0.0,1.28
2020-09-21,Cabai Merah Besar,14,2,-1.28,0.0,1.28
2020-09-21,Cabai Merah Besar,14,3,-1.28,0.0,1.28
2020-09-28,Cabai Merah Besar,7,1,-1.28,0.0,1.28
2020-09-28,Cabai Merah Besar,7,2,-1.28,0.0,1.28
2020-09-28,Cabai Merah Besar,7,3,-1.28,0.0,1.28
2020-09-28,Cabai Merah Besar,14,1,-1.28,0.0,1.28
2020-09-28,Cabai Merah Besar,14,2,-1.28,0.0,1.28
2020-09-28,Cabai Merah Besar,14,3,-1.28,0.0,1.28
2020-10-05,Cabai Merah Besar,7,1,-1.28,0.0,1.28
2020-10-05,Cabai Merah Besar,7,2,-1.28,0.0,1.28
2020-10-05,Cabai Merah Besar,7,3,-1.28,0.0,1.28
2020-10-05,Cabai Merah Besar,14,1,-1.28,0.0,1.28
2020-10-05,Cabai Merah Besar,14,2,-1.28,0.0,1.28
2020-10-05,Cabai Merah Besar,14,3,-1.28,0.0,1.28
2020-10-12,Cabai Merah Besar,7,1,-1.28,0.0,1.28
2020-10-12,Cabai Merah Besar,7,2,-1.28,0.0,1.28
2020-10-12,Cabai Merah Besar,7,3,-1.28,0.0,1.28
2020-10-12,Cabai Merah Besar,14,1,-1.28,0.0,1.28
2020-10-12,Cabai Merah Besar,14,2,-1.28,0.0,1.28
2020-10-12,Cabai Merah Besar,14,3,-1.28,0.0,1.28
2020-10-19,Cabai Merah Besar,7,1,-1.28,0.0,1.28
2020-10-19,Cabai Merah Besar,7,2,-1.28,0.0,1.28
2020-10-19,Cabai Merah Besar,7,3,-1.28,0.0,1.28
2020-10-19,Cabai Merah Besar,14,1,-1.28,0.0,1.28
2020-10-19,Cabai Merah Besar,14,2,-1.28,0.0,1.28
2020-10-19,Cabai Merah Besar,14,3,-1.28,0.0,1.28
2020-10-26,Cabai Merah Besar,7,1,-1.28,0.0,1.28
2020-10-26,Cabai Merah Besar,7,2,-1.28,0.0,1.28
2020-10-26,Cabai Merah Besar,7,3,-1.28,0.0,1.28
2020-10-26,Cabai Merah Besar,14,1,-1.28,0.0,1.28
2020-10-26,Cabai Merah Besar,14,2,-1.28,0.0,1.28
2020-10-26,Cabai Merah Besar,14,3,-1.28,0.0,1.28
2020-11-02,Cabai Merah Besar,7,1,-1.28,0.0,1.28
2020-11-02,Cabai Merah Besar,7,2,-1.28,0.0,1.28
2020-11-02,Cabai Merah Besar,7,3,-1.28,0.0,1.28
2020-11-02,Cabai Merah Besar,14,1,-1.28,0.0,1.28
2020-11-02,Cabai Merah Besar,14,2,-1.28,0.0,1.28
2020-11-02,Cabai Merah Besar,14,3,-1.28,0.0,1.28
2020-11-09,Cabai Merah Besar,7,1,-1.28,0.0,1.28
2020-11-09,Cabai Merah Besar,7,2,-1.28,0.0,1.28
2020-11-09,Cabai Merah Besar,7,3,-1.28,0.0,1.28
2020-11-09,Cabai Merah Besar,14,1,-1.28,0.0,1.28
2020-11-09,Cabai Merah Besar,14,2,-1.28,0.0,1.28
2020-11-09,Cabai Merah Besar,14,3,-1.28,0.0,1.28
2020-11-16,Cabai Merah Besar,7,1,-1.28,0.0,1.28
2020-11-16,Cabai Merah Besar,7,2,-1.28,0.0,1.28
2020-11-16,Cabai Merah Besar,7,3,-1.28,0.0,1.28
2020-11-16,Cabai Merah Besar,14,1,-1.28,0.0,1.28
2020-11-16,Cabai Merah Besar,14,2,-1.28,0.0,1.28
2020-11-16,Cabai Merah Besar,14,3,-1.28,0.0,1.28
2020-11-23,Cabai Merah Besar,7,1,-1.28,0.0,1.28
2020-11-23,Cabai Merah Besar,7,2,-1.28,0.0,1.28
2020-11-23,Cabai Merah Besar,7,3,-1.28,0.0,1.28
2020-11-23,Cabai Merah Besar,14,1,-1.28,0.0,1.28
2020-11-23,Cabai Merah Besar,14,2,-1.28,0.0,1.28
2020-11-23,Cabai Merah Besar,14,3,-1.28,0.0,1.28
2020-11-30,Cabai Merah Besar,7,1,-1.28,0.0,1.28
2020-11-30,Cabai Merah Besar,7,2,-1.28,0.0,1.28
2020-11-30,Cabai Merah Besar,7,3,-1.28,0.0,1.28
2020-11-30,Cabai Merah Besar,14,1,-1.28,0.0,1.28
2020-11-30,Cabai Merah Besar,14,2,-1.28,0.0,1.28
2020-11-30,Cabai Merah Besar,14,3,-1.28,0.0,1.28
2020-12-07,Cabai Merah Besar,7,1,-1.28,0.0,1.28
2020-12-07,Cabai Merah Besar,7,2,-1.28,0.0,1.28
2020-12-07,Cabai Merah Besar,7,3,-1.28,0.0,1.28
2020-12-07,Cabai Merah Besar,14,1,-1.28,0.0,1.28
2020-12-07,Cabai Merah Besar,14,2,-1.28,0.0,1.28
2020-12-07,Cabai Merah Besar,14,3,-1.28,0.0,1.28
2020-12-14,Cabai Merah Besar,7,1,-1.28,0.0,1.28
2020-12-14,Cabai Merah Besar,7,2,-1.28,0.0,1.28
2020-12-14,Cabai Merah Besar,7,3,-1.28,0.0,1.28
2020-12-14,Cabai Merah Besar,14,1,-1.28,0.0,1.28
2020-12-14,Cabai Merah Besar,14,2,-1.28,0.0,1.28
2020-12-14,Cabai Merah Besar,14,3,-1.28,0.0,1.28
2020-12-21,Cabai Merah Besar,7,1,-1.28,0.0,1.28
2020-12-21,Cabai Merah Besar,7,2,-1.28,0.0,1.28
2020-12-21,Cabai Merah Besar,7,3,-1.28,0.0,1.28
2020-12-21,Cabai Merah Besar,14,1,-1.28,0.0,1.28
2020-12-21,Cabai Merah Besar,14,2,-1.28,0.0,1.28
2020-12-21,Cabai Merah Besar,14,3,-1.28,0.0,1.28
2020-12-28,Cabai Merah Besar,7,1,-1.28,0.0,1.28
2020-12-28,Cabai Merah Besar,7,2,-1.28,0.0,1.28
2020-12-28,Cabai Merah Besar,7,3,-1.28,0.0,1.28
2020-12-28,Cabai Merah Besar,14,1,-1.28,0.0,1.28
2020-12-28,Cabai Merah Besar,14,2,-1.28,0.0,1.28
2020-12-28,Cabai Merah Besar,14,3,-1.28,0.0,1.28
2021-01-04,Cabai Merah Besar,7,1,-1.28,0.0,1.28
2021-01-04,Cabai Merah Besar,7,2,-1.28,0.0,1.28
2021-01-04,Cabai Merah Besar,7,3,-1.28,0.0,1.28
2021-01-04,Cabai Merah Besar,14,1,-1.28,0.0,1.28
2021-01-04,Cabai Merah Besar,14,2,-1.28,0.0,1.28
2021-01-04,Cabai Merah Besar,14,3,-1.28,0.0,1.28
2021-01-11,Cabai Merah Besar,7,1,-1.28,0.0,1.28
2021-01-11,Cabai Merah Besar,7,2,-1.28,0.0,1.28
2021-01-11,Cabai Merah Besar,7,3,-1.28,0.0,1.28
2021-01-11,Cabai Merah Besar,14,1,-1.28,0.0,1.28
2021-01-11,Cabai Merah Besar,14,2,-1.28,0.0,1.28
2021-01-11,Cabai Merah Besar,14,3,-1.28,0.0,1.28
2021-01-18,Cabai Merah Besar,7,1,-1.28,0.0,1.28
2021-01-18,Cabai Merah Besar,7,2,-1.28,0.0,1.28
2021-01-18,Cabai Merah Besar,7,3,-1.28,0.0,1.28
2021-01-18,Cabai Merah Besar,14,1,-1.28,0.0,1.28
2021-01-18,Cabai Merah Besar,14,2,-1.28,0.0,1.28
2021-01-18,Cabai Merah Besar,14,3,-1.28,0.0,1.28
2021-01-25,Cabai Merah Besar,7,1,-1.28,0.0,1.28
2021-01-25,Cabai Merah Besar,7,2,-1.28,0.0,1.28
2021-01-25,Cabai Merah Besar,7,3,-1.28,0.0,1.28
2021-01-25,Cabai Merah Besar,14,1,-1.28,0.0,1.28
2021-01-25,Cabai Merah Besar,14,2,-1.28,0.0,1.28
2021-01-25,Cabai Merah Besar,14,3,-1.28,0.0,1.28
2021-02-01,Cabai Merah Besar,7,1,-1.28,0.0,1.28
2021-02-01,Cabai Merah Besar,7,2,-1.28,0.0,1.28
2021-02-01,Cabai Merah Besar,7,3,-1.28,0.0,1.28
2021-02-01,Cabai Merah Besar,14,1,-1.28,0.0,1.28
2021-02-01,Cabai Merah Besar,14,2,-1.28,0.0,1.28
2021-02-01,Cabai Merah Besar,14,3,-1.28,0.0,1.28
2021-02-08,Cabai Merah Besar,7,1,-1.28,0.0,1.28
2021-02-08,Cabai Merah Besar,7,2,-1.28,0.0,1.28
2021-02-08,Cabai Merah Besar,7,3,-1.28,0.0,1.28
2021-02-08,Cabai Merah Besar,14,1,-1.28,0.0,1.28
2021-02-08,Cabai Merah Besar,14,2,-1.28,0.0,1.28
2021-02-08,Cabai Merah Besar,14,3,-1.28,0.0,1.28
2021-02-15,Cabai Merah Besar,7,1,-1.28,0.0,1.28
2021-02-15,Cabai Merah Besar,7,2,-1.28,0.0,1.28
2021-02-15,Cabai Merah Besar,7,3,-1.28,0.0,1.28
2021-02-15,Cabai Merah Besar,14,1,-1.28,0.0,1.28
2021-02-15,Cabai Merah Besar,14,2,-1.28,0.0,1.28
2021-02-15,Cabai Merah Besar,14,3,-1.28,0.0,1.28
2021-02-22,Cabai Merah Besar,7,1,-1.28,0.0,1.28
2021-02-22,Cabai Merah Besar,7,2,-1.28,0.0,1.28
2021-02-22,Cabai Merah Besar,7,3,-1.28,0.0,1.28
2021-02-22,Cabai Merah Besar,14,1,-1.28,0.0,1.28
2021-02-22,Cabai Merah Besar,14,2,-1.28,0.0,1.28
2021-02-22,Cabai Merah Besar,14,3,-1.28,0.0,1.28
2021-03-01,Cabai Merah Besar,7,1,-1.28,0.0,1.28
2021-03-01,Cabai Merah Besar,7,2,-1.28,0.0,1.28
2021-03-01,Cabai Merah Besar,7,3,-1.28,0.0,1.28
2021-03-01,Cabai Merah Besar,14,1,-1.28,0.0,1.28
2021-03-01,Cabai Merah Besar,14,2,-1.28,0.0,1.28
2021-03-01,Cabai Merah Besar,14,3,-1.28,0.0,1.28
2021-03-08,Cabai Merah Besar,7,1,-1.28,0.0,1.28
2021-03-08,Cabai Merah Besar,7,2,-1.28,0.0,1.28
2021-03-08,Cabai Merah Besar,7,3,-1.28,0.0,1.28
2021-03-08,Cabai Merah Besar,14,1,-1.28,0.0,1.28
2021-03-08,Cabai Merah Besar,14,2,-1.28,0.0,1.28
2021-03-08,Cabai Merah Besar,14,3,-1.28,0.0,1.28
2021-03-15,Cabai Merah Besar,7,1,-1.28,0.0,1.28
2021-03-15,Cabai Merah Besar,7,2,-1.28,0.0,1.28
2021-03-15,Cabai Merah Besar,7,3,-1.28,0.0,1.28
2021-03-15,Cabai Merah Besar,14,1,-1.28,0.0,1.28
2021-03-15,Cabai Merah Besar,14,2,-1.28,0.0,1.28
2021-03-15,Cabai Merah Besar,14,3,-1.28,0.0,1.28
2021-03-22,Cabai Merah Besar,7,1,-1.28,0.0,1.28
2021-03-22,Cabai Merah Besar,7,2,-1.28,0.0,1.28
2021-03-22,Cabai Merah Besar,7,3,-1.28,0.0,1.28
2021-03-22,Cabai Merah Besar,14,1,-1.28,0.0,1.28
2021-03-22,Cabai Merah Besar,14,2,-1.28,0.0,1.28
2021-03-22,Cabai Merah Besar,14,3,-1.28,0.0,1.28
2021-03-29,Cabai Merah Besar,7,1,-1.28,0.0,1.28
2021-03-29,Cabai Merah Besar,7,2,-1.28,0.0,1.28
2021-03-29,Cabai Merah Besar,7,3,-1.28,0.0,1.28
2021-03-29,Cabai Merah Besar,14,1,-1.28,0.0,1.28
2021-03-29,Cabai Merah Besar,14,2,-1.28,0.0,1.28
2021-03-29,Cabai Merah Besar,14,3,-1.28,0.0,1.28
2021-04-05,Cabai Merah Besar,7,1,-1.28,0.0,1.28
2021-04-05,Cabai Merah Besar,7,2,-1.28,0.0,1.28
2021-04-05,Cabai Merah Besar,7,3,-1.28,0.0,1.28
2021-04-05,Cabai Merah Besar,14,1,-1.28,0.0,1.28
2021-04-05,Cabai Merah Besar,14,2,-1.28,0.0,1.28
2021-04-05,Cabai Merah Besar,14,3,-1.28,0.0,1.28
2021-04-12,Cabai Merah Besar,7,1,-1.28,0.0,1.28
2021-04-12,Cabai Merah Besar,7,2,-1.28,0.0,1.28
2021-04-12,Cabai Merah Besar,7,3,-1.28,0.0,1.28
2021-04-12,Cabai Merah Besar,14,1,-1.28,0.0,1.28
2021-04-12,Cabai Merah Besar,14,2,-1.28,0.0,1.28
2021-04-12,Cabai Merah Besar,14,3,-1.28,0.0,1.28
2021-04-19,Cabai Merah Besar,7,1,-1.28,0.0,1.28
2021-04-19,Cabai Merah Besar,7,2,-1.28,0.0,1.28
2021-04-19,Cabai Merah Besar,7,3,-1.28,0.0,1.28
2021-04-19,Cabai Merah Besar,14,1,-1.28,0.0,1.28
2021-04-19,Cabai Merah Besar,14,2,-1.28,0.0,1.28
2021-04-19,Cabai Merah Besar,14,3,-1.28,0.0,1.28
2021-04-26,Cabai Merah Besar,7,1,-1.28,0.0,1.28
2021-04-26,Cabai Merah Besar,7,2,-1.28,0.0,1.28
2021-04-26,Cabai Merah Besar,7,3,-1.28,0.0,1.28
2021-04-26,Cabai Merah Besar,14,1,-1.28,0.0,1.28
2021-04-26,Cabai Merah Besar,14,2,-1.28,0.0,1.28
2021-04-26,Cabai Merah Besar,14,3,-1.28,0.0,1.28
2021-05-03,Cabai Merah Besar,7,1,-1.28,0.0,1.28
2021-05-03,Cabai Merah Besar,7,2,-1.28,0.0,1.28
2021-05-03,Cabai Merah Besar,7,3,-1.28,0.0,1.28
2021-05-03,Cabai Merah Besar,14,1,-1.28,0.0,1.28
2021-05-03,Cabai Merah Besar,14,2,-1.28,0.0,1.28
2021-05-03,Cabai Merah Besar,14,3,-1.28,0.0,1.28
2021-05-10,Cabai Merah Besar,7,1,-1.28,0.0,1.28
2021-05-10,Cabai Merah Besar,7,2,-1.28,0.0,1.28
2021-05-10,Cabai Merah Besar,7,3,-1.28,0.0,1.28
2021-05-10,Cabai Merah Besar,14,1,-1.28,0.0,1.28
2021-05-10,Cabai Merah Besar,14,2,-1.28,0.0,1.28
2021-05-10,Cabai Merah Besar,14,3,-1.28,0.0,1.28
2021-05-17,Cabai Merah Besar,7,1,-1.28,0.0,1.28
2021-05-17,Cabai Merah Besar,7,2,-1.28,0.0,1.28
2021-05-17,Cabai Merah Besar,7,3,-1.28,0.0,1.28
2021-05-17,Cabai Merah Besar,14,1,-1.28,0.0,1.28
2021-05-17,Cabai Merah Besar,14,2,-1.28,0.0,1.28
2021-05-17,Cabai Merah Besar,14,3,-1.28,0.0,1.28
2021-05-24,Cabai Merah Besar,7,1,-1.28,0.0,1.28
2021-05-24,Cabai Merah Besar,7,2,-1.28,0.0,1.28
2021-05-24,Cabai Merah Besar,7,3,-1.28,0.0,1.28
2021-05-24,Cabai Merah Besar,14,1,-1.28,0.0,1.28
2021-05-24,Cabai Merah Besar,14,2,-1.28,0.0,1.28
2021-05-24,Cabai Merah Besar,14,3,-1.28,0.0,1.28
2021-05-31,Cabai Merah Besar,7,1,-1.28,0.0,1.28
2021-05-31,Cabai Merah Besar,7,2,-1.28,0.0,1.28
2021-05-31,Cabai Merah Besar,7,3,-1.28,0.0,1.28
2021-05-31,Cabai Merah Besar,14,1,-1.28,0.0,1.28
2021-05-31,Cabai Merah Besar,14,2,-1.28,0.0,1.28
2021-05-31,Cabai Merah Besar,14,3,-1.28,0.0,1.28
2021-06-07,Cabai Merah Besar,7,1,-1.28,0.0,1.28
2021-06-07,Cabai Merah Besar,7,2,-1.28,0.0,1.28
2021-06-07,Cabai Merah Besar,7,3,-1.28,0.0,1.28
2021-06-07,Cabai Merah Besar,14,1,-1.28,0.0,1.28
2021-06-07,Cabai Merah Besar,14,2,-1.28,0.0,1.28
2021-06-07,Cabai Merah Besar,14,3,-1.28,0.0,1.28
2021-06-14,Cabai Merah Besar,7,1,-1.28,0.0,1.28
2021-06-14,Cabai Merah Besar,7,2,-1.28,0.0,1.28
2021-06-14,Cabai Merah Besar,7,3,-1.28,0.0,1.28
2021-06-14,Cabai Merah Besar,14,1,-1.28,0.0,1.28
2021-06-14,Cabai Merah Besar,14,2,-1.28,0.0,1.28
2021-06-14,Cabai Merah Besar,14,3,-1.28,0.0,1.28
2021-06-21,Cabai Merah Besar,7,1,-1.28,0.0,1.28
2021-06-21,Cabai Merah Besar,7,2,-1.28,0.0,1.28
2021-06-21,Cabai Merah Besar,7,3,-1.28,0.0,1.28
2021-06-21,Cabai Merah Besar,14,1,-1.28,0.0,1.28
2021-06-21,Cabai Merah Besar,14,2,-1.28,0.0,1.28
2021-06-21,Cabai Merah Besar,14,3,-1.28,0.0,1.28
2021-06-28,Cabai Merah Besar,7,1,-1.28,0.0,1.28
2021-06-28,Cabai Merah Besar,7,2,-1.28,0.0,1.28
2021-06-28,Cabai Merah Besar,7,3,-1.28,0.0,1.28
2021-06-28,Cabai Merah Besar,14,1,-1.28,0.0,1.28
2021-06-28,Cabai Merah Besar,14,2,-1.28,0.0,1.28
2021-06-28,Cabai Merah Besar,14,3,-1.28,0.0,1.28
2021-07-05,Cabai Merah Besar,7,1,-1.28,0.0,1.28
2021-07-05,Cabai Merah Besar,7,2,-1.28,0.0,1.28
2021-07-05,Cabai Merah Besar,7,3,-1.28,0.0,1.28
2021-07-05,Cabai Merah Besar,14,1,-1.28,0.0,1.28
2021-07-05,Cabai Merah Besar,14,2,-1.28,0.0,1.28
2021-07-05,Cabai Merah Besar,14,3,-1.28,0.0,1.28
2021-07-12,Cabai Merah Besar,7,1,-1.28,0.0,1.28
2021-07-12,Cabai Merah Besar,7,2,-1.28,0.0,1.28
2021-07-12,Cabai Merah Besar,7,3,-1.28,0.0,1.28
2021-07-12,Cabai Merah Besar,14,1,-1.28,0.0,1.28
2021-07-12,Cabai Merah Besar,14,2,-1.28,0.0,1.28
2021-07-12,Cabai Merah Besar,14,3,-1.28,0.0,1.28
2021-07-19,Cabai Merah Besar,7,1,-1.28,0.0,1.28
2021-07-19,Cabai Merah Besar,7,2,-1.28,0.0,1.28
2021-07-19,Cabai Merah Besar,7,3,-1.28,0.0,1.28
2021-07-19,Cabai Merah Besar,14,1,-1.28,0.0,1.28
2021-07-19,Cabai Merah Besar,14,2,-1.28,0.0,1.28
2021-07-19,Cabai Merah Besar,14,3,-1.28,0.0,1.28
2021-07-26,Cabai Merah Besar,7,1,-1.28,0.0,1.28
2021-07-26,Cabai Merah Besar,7,2,-1.28,0.0,1.28
2021-07-26,Cabai Merah Besar,7,3,-1.28,0.0,1.28
2021-07-26,Cabai Merah Besar,14,1,-1.28,0.0,1.28
2021-07-26,Cabai Merah Besar,14,2,-1.28,0.0,1.28
2021-07-26,Cabai Merah Besar,14,3,-1.28,0.0,1.28
2021-08-02,Cabai Merah Besar,7,1,-1.28,0.0,1.28
2021-08-02,Cabai Merah Besar,7,2,-1.28,0.0,1.28
2021-08-02,Cabai Merah Besar,7,3,-1.28,0.0,1.28
2021-08-02,Cabai Merah Besar,14,1,-1.28,0.0,1.28
2021-08-02,Cabai Merah Besar,14,2,-1.28,0.0,1.28
2021-08-02,Cabai Merah Besar,14,3,-1.28,0.0,1.28
2021-08-09,Cabai Merah Besar,7,1,-1.28,0.0,1.28
2021-08-09,Cabai Merah Besar,7,2,-1.28,0.0,1.28
2021-08-09,Cabai Merah Besar,7,3,-1.28,0.0,1.28
2021-08-09,Cabai Merah Besar,14,1,-1.28,0.0,1.28
2021-08-09,Cabai Merah Besar,14,2,-1.28,0.0,1.28
2021-08-09,Cabai Merah Besar,14,3,-1.28,0.0,1.28
2021-08-16,Cabai Merah Besar,7,1,-1.28,0.0,1.28
2021-08-16,Cabai Merah Besar,7,2,-1.28,0.0,1.28
2021-08-16,Cabai Merah Besar,7,3,-1.28,0.0,1.28
2021-08-16,Cabai Merah Besar,14,1,-1.28,0.0,1.28
2021-08-16,Cabai Merah Besar,14,2,-1.28,0.0,1.28
2021-08-16,Cabai Merah Besar,14,3,-1.28,0.0,1.28
2021-08-23,Cabai Merah Besar,7,1,-1.28,0.0,1.28
2021-08-23,Cabai Merah Besar,7,2,-1.28,0.0,1.28
2021-08-23,Cabai Merah Besar,7,3,-1.28,0.0,1.28
2021-08-23,Cabai Merah Besar,14,1,-1.28,0.0,1.28
2021-08-23,Cabai Merah Besar,14,2,-1.28,0.0,1.28
2021-08-23,Cabai Merah Besar,14,3,-1.28,0.0,1.28
2021-08-30,Cabai Merah Besar,7,1,-1.28,0.0,1.28
2021-08-30,Cabai Merah Besar,7,2,-1.28,0.0,1.28
2021-08-30,Cabai Merah Besar,7,3,-1.28,0.0,1.28
2021-08-30,Cabai Merah Besar,14,1,-1.28,0.0,1.28
2021-08-30,Cabai Merah Besar,14,2,-1.28,0.0,1.28
2021-08-30,Cabai Merah Besar,14,3,-1.28,0.0,1.28
2021-09-06,Cabai Merah Besar,7,1,-1.28,0.0,1.28
2021-09-06,Cabai Merah Besar,7,2,-1.28,0.0,1.28
2021-09-06,Cabai Merah Besar,7,3,-1.28,0.0,1.28
2021-09-06,Cabai Merah Besar,14,1,-1.28,0.0,1.28
2021-09-06,Cabai Merah Besar,14,2,-1.28,0.0,1.28
2021-09-06,Cabai Merah Besar,14,3,-1.28,0.0,1.28
2021-09-13,Cabai Merah Besar,7,1,-1.28,0.0,1.28
2021-09-13,Cabai Merah Besar,7,2,-1.28,0.0,1.28
2021-09-13,Cabai Merah Besar,7,3,-1.28,0.0,1.28
2021-09-13,Cabai Merah Besar,14,1,-1.28,0.0,1.28
2021-09-13,Cabai Merah Besar,14,2,-1.28,0.0,1.28
2021-09-13,Cabai Merah Besar,14,3,-1.28,0.0,1.28
2021-09-20,Cabai Merah Besar,7,1,-1.28,0.0,1.28
2021-09-20,Cabai Merah Besar,7,2,-1.28,0.0,1.28
2021-09-20,Cabai Merah Besar,7,3,-1.28,0.0,1.28
2021-09-20,Cabai Merah Besar,14,1,-1.28,0.0,1.28
2021-09-20,Cabai Merah Besar,14,2,-1.28,0.0,1.28
2021-09-20,Cabai Merah Besar,14,3,-1.28,0.0,1.28
2021-09-27,Cabai Merah Besar,7,1,-1.28,0.0,1.28
2021-09-27,Cabai Merah Besar,7,2,-1.28,0.0,1.28
2021-09-27,Cabai Merah Besar,7,3,-1.28,0.0,1.28
2021-09-27,Cabai Merah Besar,14,1,-1.28,0.0,1.28
2021-09-27,Cabai Merah Besar,14,2,-1.28,0.0,1.28
2021-09-27,Cabai Merah Besar,14,3,-1.28,0.0,1.28
2021-10-11,Cabai Merah Besar,7,1,-1.28,0.0,1.28
2021-10-11,Cabai Merah Besar,7,2,-1.28,0.0,1.28
2021-10-11,Cabai Merah Besar,7,3,-1.28,0.0,1.28
2021-10-11,Cabai Merah Besar,14,1,-1.28,0.0,1.28
2021-10-11,Cabai Merah Besar,14,2,-1.28,0.0,1.28
2021-10-11,Cabai Merah Besar,14,3,-1.28,0.0,1.28
2021-10-18,Cabai Merah Besar,7,1,-1.28,0.0,1.28
2021-10-18,Cabai Merah Besar,7,2,-1.28,0.0,1.28
2021-10-18,Cabai Merah Besar,7,3,-1.28,0.0,1.28
2021-10-18,Cabai Merah Besar,14,1,-1.28,0.0,1.28
2021-10-18,Cabai Merah Besar,14,2,-1.28,0.0,1.28
2021-10-18,Cabai Merah Besar,14,3,-1.28,0.0,1.28
2021-10-25,Cabai Merah Besar,7,1,-1.28,0.0,1.28
2021-10-25,Cabai Merah Besar,7,2,-1.28,0.0,1.28
2021-10-25,Cabai Merah Besar,7,3,-1.28,0.0,1.28
2021-10-25,Cabai Merah Besar,14,1,-1.28,0.0,1.28
2021-10-25,Cabai Merah Besar,14,2,-1.28,0.0,1.28
2021-10-25,Cabai Merah Besar,14,3,-1.28,0.0,1.28
2021-11-01,Cabai Merah Besar,7,1,-1.28,0.0,1.28
2021-11-01,Cabai Merah Besar,7,2,-1.28,0.0,1.28
2021-11-01,Cabai Merah Besar,7,3,-1.28,0.0,1.28
2021-11-01,Cabai Merah Besar,14,1,-1.28,0.0,1.28
2021-11-01,Cabai Merah Besar,14,2,-1.28,0.0,1.28
2021-11-01,Cabai Merah Besar,14,3,-1.28,0.0,1.28
2021-11-08,Cabai Merah Besar,7,1,-1.28,0.0,1.28
2021-11-08,Cabai Merah Besar,7,2,-1.28,0.0,1.28
2021-11-08,Cabai Merah Besar,7,3,-1.28,0.0,1.28
2021-11-08,Cabai Merah Besar,14,1,-1.28,0.0,1.28
2021-11-08,Cabai Merah Besar,14,2,-1.28,0.0,1.28
2021-11-08,Cabai Merah Besar,14,3,-1.28,0.0,1.28
2021-11-15,Cabai Merah Besar,7,1,-1.28,0.0,1.28
2021-11-15,Cabai Merah Besar,7,2,-1.28,0.0,1.28
2021-11-15,Cabai Merah Besar,7,3,-1.28,0.0,1.28
2021-11-15,Cabai Merah Besar,14,1,-1.28,0.0,1.28
2021-11-15,Cabai Merah Besar,14,2,-1.28,0.0,1.28
2021-11-15,Cabai Merah Besar,14,3,-1.28,0.0,1.28
2021-11-22,Cabai Merah Besar,7,1,-1.28,0.0,1.28
2021-11-22,Cabai Merah Besar,7,2,-1.28,0.0,1.28
2021-11-22,Cabai Merah Besar,7,3,-1.28,0.0,1.28
2021-11-22,Cabai Merah Besar,14,1,-1.28,0.0,1.28
2021-11-22,Cabai Merah Besar,14,2,-1.28,0.0,1.28
2021-11-22,Cabai Merah Besar,14,3,-1.28,0.0,1.28
2021-11-29,Cabai Merah Besar,7,1,-1.28,0.0,1.28
2021-11-29,Cabai Merah Besar,7,2,-1.28,0.0,1.28
2021-11-29,Cabai Merah Besar,7,3,-1.28,0.0,1.28
2021-11-29,Cabai Merah Besar,14,1,-1.28,0.0,1.28
2021-11-29,Cabai Merah Besar,14,2,-1.28,0.0,1.28
2021-11-29,Cabai Merah Besar,14,3,-1.28,0.0,1.28
2021-12-06,Cabai Merah Besar,7,1,-1.28,0.0,1.28
2021-12-06,Cabai Merah Besar,7,2,-1.28,0.0,1.28
2021-12-06,Cabai Merah Besar,7,3,-1.28,0.0,1.28
2021-12-06,Cabai Merah Besar,14,1,-1.28,0.0,1.28
2021-12-06,Cabai Merah Besar,14,2,-1.28,0.0,1.28
2021-12-06,Cabai Merah Besar,14,3,-1.28,0.0,1.28
2021-12-13,Cabai Merah Besar,7,1,-1.28,0.0,1.28
2021-12-13,Cabai Merah Besar,7,2,-1.28,0.0,1.28
2021-12-13,Cabai Merah Besar,7,3,-1.28,0.0,1.28
2021-12-13,Cabai Merah Besar,14,1,-1.28,0.0,1.28
2021-12-13,Cabai Merah Besar,14,2,-1.28,0.0,1.28
2021-12-13,Cabai Merah Besar,14,3,-1.28,0.0,1.28
2021-12-20,Cabai Merah Besar,7,1,-1.28,0.0,1.28
2021-12-20,Cabai Merah Besar,7,2,-1.28,0.0,1.28
2021-12-20,Cabai Merah Besar,7,3,-1.28,0.0,1.28
2021-12-20,Cabai Merah Besar,14,1,-1.28,0.0,1.28
2021-12-20,Cabai Merah Besar,14,2,-1.28,0.0,1.28
2021-12-20,Cabai Merah Besar,14,3,-1.28,0.0,1.28
2021-12-27,Cabai Merah Besar,7,1,-1.28,0.0,1.28
2021-12-27,Cabai Merah Besar,7,2,-1.28,0.0,1.28
2021-12-27,Cabai Merah Besar,7,3,-1.28,0.0,1.28
2021-12-27,Cabai Merah Besar,14,1,-1.28,0.0,1.28
2021-12-27,Cabai Merah Besar,14,2,-1.28,0.0,1.28
2021-12-27,Cabai Merah Besar,14,3,-1.28,0.0,1.28
2022-01-03,Cabai Merah Besar,7,1,-1.28,0.0,1.28
2022-01-03,Cabai Merah Besar,7,2,-1.28,0.0,1.28
2022-01-03,Cabai Merah Besar,7,3,-1.28,0.0,1.28
2022-01-03,Cabai Merah Besar,14,1,-1.28,0.0,1.28
2022-01-03,Cabai Merah Besar,14,2,-1.28,0.0,1.28
2022-01-03,Cabai Merah Besar,14,3,-1.28,0.0,1.28
2022-01-10,Cabai Merah Besar,7,1,-1.28,0.0,1.28
2022-01-10,Cabai Merah Besar,7,2,-1.28,0.0,1.28
2022-01-10,Cabai Merah Besar,7,3,-1.28,0.0,1.28
2022-01-10,Cabai Merah Besar,14,1,-1.28,0.0,1.28
2022-01-10,Cabai Merah Besar,14,2,-1.28,0.0,1.28
2022-01-10,Cabai Merah Besar,14,3,-1.28,0.0,1.28
2022-01-17,Cabai Merah Besar,7,1,-1.28,0.0,1.28
2022-01-17,Cabai Merah Besar,7,2,-1.28,0.0,1.28
2022-01-17,Cabai Merah Besar,7,3,-1.28,0.0,1.28
2022-01-17,Cabai Merah Besar,14,1,-1.28,0.0,1.28
2022-01-17,Cabai Merah Besar,14,2,-1.28,0.0,1.28
2022-01-17,Cabai Merah Besar,14,3,-1.28,0.0,1.28
2022-01-24,Cabai Merah Besar,7,1,-1.28,0.0,1.28
2022-01-24,Cabai Merah Besar,7,2,-1.28,0.0,1.28
2022-01-24,Cabai Merah Besar,7,3,-1.28,0.0,1.28
2022-01-24,Cabai Merah Besar,14,1,-1.28,0.0,1.28
2022-01-24,Cabai Merah Besar,14,2,-1.28,0.0,1.28
2022-01-24,Cabai Merah Besar,14,3,-1.28,0.0,1.28
2022-02-07,Cabai Merah Besar,7,1,-1.28,0.0,1.28
2022-02-07,Cabai Merah Besar,7,2,-1.28,0.0,1.28
2022-02-07,Cabai Merah Besar,7,3,-1.28,0.0,1.28
2022-02-07,Cabai Merah Besar,14,1,-1.28,0.0,1.28
2022-02-07,Cabai Merah Besar,14,2,-1.28,0.0,1.28
2022-02-07,Cabai Merah Besar,14,3,-1.28,0.0,1.28
2022-02-14,Cabai Merah Besar,7,1,-1.28,0.0,1.28
2022-02-14,Cabai Merah Besar,7,2,-1.28,0.0,1.28
2022-02-14,Cabai Merah Besar,7,3,-1.28,0.0,1.28
2022-02-14,Cabai Merah Besar,14,1,-1.28,0.0,1.28
2022-02-14,Cabai Merah Besar,14,2,-1.28,0.0,1.28
2022-02-14,Cabai Merah Besar,14,3,-1.28,0.0,1.28
2022-02-21,Cabai Merah Besar,7,1,-1.28,0.0,1.28
2022-02-21,Cabai Merah Besar,7,2,-1.28,0.0,1.28
2022-02-21,Cabai Merah Besar,7,3,-1.28,0.0,1.28
2022-02-21,Cabai Merah Besar,14,1,-1.28,0.0,1.28
2022-02-21,Cabai Merah Besar,14,2,-1.28,0.0,1.28
2022-02-21,Cabai Merah Besar,14,3,-1.28,0.0,1.28
2022-02-28,Cabai Merah Besar,7,1,-1.28,0.0,1.28
2022-02-28,Cabai Merah Besar,7,2,-1.28,0.0,1.28
2022-02-28,Cabai Merah Besar,7,3,-1.28,0.0,1.28
2022-02-28,Cabai Merah Besar,14,1,-1.28,0.0,1.28
2022-02-28,Cabai Merah Besar,14,2,-1.28,0.0,1.28
2022-02-28,Cabai Merah Besar,14,3,-1.28,0.0,1.28
2022-03-07,Cabai Merah Besar,7,1,-1.28,0.0,1.28
2022-03-07,Cabai Merah Besar,7,2,-1.28,0.0,1.28
2022-03-07,Cabai Merah Besar,7,3,-1.28,0.0,1.28
2022-03-07,Cabai Merah Besar,14,1,-1.28,0.0,1.28
2022-03-07,Cabai Merah Besar,14,2,-1.28,0.0,1.28
2022-03-07,Cabai Merah Besar,14,3,-1.28,0.0,1.28
2022-03-14,Cabai Merah Besar,7,1,-1.28,0.0,1.28
2022-03-14,Cabai Merah Besar,7,2,-1.28,0.0,1.28
2022-03-14,Cabai Merah Besar,7,3,-1.28,0.0,1.28
2022-03-14,Cabai Merah Besar,14,1,-1.28,0.0,1.28
2022-03-14,Cabai Merah Besar,14,2,-1.28,0.0,1.28
2022-03-14,Cabai Merah Besar,14,3,-1.28,0.0,1.28
2022-03-21,Cabai Merah Besar,7,1,-1.28,0.0,1.28
2022-03-21,Cabai Merah Besar,7,2,-1.28,0.0,1.28
2022-03-21,Cabai Merah Besar,7,3,-1.28,0.0,1.28
2022-03-21,Cabai Merah Besar,14,1,-1.28,0.0,1.28
2022-03-21,Cabai Merah Besar,14,2,-1.28,0.0,1.28
2022-03-21,Cabai Merah Besar,14,3,-1.28,0.0,1.28
2022-03-28,Cabai Merah Besar,7,1,-1.28,0.0,1.28
2022-03-28,Cabai Merah Besar,7,2,-1.28,0.0,1.28
2022-03-28,Cabai Merah Besar,7,3,-1.28,0.0,1.28
2022-03-28,Cabai Merah Besar,14,1,-1.28,0.0,1.28
2022-03-28,Cabai Merah Besar,14,2,-1.28,0.0,1.28
2022-03-28,Cabai Merah Besar,14,3,-1.28,0.0,1.28
2022-04-04,Cabai Merah Besar,7,1,-1.28,0.0,1.28
2022-04-04,Cabai Merah Besar,7,2,-1.28,0.0,1.28
2022-04-04,Cabai Merah Besar,7,3,-1.28,0.0,1.28
2022-04-04,Cabai Merah Besar,14,1,-1.28,0.0,1.28
2022-04-04,Cabai Merah Besar,14,2,-1.28,0.0,1.28
2022-04-04,Cabai Merah Besar,14,3,-1.28,0.0,1.28
2022-04-11,Cabai Merah Besar,7,1,-1.28,0.0,1.28
2022-04-11,Cabai Merah Besar,7,2,-1.28,0.0,1.28
2022-04-11,Cabai Merah Besar,7,3,-1.28,0.0,1.28
2022-04-11,Cabai Merah Besar,14,1,-1.28,0.0,1.28
2022-04-11,Cabai Merah Besar,14,2,-1.28,0.0,1.28
2022-04-11,Cabai Merah Besar,14,3,-1.28,0.0,1.28
2022-04-18,Cabai Merah Besar,7,1,-1.28,0.0,1.28
2022-04-18,Cabai Merah Besar,7,2,-1.28,0.0,1.28
2022-04-18,Cabai Merah Besar,7,3,-1.28,0.0,1.28
2022-04-18,Cabai Merah Besar,14,1,-1.28,0.0,1.28
2022-04-18,Cabai Merah Besar,14,2,-1.28,0.0,1.28
2022-04-18,Cabai Merah Besar,14,3,-1.28,0.0,1.28
2022-05-02,Cabai Merah Besar,7,1,-1.28,0.0,1.28
2022-05-02,Cabai Merah Besar,7,2,-1.28,0.0,1.28
2022-05-02,Cabai Merah Besar,7,3,-1.28,0.0,1.28
2022-05-02,Cabai Merah Besar,14,1,-1.28,0.0,1.28
2022-05-02,Cabai Merah Besar,14,2,-1.28,0.0,1.28
2022-05-02,Cabai Merah Besar,14,3,-1.28,0.0,1.28
2022-05-09,Cabai Merah Besar,7,1,-1.28,0.0,1.28
2022-05-09,Cabai Merah Besar,7,2,-1.28,0.0,1.28
2022-05-09,Cabai Merah Besar,7,3,-1.28,0.0,1.28
2022-05-09,Cabai Merah Besar,14,1,-1.28,0.0,1.28
2022-05-09,Cabai Merah Besar,14,2,-1.28,0.0,1.28
2022-05-09,Cabai Merah Besar,14,3,-1.28,0.0,1.28
2022-05-16,Cabai Merah Besar,7,1,-1.28,0.0,1.28
2022-05-16,Cabai Merah Besar,7,2,-1.28,0.0,1.28
2022-05-16,Cabai Merah Besar,7,3,-1.28,0.0,1.28
2022-05-16,Cabai Merah Besar,14,1,-1.28,0.0,1.28
2022-05-16,Cabai Merah Besar,14,2,-1.28,0.0,1.28
2022-05-16,Cabai Merah Besar,14,3,-1.28,0.0,1.28
2022-05-23,Cabai Merah Besar,7,1,-1.28,0.0,1.28
2022-05-23,Cabai Merah Besar,7,2,-1.28,0.0,1.28
2022-05-23,Cabai Merah Besar,7,3,-1.28,0.0,1.28
2022-05-23,Cabai Merah Besar,14,1,-1.28,0.0,1.28
2022-05-23,Cabai Merah Besar,14,2,-1.28,0.0,1.28
2022-05-23,Cabai Merah Besar,14,3,-1.28,0.0,1.28
2022-05-30,Cabai Merah Besar,7,1,-1.28,0.0,1.28
2022-05-30,Cabai Merah Besar,7,2,-1.28,0.0,1.28
2022-05-30,Cabai Merah Besar,7,3,-1.28,0.0,1.28
2022-05-30,Cabai Merah Besar,14,1,-1.28,0.0,1.28
2022-05-30,Cabai Merah Besar,14,2,-1.28,0.0,1.28
2022-05-30,Cabai Merah Besar,14,3,-1.28,0.0,1.28
2022-06-06,Cabai Merah Besar,7,1,-1.28,0.0,1.28
2022-06-06,Cabai Merah Besar,7,2,-1.28,0.0,1.28
2022-06-06,Cabai Merah Besar,7,3,-1.28,0.0,1.28
2022-06-06,Cabai Merah Besar,14,1,-1.28,0.0,1.28
2022-06-06,Cabai Merah Besar,14,2,-1.28,0.0,1.28
2022-06-06,Cabai Merah Besar,14,3,-1.28,0.0,1.28
2022-06-13,Cabai Merah Besar,7,1,-1.28,0.0,1.28
2022-06-13,Cabai Merah Besar,7,2,-1.28,0.0,1.28
2022-06-13,Cabai Merah Besar,7,3,-1.28,0.0,1.28
2022-06-13,Cabai Merah Besar,14,1,-1.28,0.0,1.28
2022-06-13,Cabai Merah Besar,14,2,-1.28,0.0,1.28
2022-06-13,Cabai Merah Besar,14,3,-1.28,0.0,1.28
2022-06-20,Cabai Merah Besar,7,1,-1.28,0.0,1.28
2022-06-20,Cabai Merah Besar,7,2,-1.28,0.0,1.28
2022-06-20,Cabai Merah Besar,7,3,-1.28,0.0,1.28
2022-06-20,Cabai Merah Besar,14,1,-1.28,0.0,1.28
2022-06-20,Cabai Merah Besar,14,2,-1.28,0.0,1.28
2022-06-20,Cabai Merah Besar,14,3,-1.28,0.0,1.28
2022-06-27,Cabai Merah Besar,7,1,-1.28,0.0,1.28
2022-06-27,Cabai Merah Besar,7,2,-1.28,0.0,1.28
2022-06-27,Cabai Merah Besar,7,3,-1.28,0.0,1.28
2022-06-27,Cabai Merah Besar,14,1,-1.28,0.0,1.28
2022-06-27,Cabai Merah Besar,14,2,-1.28,0.0,1.28
2022-06-27,Cabai Merah Besar,14,3,-1.28,0.0,1.28
2022-07-04,Cabai Merah Besar,7,1,-1.28,0.0,1.28
2022-07-04,Cabai Merah Besar,7,2,-1.28,0.0,1.28
2022-07-04,Cabai Merah Besar,7,3,-1.28,0.0,1.28
2022-07-04,Cabai Merah Besar,14,1,-1.28,0.0,1.28
2022-07-04,Cabai Merah Besar,14,2,-1.28,0.0,1.28
2022-07-04,Cabai Merah Besar,14,3,-1.28,0.0,1.28
2022-07-11,Cabai Merah Besar,7,1,-1.28,0.0,1.28
2022-07-11,Cabai Merah Besar,7,2,-1.28,0.0,1.28
2022-07-11,Cabai Merah Besar,7,3,-1.28,0.0,1.28
2022-07-11,Cabai Merah Besar,14,1,-1.28,0.0,1.28
2022-07-11,Cabai Merah Besar,14,2,-1.28,0.0,1.28
2022-07-11,Cabai Merah Besar,14,3,-1.28,0.0,1.28
2022-07-18,Cabai Merah Besar,7,1,-1.28,0.0,1.28
2022-07-18,Cabai Merah Besar,7,2,-1.28,0.0,1.28
2022-07-18,Cabai Merah Besar,7,3,-1.28,0.0,1.28
2022-07-18,Cabai Merah Besar,14,1,-1.28,0.0,1.28
2022-07-18,Cabai Merah Besar,14,2,-1.28,0.0,1.28
2022-07-18,Cabai Merah Besar,14,3,-1.28,0.0,1.28
2022-07-25,Cabai Merah Besar,7,1,-1.28,0.0,1.28
2022-07-25,Cabai Merah Besar,7,2,-1.28,0.0,1.28
2022-07-25,Cabai Merah Besar,7,3,-1.28,0.0,1.28
2022-07-25,Cabai Merah Besar,14,1,-1.28,0.0,1.28
2022-07-25,Cabai Merah Besar,14,2,-1.28,0.0,1.28
2022-07-25,Cabai Merah Besar,14,3,-1.28,0.0,1.28
2022-08-01,Cabai Merah Besar,7,1,-1.28,0.0,1.28
2022-08-01,Cabai Merah Besar,7,2,-1.28,0.0,1.28
2022-08-01,Cabai Merah Besar,7,3,-1.28,0.0,1.28
2022-08-01,Cabai Merah Besar,14,1,-1.28,0.0,1.28
2022-08-01,Cabai Merah Besar,14,2,-1.28,0.0,1.28
2022-08-01,Cabai Merah Besar,14,3,-1.28,0.0,1.28
2022-08-08,Cabai Merah Besar,7,1,-1.28,0.0,1.28
2022-08-08,Cabai Merah Besar,7,2,-1.28,0.0,1.28
2022-08-08,Cabai Merah Besar,7,3,-1.28,0.0,1.28
2022-08-08,Cabai Merah Besar,14,1,-1.28,0.0,1.28
2022-08-08,Cabai Merah Besar,14,2,-1.28,0.0,1.28
2022-08-08,Cabai Merah Besar,14,3,-1.28,0.0,1.28
2022-08-15,Cabai Merah Besar,7,1,-1.28,0.0,1.28
2022-08-15,Cabai Merah Besar,7,2,-1.28,0.0,1.28
2022-08-15,Cabai Merah Besar,7,3,-1.28,0.0,1.28
2022-08-15,Cabai Merah Besar,14,1,-1.28,0.0,1.28
2022-08-15,Cabai Merah Besar,14,2,-1.28,0.0,1.28
2022-08-15,Cabai Merah Besar,14,3,-1.28,0.0,1.28
2022-08-22,Cabai Merah Besar,7,1,-1.28,0.0,1.28
2022-08-22,Cabai Merah Besar,7,2,-1.28,0.0,1.28
2022-08-22,Cabai Merah Besar,7,3,-1.28,0.0,1.28
2022-08-22,Cabai Merah Besar,14,1,-1.28,0.0,1.28
2022-08-22,Cabai Merah Besar,14,2,-1.28,0.0,1.28
2022-08-22,Cabai Merah Besar,14,3,-1.28,0.0,1.28
2022-08-29,Cabai Merah Besar,7,1,-1.28,0.0,1.28
2022-08-29,Cabai Merah Besar,7,2,-1.28,0.0,1.28
2022-08-29,Cabai Merah Besar,7,3,-1.28,0.0,1.28
2022-08-29,Cabai Merah Besar,14,1,-1.28,0.0,1.28
2022-08-29,Cabai Merah Besar,14,2,-1.28,0.0,1.28
2022-08-29,Cabai Merah Besar,14,3,-1.28,0.0,1.28
2022-09-05,Cabai Merah Besar,7,1,-1.28,0.0,1.28
2022-09-05,Cabai Merah Besar,7,2,-1.28,0.0,1.28
2022-09-05,Cabai Merah Besar,7,3,-1.28,0.0,1.28
2022-09-05,Cabai Merah Besar,14,1,-1.28,0.0,1.28
2022-09-05,Cabai Merah Besar,14,2,-1.28,0.0,1.28
2022-09-05,Cabai Merah Besar,14,3,-1.28,0.0,1.28
2022-09-12,Cabai Merah Besar,7,1,-1.28,0.0,1.28
2022-09-12,Cabai Merah Besar,7,2,-1.28,0.0,1.28
2022-09-12,Cabai Merah Besar,7,3,-1.28,0.0,1.28
2022-09-12,Cabai Merah Besar,14,1,-1.28,0.0,1.28
2022-09-12,Cabai Merah Besar,14,2,-1.28,0.0,1.28
2022-09-12,Cabai Merah Besar,14,3,-1.28,0.0,1.28
2022-09-19,Cabai Merah Besar,7,1,-1.28,0.0,1.28
2022-09-19,Cabai Merah Besar,7,2,-1.28,0.0,1.28
2022-09-19,Cabai Merah Besar,7,3,-1.28,0.0,1.28
2022-09-19,Cabai Merah Besar,14,1,-1.28,0.0,1.28
2022-09-19,Cabai Merah Besar,14,2,-1.28,0.0,1.28
2022-09-19,Cabai Merah Besar,14,3,-1.28,0.0,1.28
2022-09-26,Cabai Merah Besar,7,1,-1.28,0.0,1.28
2022-09-26,Cabai Merah Besar,7,2,-1.28,0.0,1.28
2022-09-26,Cabai Merah Besar,7,3,-1.28,0.0,1.28
2022-09-26,Cabai Merah Besar,14,1,-1.28,0.0,1.28
2022-09-26,Cabai Merah Besar,14,2,-1.28,0.0,1.28
2022-09-26,Cabai Merah Besar,14,3,-1.28,0.0,1.28
2022-10-03,Cabai Merah Besar,7,1,-1.28,0.0,1.28
2022-10-03,Cabai Merah Besar,7,2,-1.28,0.0,1.28
2022-10-03,Cabai Merah Besar,7,3,-1.28,0.0,1.28
2022-10-03,Cabai Merah Besar,14,1,-1.28,0.0,1.28
2022-10-03,Cabai Merah Besar,14,2,-1.28,0.0,1.28
2022-10-03,Cabai Merah Besar,14,3,-1.28,0.0,1.28
2022-10-10,Cabai Merah Besar,7,1,-1.28,0.0,1.28
2022-10-10,Cabai Merah Besar,7,2,-1.28,0.0,1.28
2022-10-10,Cabai Merah Besar,7,3,-1.28,0.0,1.28
2022-10-10,Cabai Merah Besar,14,1,-1.28,0.0,1.28
2022-10-10,Cabai Merah Besar,14,2,-1.28,0.0,1.28
2022-10-10,Cabai Merah Besar,14,3,-1.28,0.0,1.28
2022-10-31,Cabai Merah Besar,7,1,-1.28,0.0,1.28
2022-10-31,Cabai Merah Besar,7,2,-1.28,0.0,1.28
2022-10-31,Cabai Merah Besar,7,3,-1.28,0.0,1.28
2022-10-31,Cabai Merah Besar,14,1,-1.28,0.0,1.28
2022-10-31,Cabai Merah Besar,14,2,-1.28,0.0,1.28
2022-10-31,Cabai Merah Besar,14,3,-1.28,0.0,1.28
2022-11-07,Cabai Merah Besar,7,1,-1.28,0.0,1.28
2022-11-07,Cabai Merah Besar,7,2,-1.28,0.0,1.28
2022-11-07,Cabai Merah Besar,7,3,-1.28,0.0,1.28
2022-11-07,Cabai Merah Besar,14,1,-1.28,0.0,1.28
2022-11-07,Cabai Merah Besar,14,2,-1.28,0.0,1.28
2022-11-07,Cabai Merah Besar,14,3,-1.28,0.0,1.28
2022-11-14,Cabai Merah Besar,7,1,-1.28,0.0,1.28
2022-11-14,Cabai Merah Besar,7,2,-1.28,0.0,1.28
2022-11-14,Cabai Merah Besar,7,3,-1.28,0.0,1.28
2022-11-14,Cabai Merah Besar,14,1,-1.28,0.0,1.28
2022-11-14,Cabai Merah Besar,14,2,-1.28,0.0,1.28
2022-11-14,Cabai Merah Besar,14,3,-1.28,0.0,1.28
2022-11-21,Cabai Merah Besar,7,1,-1.28,0.0,1.28
2022-11-21,Cabai Merah Besar,7,2,-1.28,0.0,1.28
2022-11-21,Cabai Merah Besar,7,3,-1.28,0.0,1.28
2022-11-21,Cabai Merah Besar,14,1,-1.28,0.0,1.28
2022-11-21,Cabai Merah Besar,14,2,-1.28,0.0,1.28
2022-11-21,Cabai Merah Besar,14,3,-1.28,0.0,1.28
2022-11-28,Cabai Merah Besar,7,1,-1.28,0.0,1.28
2022-11-28,Cabai Merah Besar,7,2,-1.28,0.0,1.28
2022-11-28,Cabai Merah Besar,7,3,-1.28,0.0,1.28
2022-11-28,Cabai Merah Besar,14,1,-1.28,0.0,1.28
2022-11-28,Cabai Merah Besar,14,2,-1.28,0.0,1.28
2022-11-28,Cabai Merah Besar,14,3,-1.28,0.0,1.28
2022-12-05,Cabai Merah Besar,7,1,-1.28,0.0,1.28
2022-12-05,Cabai Merah Besar,7,2,-1.28,0.0,1.28
2022-12-05,Cabai Merah Besar,7,3,-1.28,0.0,1.28
2022-12-05,Cabai Merah Besar,14,1,-1.28,0.0,1.28
2022-12-05,Cabai Merah Besar,14,2,-1.28,0.0,1.28
2022-12-05,Cabai Merah Besar,14,3,-1.28,0.0,1.28
2022-12-12,Cabai Merah Besar,7,1,-1.28,0.0,1.28
2022-12-12,Cabai Merah Besar,7,2,-1.28,0.0,1.28
2022-12-12,Cabai Merah Besar,7,3,-1.28,0.0,1.28
2022-12-12,Cabai Merah Besar,14,1,-1.28,0.0,1.28
2022-12-12,Cabai Merah Besar,14,2,-1.28,0.0,1.28
2022-12-12,Cabai Merah Besar,14,3,-1.28,0.0,1.28
2022-12-19,Cabai Merah Besar,7,1,-1.28,0.0,1.28
2022-12-19,Cabai Merah Besar,7,2,-1.28,0.0,1.28
2022-12-19,Cabai Merah Besar,7,3,-1.28,0.0,1.28
2022-12-19,Cabai Merah Besar,14,1,-1.28,0.0,1.28
2022-12-19,Cabai Merah Besar,14,2,-1.28,0.0,1.28
2022-12-19,Cabai Merah Besar,14,3,-1.28,0.0,1.28
2022-12-26,Cabai Merah Besar,7,1,-1.28,0.0,1.28
2022-12-26,Cabai Merah Besar,7,2,-1.28,0.0,1.28
2022-12-26,Cabai Merah Besar,7,3,-1.28,0.0,1.28
2022-12-26,Cabai Merah Besar,14,1,-1.28,0.0,1.28
2022-12-26,Cabai Merah Besar,14,2,-1.28,0.0,1.28
2022-12-26,Cabai Merah Besar,14,3,-1.28,0.0,1.28
2023-01-02,Cabai Merah Besar,7,1,-1.28,0.0,1.28
2023-01-02,Cabai Merah Besar,7,2,-1.28,0.0,1.28
2023-01-02,Cabai Merah Besar,7,3,-1.28,0.0,1.28
2023-01-02,Cabai Merah Besar,14,1,-1.28,0.0,1.28
2023-01-02,Cabai Merah Besar,14,2,-1.28,0.0,1.28
2023-01-02,Cabai Merah Besar,14,3,-1.28,0.0,1.28
2023-01-09,Cabai Merah Besar,7,1,-1.28,0.0,1.28
2023-01-09,Cabai Merah Besar,7,2,-1.28,0.0,1.28
2023-01-09,Cabai Merah Besar,7,3,-1.28,0.0,1.28
2023-01-09,Cabai Merah Besar,14,1,-1.28,0.0,1.28
2023-01-09,Cabai Merah Besar,14,2,-1.28,0.0,1.28
2023-01-09,Cabai Merah Besar,14,3,-1.28,0.0,1.28
2023-01-16,Cabai Merah Besar,7,1,-1.28,0.0,1.28
2023-01-16,Cabai Merah Besar,7,2,-1.28,0.0,1.28
2023-01-16,Cabai Merah Besar,7,3,-1.28,0.0,1.28
2023-01-16,Cabai Merah Besar,14,1,-1.28,0.0,1.28
2023-01-16,Cabai Merah Besar,14,2,-1.28,0.0,1.28
2023-01-16,Cabai Merah Besar,14,3,-1.28,0.0,1.28
2023-01-23,Cabai Merah Besar,7,1,-1.28,0.0,1.28
2023-01-23,Cabai Merah Besar,7,2,-1.28,0.0,1.28
2023-01-23,Cabai Merah Besar,7,3,-1.28,0.0,1.28
2023-01-23,Cabai Merah Besar,14,1,-1.28,0.0,1.28
2023-01-23,Cabai Merah Besar,14,2,-1.28,0.0,1.28
2023-01-23,Cabai Merah Besar,14,3,-1.28,0.0,1.28
2023-01-30,Cabai Merah Besar,7,1,-1.28,0.0,1.28
2023-01-30,Cabai Merah Besar,7,2,-1.28,0.0,1.28
2023-01-30,Cabai Merah Besar,7,3,-1.28,0.0,1.28
2023-01-30,Cabai Merah Besar,14,1,-1.28,0.0,1.28
2023-01-30,Cabai Merah Besar,14,2,-1.28,0.0,1.28
2023-01-30,Cabai Merah Besar,14,3,-1.28,0.0,1.28
2023-02-06,Cabai Merah Besar,7,1,-1.28,0.0,1.28
2023-02-06,Cabai Merah Besar,7,2,-1.28,0.0,1.28
2023-02-06,Cabai Merah Besar,7,3,-1.28,0.0,1.28
2023-02-06,Cabai Merah Besar,14,1,-1.28,0.0,1.28
2023-02-06,Cabai Merah Besar,14,2,-1.28,0.0,1.28
2023-02-06,Cabai Merah Besar,14,3,-1.28,0.0,1.28
2023-02-20,Cabai Merah Besar,7,1,-1.28,0.0,1.28
2023-02-20,Cabai Merah Besar,7,2,-1.28,0.0,1.28
2023-02-20,Cabai Merah Besar,7,3,-1.28,0.0,1.28
2023-02-20,Cabai Merah Besar,14,1,-1.28,0.0,1.28
2023-02-20,Cabai Merah Besar,14,2,-1.28,0.0,1.28
2023-02-20,Cabai Merah Besar,14,3,-1.28,0.0,1.28
2023-02-27,Cabai Merah Besar,7,1,-1.28,0.0,1.28
2023-02-27,Cabai Merah Besar,7,2,-1.28,0.0,1.28
2023-02-27,Cabai Merah Besar,7,3,-1.28,0.0,1.28
2023-02-27,Cabai Merah Besar,14,1,-1.28,0.0,1.28
2023-02-27,Cabai Merah Besar,14,2,-1.28,0.0,1.28
2023-02-27,Cabai Merah Besar,14,3,-1.28,0.0,1.28
2023-03-06,Cabai Merah Besar,7,1,-1.28,0.0,1.28
2023-03-06,Cabai Merah Besar,7,2,-1.28,0.0,1.28
2023-03-06,Cabai Merah Besar,7,3,-1.28,0.0,1.28
2023-03-06,Cabai Merah Besar,14,1,-1.28,0.0,1.28
2023-03-06,Cabai Merah Besar,14,2,-1.28,0.0,1.28
2023-03-06,Cabai Merah Besar,14,3,-1.28,0.0,1.28
2023-03-13,Cabai Merah Besar,7,1,-1.28,0.0,1.28
2023-03-13,Cabai Merah Besar,7,2,-1.28,0.0,1.28
2023-03-13,Cabai Merah Besar,7,3,-1.28,0.0,1.28
2023-03-13,Cabai Merah Besar,14,1,-1.28,0.0,1.28
2023-03-13,Cabai Merah Besar,14,2,-1.28,0.0,1.28
2023-03-13,Cabai Merah Besar,14,3,-1.28,0.0,1.28
2023-03-20,Cabai Merah Besar,7,1,-1.28,0.0,1.28
2023-03-20,Cabai Merah Besar,7,2,-1.28,0.0,1.28
2023-03-20,Cabai Merah Besar,7,3,-1.28,0.0,1.28
2023-03-20,Cabai Merah Besar,14,1,-1.28,0.0,1.28
2023-03-20,Cabai Merah Besar,14,2,-1.28,0.0,1.28
2023-03-20,Cabai Merah Besar,14,3,-1.28,0.0,1.28
2023-03-27,Cabai Merah Besar,7,1,-1.28,0.0,1.28
2023-03-27,Cabai Merah Besar,7,2,-1.28,0.0,1.28
2023-03-27,Cabai Merah Besar,7,3,-1.28,0.0,1.28
2023-03-27,Cabai Merah Besar,14,1,-1.28,0.0,1.28
2023-03-27,Cabai Merah Besar,14,2,-1.28,0.0,1.28
2023-03-27,Cabai Merah Besar,14,3,-1.28,0.0,1.28
2023-04-03,Cabai Merah Besar,7,1,-1.28,0.0,1.28
2023-04-03,Cabai Merah Besar,7,2,-1.28,0.0,1.28
2023-04-03,Cabai Merah Besar,7,3,-1.28,0.0,1.28
2023-04-03,Cabai Merah Besar,14,1,-1.28,0.0,1.28
2023-04-03,Cabai Merah Besar,14,2,-1.28,0.0,1.28
2023-04-03,Cabai Merah Besar,14,3,-1.28,0.0,1.28
2023-04-10,Cabai Merah Besar,7,1,-1.28,0.0,1.28
2023-04-10,Cabai Merah Besar,7,2,-1.28,0.0,1.28
2023-04-10,Cabai Merah Besar,7,3,-1.28,0.0,1.28
2023-04-10,Cabai Merah Besar,14,1,-1.28,0.0,1.28
2023-04-10,Cabai Merah Besar,14,2,-1.28,0.0,1.28
2023-04-10,Cabai Merah Besar,14,3,-1.28,0.0,1.28
2023-04-17,Cabai Merah Besar,7,1,-1.28,0.0,1.28
2023-04-17,Cabai Merah Besar,7,2,-1.28,0.0,1.28
2023-04-17,Cabai Merah Besar,7,3,-1.28,0.0,1.28
2023-04-17,Cabai Merah Besar,14,1,-1.28,0.0,1.28
2023-04-17,Cabai Merah Besar,14,2,-1.28,0.0,1.28
2023-04-17,Cabai Merah Besar,14,3,-1.28,0.0,1.28
2023-04-24,Cabai Merah Besar,7,1,-1.28,0.0,1.28
2023-04-24,Cabai Merah Besar,7,2,-1.28,0.0,1.28
2023-04-24,Cabai Merah Besar,7,3,-1.28,0.0,1.28
2023-04-24,Cabai Merah Besar,14,1,-1.28,0.0,1.28
2023-04-24,Cabai Merah Besar,14,2,-1.28,0.0,1.28
2023-04-24,Cabai Merah Besar,14,3,-1.28,0.0,1.28
2023-05-01,Cabai Merah Besar,7,1,-1.28,0.0,1.28
2023-05-01,Cabai Merah Besar,7,2,-1.28,0.0,1.28
2023-05-01,Cabai Merah Besar,7,3,-1.28,0.0,1.28
2023-05-01,Cabai Merah Besar,14,1,-1.28,0.0,1.28
2023-05-01,Cabai Merah Besar,14,2,-1.28,0.0,1.28
2023-05-01,Cabai Merah Besar,14,3,-1.28,0.0,1.28
2023-05-08,Cabai Merah Besar,7,1,-1.28,0.0,1.28
2023-05-08,Cabai Merah Besar,7,2,-1.28,0.0,1.28
2023-05-08,Cabai Merah Besar,7,3,-1.28,0.0,1.28
2023-05-08,Cabai Merah Besar,14,1,-1.28,0.0,1.28
2023-05-08,Cabai Merah Besar,14,2,-1.28,0.0,1.28
2023-05-08,Cabai Merah Besar,14,3,-1.28,0.0,1.28
2023-05-15,Cabai Merah Besar,7,1,-1.28,0.0,1.28
2023-05-15,Cabai Merah Besar,7,2,-1.28,0.0,1.28
2023-05-15,Cabai Merah Besar,7,3,-1.28,0.0,1.28
2023-05-15,Cabai Merah Besar,14,1,-1.28,0.0,1.28
2023-05-15,Cabai Merah Besar,14,2,-1.28,0.0,1.28
2023-05-15,Cabai Merah Besar,14,3,-1.28,0.0,1.28
2023-05-29,Cabai Merah Besar,7,1,-1.28,0.0,1.28
2023-05-29,Cabai Merah Besar,7,2,-1.28,0.0,1.28
2023-05-29,Cabai Merah Besar,7,3,-1.28,0.0,1.28
2023-05-29,Cabai Merah Besar,14,1,-1.28,0.0,1.28
2023-05-29,Cabai Merah Besar,14,2,-1.28,0.0,1.28
2023-05-29,Cabai Merah Besar,14,3,-1.28,0.0,1.28
2023-06-05,Cabai Merah Besar,7,1,-1.28,0.0,1.28
2023-06-05,Cabai Merah Besar,7,2,-1.28,0.0,1.28
2023-06-05,Cabai Merah Besar,7,3,-1.28,0.0,1.28
2023-06-05,Cabai Merah Besar,14,1,-1.28,0.0,1.28
2023-06-05,Cabai Merah Besar,14,2,-1.28,0.0,1.28
2023-06-05,Cabai Merah Besar,14,3,-1.28,0.0,1.28
2023-06-12,Cabai Merah Besar,7,1,-1.28,0.0,1.28
2023-06-12,Cabai Merah Besar,7,2,-1.28,0.0,1.28
2023-06-12,Cabai Merah Besar,7,3,-1.28,0.0,1.28
2023-06-12,Cabai Merah Besar,14,1,-1.28,0.0,1.28
2023-06-12,Cabai Merah Besar,14,2,-1.28,0.0,1.28
2023-06-12,Cabai Merah Besar,14,3,-1.28,0.0,1.28
2023-06-19,Cabai Merah Besar,7,1,-1.28,0.0,1.28
2023-06-19,Cabai Merah Besar,7,2,-1.28,0.0,1.28
2023-06-19,Cabai Merah Besar,7,3,-1.28,0.0,1.28
2023-06-19,Cabai Merah Besar,14,1,-1.28,0.0,1.28
2023-06-19,Cabai Merah Besar,14,2,-1.28,0.0,1.28
2023-06-19,Cabai Merah Besar,14,3,-1.28,0.0,1.28
2023-06-26,Cabai Merah Besar,7,1,-1.28,0.0,1.28
2023-06-26,Cabai Merah Besar,7,2,-1.28,0.0,1.28
2023-06-26,Cabai Merah Besar,7,3,-1.28,0.0,1.28
2023-06-26,Cabai Merah Besar,14,1,-1.28,0.0,1.28
2023-06-26,Cabai Merah Besar,14,2,-1.28,0.0,1.28
2023-06-26,Cabai Merah Besar,14,3,-1.28,0.0,1.28
2023-07-03,Cabai Merah Besar,7,1,-1.28,0.0,1.28
2023-07-03,Cabai Merah Besar,7,2,-1.28,0.0,1.28
2023-07-03,Cabai Merah Besar,7,3,-1.28,0.0,1.28
2023-07-03,Cabai Merah Besar,14,1,-1.28,0.0,1.28
2023-07-03,Cabai Merah Besar,14,2,-1.28,0.0,1.28
2023-07-03,Cabai Merah Besar,14,3,-1.28,0.0,1.28
2023-07-10,Cabai Merah Besar,7,1,-1.28,0.0,1.28
2023-07-10,Cabai Merah Besar,7,2,-1.28,0.0,1.28
2023-07-10,Cabai Merah Besar,7,3,-1.28,0.0,1.28
2023-07-10,Cabai Merah Besar,14,1,-1.28,0.0,1.28
2023-07-10,Cabai Merah Besar,14,2,-1.28,0.0,1.28
2023-07-10,Cabai Merah Besar,14,3,-1.28,0.0,1.28
2023-07-17,Cabai Merah Besar,7,1,-1.28,0.0,1.28
2023-07-17,Cabai Merah Besar,7,2,-1.28,0.0,1.28
2023-07-17,Cabai Merah Besar,7,3,-1.28,0.0,1.28
2023-07-17,Cabai Merah Besar,14,1,-1.28,0.0,1.28
2023-07-17,Cabai Merah Besar,14,2,-1.28,0.0,1.28
2023-07-17,Cabai Merah Besar,14,3,-1.28,0.0,1.28
2023-07-24,Cabai Merah Besar,7,1,-1.28,0.0,1.28
2023-07-24,Cabai Merah Besar,7,2,-1.28,0.0,1.28
2023-07-24,Cabai Merah Besar,7,3,-1.28,0.0,1.28
2023-07-24,Cabai Merah Besar,14,1,-1.28,0.0,1.28
2023-07-24,Cabai Merah Besar,14,2,-1.28,0.0,1.28
2023-07-24,Cabai Merah Besar,14,3,-1.28,0.0,1.28
2023-07-31,Cabai Merah Besar,7,1,-1.28,0.0,1.28
2023-07-31,Cabai Merah Besar,7,2,-1.28,0.0,1.28
2023-07-31,Cabai Merah Besar,7,3,-1.28,0.0,1.28
2023-07-31,Cabai Merah Besar,14,1,-1.28,0.0,1.28
2023-07-31,Cabai Merah Besar,14,2,-1.28,0.0,1.28
2023-07-31,Cabai Merah Besar,14,3,-1.28,0.0,1.28
2023-08-07,Cabai Merah Besar,7,1,-1.28,0.0,1.28
2023-08-07,Cabai Merah Besar,7,2,-1.28,0.0,1.28
2023-08-07,Cabai Merah Besar,7,3,-1.28,0.0,1.28
2023-08-07,Cabai Merah Besar,14,1,-1.28,0.0,1.28
2023-08-07,Cabai Merah Besar,14,2,-1.28,0.0,1.28
2023-08-07,Cabai Merah Besar,14,3,-1.28,0.0,1.28
2023-08-14,Cabai Merah Besar,7,1,-1.28,0.0,1.28
2023-08-14,Cabai Merah Besar,7,2,-1.28,0.0,1.28
2023-08-14,Cabai Merah Besar,7,3,-1.28,0.0,1.28
2023-08-14,Cabai Merah Besar,14,1,-1.28,0.0,1.28
2023-08-14,Cabai Merah Besar,14,2,-1.28,0.0,1.28
2023-08-14,Cabai Merah Besar,14,3,-1.28,0.0,1.28
2023-08-21,Cabai Merah Besar,7,1,-1.28,0.0,1.28
2023-08-21,Cabai Merah Besar,7,2,-1.28,0.0,1.28
2023-08-21,Cabai Merah Besar,7,3,-1.28,0.0,1.28
2023-08-21,Cabai Merah Besar,14,1,-1.28,0.0,1.28
2023-08-21,Cabai Merah Besar,14,2,-1.28,0.0,1.28
2023-08-21,Cabai Merah Besar,14,3,-1.28,0.0,1.28
2023-09-04,Cabai Merah Besar,7,1,-1.28,0.0,1.28
2023-09-04,Cabai Merah Besar,7,2,-1.28,0.0,1.28
2023-09-04,Cabai Merah Besar,7,3,-1.28,0.0,1.28
2023-09-04,Cabai Merah Besar,14,1,-1.28,0.0,1.28
2023-09-04,Cabai Merah Besar,14,2,-1.28,0.0,1.28
2023-09-04,Cabai Merah Besar,14,3,-1.28,0.0,1.28
2023-09-11,Cabai Merah Besar,7,1,-1.28,0.0,1.28
2023-09-11,Cabai Merah Besar,7,2,-1.28,0.0,1.28
2023-09-11,Cabai Merah Besar,7,3,-1.28,0.0,1.28
2023-09-11,Cabai Merah Besar,14,1,-1.28,0.0,1.28
2023-09-11,Cabai Merah Besar,14,2,-1.28,0.0,1.28
2023-09-11,Cabai Merah Besar,14,3,-1.28,0.0,1.28
2023-09-18,Cabai Merah Besar,7,1,-1.28,0.0,1.28
2023-09-18,Cabai Merah Besar,7,2,-1.28,0.0,1.28
2023-09-18,Cabai Merah Besar,7,3,-1.28,0.0,1.28
2023-09-18,Cabai Merah Besar,14,1,-1.28,0.0,1.28
2023-09-18,Cabai Merah Besar,14,2,-1.28,0.0,1.28
2023-09-18,Cabai Merah Besar,14,3,-1.28,0.0,1.28
2023-09-25,Cabai Merah Besar,7,1,-1.28,0.0,1.28
2023-09-25,Cabai Merah Besar,7,2,-1.28,0.0,1.28
2023-09-25,Cabai Merah Besar,7,3,-1.28,0.0,1.28
2023-09-25,Cabai Merah Besar,14,1,-1.28,0.0,1.28
2023-09-25,Cabai Merah Besar,14,2,-1.28,0.0,1.28
2023-09-25,Cabai Merah Besar,14,3,-1.28,0.0,1.28
2023-10-02,Cabai Merah Besar,7,1,-1.28,0.0,1.28
2023-10-02,Cabai Merah Besar,7,2,-1.28,0.0,1.28
2023-10-02,Cabai Merah Besar,7,3,-1.28,0.0,1.28
2023-10-02,Cabai Merah Besar,14,1,-1.28,0.0,1.28
2023-10-02,Cabai Merah Besar,14,2,-1.28,0.0,1.28
2023-10-02,Cabai Merah Besar,14,3,-1.28,0.0,1.28
2023-10-09,Cabai Merah Besar,7,1,-1.28,0.0,1.28
2023-10-09,Cabai Merah Besar,7,2,-1.28,0.0,1.28
2023-10-09,Cabai Merah Besar,7,3,-1.28,0.0,1.28
2023-10-09,Cabai Merah Besar,14,1,-1.28,0.0,1.28
2023-10-09,Cabai Merah Besar,14,2,-1.28,0.0,1.28
2023-10-09,Cabai Merah Besar,14,3,-1.28,0.0,1.28
2023-10-16,Cabai Merah Besar,7,1,-1.28,0.0,1.28
2023-10-16,Cabai Merah Besar,7,2,-1.28,0.0,1.28
2023-10-16,Cabai Merah Besar,7,3,-1.28,0.0,1.28
2023-10-16,Cabai Merah Besar,14,1,-1.28,0.0,1.28
2023-10-16,Cabai Merah Besar,14,2,-1.28,0.0,1.28
2023-10-16,Cabai Merah Besar,14,3,-1.28,0.0,1.28
2023-10-23,Cabai Merah Besar,7,1,-1.28,0.0,1.28
2023-10-23,Cabai Merah Besar,7,2,-1.28,0.0,1.28
2023-10-23,Cabai Merah Besar,7,3,-1.28,0.0,1.28
2023-10-23,Cabai Merah Besar,14,1,-1.28,0.0,1.28
2023-10-23,Cabai Merah Besar,14,2,-1.28,0.0,1.28
2023-10-23,Cabai Merah Besar,14,3,-1.28,0.0,1.28
2023-10-30,Cabai Merah Besar,7,1,-1.28,0.0,1.28
2023-10-30,Cabai Merah Besar,7,2,-1.28,0.0,1.28
2023-10-30,Cabai Merah Besar,7,3,-1.28,0.0,1.28
2023-10-30,Cabai Merah Besar,14,1,-1.28,0.0,1.28
2023-10-30,Cabai Merah Besar,14,2,-1.28,0.0,1.28
2023-10-30,Cabai Merah Besar,14,3,-1.28,0.0,1.28
2023-11-06,Cabai Merah Besar,7,1,-1.28,0.0,1.28
2023-11-06,Cabai Merah Besar,7,2,-1.28,0.0,1.28
2023-11-06,Cabai Merah Besar,7,3,-1.28,0.0,1.28
2023-11-06,Cabai Merah Besar,14,1,-1.28,0.0,1.28
2023-11-06,Cabai Merah Besar,14,2,-1.28,0.0,1.28
2023-11-06,Cabai Merah Besar,14,3,-1.28,0.0,1.28
2023-11-13,Cabai Merah Besar,7,1,-1.28,0.0,1.28
2023-11-13,Cabai Merah Besar,7,2,-1.28,0.0,1.28
2023-11-13,Cabai Merah Besar,7,3,-1.28,0.0,1.28
2023-11-13,Cabai Merah Besar,14,1,-1.28,0.0,1.28
2023-11-13,Cabai Merah Besar,14,2,-1.28,0.0,1.28
2023-11-13,Cabai Merah Besar,14,3,-1.28,0.0,1.28
2023-11-20,Cabai Merah Besar,7,1,-1.28,0.0,1.28
2023-11-20,Cabai Merah Besar,7,2,-1.28,0.0,1.28
2023-11-20,Cabai Merah Besar,7,3,-1.28,0.0,1.28
2023-11-20,Cabai Merah Besar,14,1,-1.28,0.0,1.28
2023-11-20,Cabai Merah Besar,14,2,-1.28,0.0,1.28
2023-11-20,Cabai Merah Besar,14,3,-1.28,0.0,1.28
2023-11-27,Cabai Merah Besar,7,1,-1.28,0.0,1.28
2023-11-27,Cabai Merah Besar,7,2,-1.28,0.0,1.28
2023-11-27,Cabai Merah Besar,7,3,-1.28,0.0,1.28
2023-11-27,Cabai Merah Besar,14,1,-1.28,0.0,1.28
2023-11-27,Cabai Merah Besar,14,2,-1.28,0.0,1.28
2023-11-27,Cabai Merah Besar,14,3,-1.28,0.0,1.28
2023-12-04,Cabai Merah Besar,7,1,-1.28,0.0,1.28
2023-12-04,Cabai Merah Besar,7,2,-1.28,0.0,1.28
2023-12-04,Cabai Merah Besar,7,3,-1.28,0.0,1.28
2023-12-04,Cabai Merah Besar,14,1,-1.28,0.0,1.28
2023-12-04,Cabai Merah Besar,14,2,-1.28,0.0,1.28
2023-12-04,Cabai Merah Besar,14,3,-1.28,0.0,1.28
2023-12-11,Cabai Merah Besar,7,1,-1.28,0.0,1.28
2023-12-11,Cabai Merah Besar,7,2,-1.28,0.0,1.28
2023-12-11,Cabai Merah Besar,7,3,-1.28,0.0,1.28
2023-12-11,Cabai Merah Besar,14,1,-1.28,0.0,1.28
2023-12-11,Cabai Merah Besar,14,2,-1.28,0.0,1.28
2023-12-11,Cabai Merah Besar,14,3,-1.28,0.0,1.28
2023-12-18,Cabai Merah Besar,7,1,-1.28,0.0,1.28
2023-12-18,Cabai Merah Besar,7,2,-1.28,0.0,1.28
2023-12-18,Cabai Merah Besar,7,3,-1.28,0.0,1.28
2023-12-18,Cabai Merah Besar,14,1,-1.28,0.0,1.28
2023-12-18,Cabai Merah Besar,14,2,-1.28,0.0,1.28
2023-12-18,Cabai Merah Besar,14,3,-1.28,0.0,1.28
2023-12-25,Cabai Merah Besar,7,1,-1.28,0.0,1.28
2023-12-25,Cabai Merah Besar,7,2,-1.28,0.0,1.28
2023-12-25,Cabai Merah Besar,7,3,-1.28,0.0,1.28
2023-12-25,Cabai Merah Besar,14,1,-1.28,0.0,1.28
2023-12-25,Cabai Merah Besar,14,2,-1.28,0.0,1.28
2023-12-25,Cabai Merah Besar,14,3,-1.28,0.0,1.28
2024-01-01,Cabai Merah Besar,7,1,-1.28,0.0,1.28
2024-01-01,Cabai Merah Besar,7,2,-1.28,0.0,1.28
2024-01-01,Cabai Merah Besar,7,3,-1.28,0.0,1.28
2024-01-01,Cabai Merah Besar,14,1,-1.28,0.0,1.28
2024-01-01,Cabai Merah Besar,14,2,-1.28,0.0,1.28
2024-01-01,Cabai Merah Besar,14,3,-1.28,0.0,1.28
2024-01-08,Cabai Merah Besar,7,1,-1.28,0.0,1.28
2024-01-08,Cabai Merah Besar,7,2,-1.28,0.0,1.28
2024-01-08,Cabai Merah Besar,7,3,-1.28,0.0,1.28
2024-01-08,Cabai Merah Besar,14,1,-1.28,0.0,1.28
2024-01-08,Cabai Merah Besar,14,2,-1.28,0.0,1.28
2024-01-08,Cabai Merah Besar,14,3,-1.28,0.0,1.28
2024-01-15,Cabai Merah Besar,7,1,-1.28,0.0,1.28
2024-01-15,Cabai Merah Besar,7,2,-1.28,0.0,1.28
2024-01-15,Cabai Merah Besar,7,3,-1.28,0.0,1.28
2024-01-15,Cabai Merah Besar,14,1,-1.28,0.0,1.28
2024-01-15,Cabai Merah Besar,14,2,-1.28,0.0,1.28
2024-01-15,Cabai Merah Besar,14,3,-1.28,0.0,1.28
2024-01-22,Cabai Merah Besar,7,1,-1.28,0.0,1.28
2024-01-22,Cabai Merah Besar,7,2,-1.28,0.0,1.28
2024-01-22,Cabai Merah Besar,7,3,-1.28,0.0,1.28
2024-01-22,Cabai Merah Besar,14,1,-1.28,0.0,1.28
2024-01-22,Cabai Merah Besar,14,2,-1.28,0.0,1.28
2024-01-22,Cabai Merah Besar,14,3,-1.28,0.0,1.28
2024-01-29,Cabai Merah Besar,7,1,-1.28,0.0,1.28
2024-01-29,Cabai Merah Besar,7,2,-1.28,0.0,1.28
2024-01-29,Cabai Merah Besar,7,3,-1.28,0.0,1.28
2024-01-29,Cabai Merah Besar,14,1,-1.28,0.0,1.28
2024-01-29,Cabai Merah Besar,14,2,-1.28,0.0,1.28
2024-01-29,Cabai Merah Besar,14,3,-1.28,0.0,1.28
2024-02-05,Cabai Merah Besar,7,1,-1.28,0.0,1.28
2024-02-05,Cabai Merah Besar,7,2,-1.28,0.0,1.28
2024-02-05,Cabai Merah Besar,7,3,-1.28,0.0,1.28
2024-02-05,Cabai Merah Besar,14,1,-1.28,0.0,1.28
2024-02-05,Cabai Merah Besar,14,2,-1.28,0.0,1.28
2024-02-05,Cabai Merah Besar,14,3,-1.28,0.0,1.28
2024-02-12,Cabai Merah Besar,7,1,-1.28,0.0,1.28
2024-02-12,Cabai Merah Besar,7,2,-1.28,0.0,1.28
2024-02-12,Cabai Merah Besar,7,3,-1.28,0.0,1.28
2024-02-12,Cabai Merah Besar,14,1,-1.28,0.0,1.28
2024-02-12,Cabai Merah Besar,14,2,-1.28,0.0,1.28
2024-02-12,Cabai Merah Besar,14,3,-1.28,0.0,1.28
2024-02-19,Cabai Merah Besar,7,1,-1.28,0.0,1.28
2024-02-19,Cabai Merah Besar,7,2,-1.28,0.0,1.28
2024-02-19,Cabai Merah Besar,7,3,-1.28,0.0,1.28
2024-02-19,Cabai Merah Besar,14,1,-1.28,0.0,1.28
2024-02-19,Cabai Merah Besar,14,2,-1.28,0.0,1.28
2024-02-19,Cabai Merah Besar,14,3,-1.28,0.0,1.28
2024-02-26,Cabai Merah Besar,7,1,-1.28,0.0,1.28
2024-02-26,Cabai Merah Besar,7,2,-1.28,0.0,1.28
2024-02-26,Cabai Merah Besar,7,3,-1.28,0.0,1.28
2024-02-26,Cabai Merah Besar,14,1,-1.28,0.0,1.28
2024-02-26,Cabai Merah Besar,14,2,-1.28,0.0,1.28
2024-02-26,Cabai Merah Besar,14,3,-1.28,0.0,1.28
2024-03-04,Cabai Merah Besar,7,1,-1.28,0.0,1.28
2024-03-04,Cabai Merah Besar,7,2,-1.28,0.0,1.28
2024-03-04,Cabai Merah Besar,7,3,-1.28,0.0,1.28
2024-03-04,Cabai Merah Besar,14,1,-1.28,0.0,1.28
2024-03-04,Cabai Merah Besar,14,2,-1.28,0.0,1.28
2024-03-04,Cabai Merah Besar,14,3,-1.28,0.0,1.28
2024-03-11,Cabai Merah Besar,7,1,-1.28,0.0,1.28
2024-03-11,Cabai Merah Besar,7,2,-1.28,0.0,1.28
2024-03-11,Cabai Merah Besar,7,3,-1.28,0.0,1.28
2024-03-11,Cabai Merah Besar,14,1,-1.28,0.0,1.28
2024-03-11,Cabai Merah Besar,14,2,-1.28,0.0,1.28
2024-03-11,Cabai Merah Besar,14,3,-1.28,0.0,1.28
2024-03-18,Cabai Merah Besar,7,1,-1.28,0.0,1.28
2024-03-18,Cabai Merah Besar,7,2,-1.28,0.0,1.28
2024-03-18,Cabai Merah Besar,7,3,-1.28,0.0,1.28
2024-03-18,Cabai Merah Besar,14,1,-1.28,0.0,1.28
2024-03-18,Cabai Merah Besar,14,2,-1.28,0.0,1.28
2024-03-18,Cabai Merah Besar,14,3,-1.28,0.0,1.28
2024-03-25,Cabai Merah Besar,7,1,-1.28,0.0,1.28
2024-03-25,Cabai Merah Besar,7,2,-1.28,0.0,1.28
2024-03-25,Cabai Merah Besar,7,3,-1.28,0.0,1.28
2024-03-25,Cabai Merah Besar,14,1,-1.28,0.0,1.28
2024-03-25,Cabai Merah Besar,14,2,-1.28,0.0,1.28
2024-03-25,Cabai Merah Besar,14,3,-1.28,0.0,1.28
2024-04-01,Cabai Merah Besar,7,1,-1.28,0.0,1.28
2024-04-01,Cabai Merah Besar,7,2,-1.28,0.0,1.28
2024-04-01,Cabai Merah Besar,7,3,-1.28,0.0,1.28
2024-04-01,Cabai Merah Besar,14,1,-1.28,0.0,1.28
2024-04-01,Cabai Merah Besar,14,2,-1.28,0.0,1.28
2024-04-01,Cabai Merah Besar,14,3,-1.28,0.0,1.28
2024-04-08,Cabai Merah Besar,7,1,-1.28,0.0,1.28
2024-04-08,Cabai Merah Besar,7,2,-1.28,0.0,1.28
2024-04-08,Cabai Merah Besar,7,3,-1.28,0.0,1.28
2024-04-08,Cabai Merah Besar,14,1,-1.28,0.0,1.28
2024-04-08,Cabai Merah Besar,14,2,-1.28,0.0,1.28
2024-04-08,Cabai Merah Besar,14,3,-1.28,0.0,1.28
2024-04-15,Cabai Merah Besar,7,1,-1.28,0.0,1.28
2024-04-15,Cabai Merah Besar,7,2,-1.28,0.0,1.28
2024-04-15,Cabai Merah Besar,7,3,-1.28,0.0,1.28
2024-04-15,Cabai Merah Besar,14,1,-1.28,0.0,1.28
2024-04-15,Cabai Merah Besar,14,2,-1.28,0.0,1.28
2024-04-15,Cabai Merah Besar,14,3,-1.28,0.0,1.28
2024-04-22,Cabai Merah Besar,7,1,-1.28,0.0,1.28
2024-04-22,Cabai Merah Besar,7,2,-1.28,0.0,1.28
2024-04-22,Cabai Merah Besar,7,3,-1.28,0.0,1.28
2024-04-22,Cabai Merah Besar,14,1,-1.28,0.0,1.28
2024-04-22,Cabai Merah Besar,14,2,-1.28,0.0,1.28
2024-04-22,Cabai Merah Besar,14,3,-1.28,0.0,1.28
2024-04-29,Cabai Merah Besar,7,1,-1.28,0.0,1.28
2024-04-29,Cabai Merah Besar,7,2,-1.28,0.0,1.28
2024-04-29,Cabai Merah Besar,7,3,-1.28,0.0,1.28
2024-04-29,Cabai Merah Besar,14,1,-1.28,0.0,1.28
2024-04-29,Cabai Merah Besar,14,2,-1.28,0.0,1.28
2024-04-29,Cabai Merah Besar,14,3,-1.28,0.0,1.28
2024-05-06,Cabai Merah Besar,7,1,-1.28,0.0,1.28
2024-05-06,Cabai Merah Besar,7,2,-1.28,0.0,1.28
2024-05-06,Cabai Merah Besar,7,3,-1.28,0.0,1.28
2024-05-06,Cabai Merah Besar,14,1,-1.28,0.0,1.28
2024-05-06,Cabai Merah Besar,14,2,-1.28,0.0,1.28
2024-05-06,Cabai Merah Besar,14,3,-1.28,0.0,1.28
2024-05-13,Cabai Merah Besar,7,1,-1.28,0.0,1.28
2024-05-13,Cabai Merah Besar,7,2,-1.28,0.0,1.28
2024-05-13,Cabai Merah Besar,7,3,-1.28,0.0,1.28
2024-05-13,Cabai Merah Besar,14,1,-1.28,0.0,1.28
2024-05-13,Cabai Merah Besar,14,2,-1.28,0.0,1.28
2024-05-13,Cabai Merah Besar,14,3,-1.28,0.0,1.28
2024-05-20,Cabai Merah Besar,7,1,-1.28,0.0,1.28
2024-05-20,Cabai Merah Besar,7,2,-1.28,0.0,1.28
2024-05-20,Cabai Merah Besar,7,3,-1.28,0.0,1.28
2024-05-20,Cabai Merah Besar,14,1,-1.28,0.0,1.28
2024-05-20,Cabai Merah Besar,14,2,-1.28,0.0,1.28
2024-05-20,Cabai Merah Besar,14,3,-1.28,0.0,1.28
2024-05-27,Cabai Merah Besar,7,1,-1.28,0.0,1.28
2024-05-27,Cabai Merah Besar,7,2,-1.28,0.0,1.28
2024-05-27,Cabai Merah Besar,7,3,-1.28,0.0,1.28
2024-05-27,Cabai Merah Besar,14,1,-1.28,0.0,1.28
2024-05-27,Cabai Merah Besar,14,2,-1.28,0.0,1.28
2024-05-27,Cabai Merah Besar,14,3,-1.28,0.0,1.28
2024-06-03,Cabai Merah Besar,7,1,-1.28,0.0,1.28
2024-06-03,Cabai Merah Besar,7,2,-1.28,0.0,1.28
2024-06-03,Cabai Merah Besar,7,3,-1.28,0.0,1.28
2024-06-03,Cabai Merah Besar,14,1,-1.28,0.0,1.28
2024-06-03,Cabai Merah Besar,14,2,-1.28,0.0,1.28
2024-06-03,Cabai Merah Besar,14,3,-1.28,0.0,1.28
2024-06-10,Cabai Merah Besar,7,1,-1.28,0.0,1.28
2024-06-10,Cabai Merah Besar,7,2,-1.28,0.0,1.28
2024-06-10,Cabai Merah Besar,7,3,-1.28,0.0,1.28
2024-06-10,Cabai Merah Besar,14,1,-1.28,0.0,1.28
2024-06-10,Cabai Merah Besar,14,2,-1.28,0.0,1.28
2024-06-10,Cabai Merah Besar,14,3,-1.28,0.0,1.28
2024-06-17,Cabai Merah Besar,7,1,-1.28,0.0,1.28
2024-06-17,Cabai Merah Besar,7,2,-1.28,0.0,1.28
2024-06-17,Cabai Merah Besar,7,3,-1.28,0.0,1.28
2024-06-17,Cabai Merah Besar,14,1,-1.28,0.0,1.28
2024-06-17,Cabai Merah Besar,14,2,-1.28,0.0,1.28
2024-06-17,Cabai Merah Besar,14,3,-1.28,0.0,1.28
2024-06-24,Cabai Merah Besar,7,1,-1.28,0.0,1.28
2024-06-24,Cabai Merah Besar,7,2,-1.28,0.0,1.28
2024-06-24,Cabai Merah Besar,7,3,-1.28,0.0,1.28
2024-06-24,Cabai Merah Besar,14,1,-1.28,0.0,1.28
2024-06-24,Cabai Merah Besar,14,2,-1.28,0.0,1.28
2024-06-24,Cabai Merah Besar,14,3,-1.28,0.0,1.28
2024-07-01,Cabai Merah Besar,7,1,-1.28,0.0,1.28
2024-07-01,Cabai Merah Besar,7,2,-1.28,0.0,1.28
2024-07-01,Cabai Merah Besar,7,3,-1.28,0.0,1.28
2024-07-01,Cabai Merah Besar,14,1,-1.28,0.0,1.28
2024-07-01,Cabai Merah Besar,14,2,-1.28,0.0,1.28
2024-07-01,Cabai Merah Besar,14,3,-1.28,0.0,1.28
2024-07-08,Cabai Merah Besar,7,1,-1.28,0.0,1.28
2024-07-08,Cabai Merah Besar,7,2,-1.28,0.0,1.28
2024-07-08,Cabai Merah Besar,7,3,-1.28,0.0,1.28
2024-07-08,Cabai Merah Besar,14,1,-1.28,0.0,1.28
2024-07-08,Cabai Merah Besar,14,2,-1.28,0.0,1.28
2024-07-08,Cabai Merah Besar,14,3,-1.28,0.0,1.28
2024-07-15,Cabai Merah Besar,7,1,-1.28,0.0,1.28
2024-07-15,Cabai Merah Besar,7,2,-1.28,0.0,1.28
2024-07-15,Cabai Merah Besar,7,3,-1.28,0.0,1.28
2024-07-15,Cabai Merah Besar,14,1,-1.28,0.0,1.28
2024-07-15,Cabai Merah Besar,14,2,-1.28,0.0,1.28
2024-07-15,Cabai Merah Besar,14,3,-1.28,0.0,1.28
2024-07-22,Cabai Merah Besar,7,1,-1.28,0.0,1.28
2024-07-22,Cabai Merah Besar,7,2,-1.28,0.0,1.28
2024-07-22,Cabai Merah Besar,7,3,-1.28,0.0,1.28
2024-07-22,Cabai Merah Besar,14,1,-1.28,0.0,1.28
2024-07-22,Cabai Merah Besar,14,2,-1.28,0.0,1.28
2024-07-22,Cabai Merah Besar,14,3,-1.28,0.0,1.28
2024-07-29,Cabai Merah Besar,7,1,-1.28,0.0,1.28
2024-07-29,Cabai Merah Besar,7,2,-1.28,0.0,1.28
2024-07-29,Cabai Merah Besar,7,3,-1.28,0.0,1.28
2024-07-29,Cabai Merah Besar,14,1,-1.28,0.0,1.28
2024-07-29,Cabai Merah Besar,14,2,-1.28,0.0,1.28
2024-07-29,Cabai Merah Besar,14,3,-1.28,0.0,1.28
2024-08-05,Cabai Merah Besar,7,1,-1.28,0.0,1.28
2024-08-05,Cabai Merah Besar,7,2,-1.28,0.0,1.28
2024-08-05,Cabai Merah Besar,7,3,-1.28,0.0,1.28
2024-08-05,Cabai Merah Besar,14,1,-1.28,0.0,1.28
2024-08-05,Cabai Merah Besar,14,2,-1.28,0.0,1.28
2024-08-05,Cabai Merah Besar,14,3,-1.28,0.0,1.28
2024-08-12,Cabai Merah Besar,7,1,-1.28,0.0,1.28
2024-08-12,Cabai Merah Besar,7,2,-1.28,0.0,1.28
2024-08-12,Cabai Merah Besar,7,3,-1.28,0.0,1.28
2024-08-12,Cabai Merah Besar,14,1,-1.28,0.0,1.28
2024-08-12,Cabai Merah Besar,14,2,-1.28,0.0,1.28
2024-08-12,Cabai Merah Besar,14,3,-1.28,0.0,1.28
2024-08-19,Cabai Merah Besar,7,1,-1.28,0.0,1.28
2024-08-19,Cabai Merah Besar,7,2,-1.28,0.0,1.28
2024-08-19,Cabai Merah Besar,7,3,-1.28,0.0,1.28
2024-08-19,Cabai Merah Besar,14,1,-1.28,0.0,1.28
2024-08-19,Cabai Merah Besar,14,2,-1.28,0.0,1.28
2024-08-19,Cabai Merah Besar,14,3,-1.28,0.0,1.28
2024-08-26,Cabai Merah Besar,7,1,-1.28,0.0,1.28
2024-08-26,Cabai Merah Besar,7,2,-1.28,0.0,1.28
2024-08-26,Cabai Merah Besar,7,3,-1.28,0.0,1.28
2024-08-26,Cabai Merah Besar,14,1,-1.28,0.0,1.28
2024-08-26,Cabai Merah Besar,14,2,-1.28,0.0,1.28
2024-08-26,Cabai Merah Besar,14,3,-1.28,0.0,1.28
2024-09-02,Cabai Merah Besar,7,1,-1.28,0.0,1.28
2024-09-02,Cabai Merah Besar,7,2,-1.28,0.0,1.28
2024-09-02,Cabai Merah Besar,7,3,-1.28,0.0,1.28
2024-09-02,Cabai Merah Besar,14,1,-1.28,0.0,1.28
2024-09-02,Cabai Merah Besar,14,2,-1.28,0.0,1.28
2024-09-02,Cabai Merah Besar,14,3,-1.28,0.0,1.28
2024-09-09,Cabai Merah Besar,7,1,-1.28,0.0,1.28
2024-09-09,Cabai Merah Besar,7,2,-1.28,0.0,1.28
2024-09-09,Cabai Merah Besar,7,3,-1.28,0.0,1.28
2024-09-09,Cabai Merah Besar,14,1,-1.28,0.0,1.28
2024-09-09,Cabai Merah Besar,14,2,-1.28,0.0,1.28
2024-09-09,Cabai Merah Besar,14,3,-1.28,0.0,1.28
2024-09-16,Cabai Merah Besar,7,1,-1.28,0.0,1.28
2024-09-16,Cabai Merah Besar,7,2,-1.28,0.0,1.28
2024-09-16,Cabai Merah Besar,7,3,-1.28,0.0,1.28
2024-09-16,Cabai Merah Besar,14,1,-1.28,0.0,1.28
2024-09-16,Cabai Merah Besar,14,2,-1.28,0.0,1.28
2024-09-16,Cabai Merah Besar,14,3,-1.28,0.0,1.28
2024-09-23,Cabai Merah Besar,7,1,-1.28,0.0,1.28
2024-09-23,Cabai Merah Besar,7,2,-1.28,0.0,1.28
2024-09-23,Cabai Merah Besar,7,3,-1.28,0.0,1.28
2024-09-23,Cabai Merah Besar,14,1,-1.28,0.0,1.28
2024-09-23,Cabai Merah Besar,14,2,-1.28,0.0,1.28
2024-09-23,Cabai Merah Besar,14,3,-1.28,0.0,1.28
2024-10-07,Cabai Merah Besar,7,1,-1.28,0.0,1.28
2024-10-07,Cabai Merah Besar,7,2,-1.28,0.0,1.28
2024-10-07,Cabai Merah Besar,7,3,-1.28,0.0,1.28
2024-10-07,Cabai Merah Besar,14,1,-1.28,0.0,1.28
2024-10-07,Cabai Merah Besar,14,2,-1.28,0.0,1.28
2024-10-07,Cabai Merah Besar,14,3,-1.28,0.0,1.28
2024-10-14,Cabai Merah Besar,7,1,-1.28,0.0,1.28
2024-10-14,Cabai Merah Besar,7,2,-1.28,0.0,1.28
2024-10-14,Cabai Merah Besar,7,3,-1.28,0.0,1.28
2024-10-14,Cabai Merah Besar,14,1,-1.28,0.0,1.28
2024-10-14,Cabai Merah Besar,14,2,-1.28,0.0,1.28
2024-10-14,Cabai Merah Besar,14,3,-1.28,0.0,1.28
2024-10-21,Cabai Merah Besar,7,1,-1.28,0.0,1.28
2024-10-21,Cabai Merah Besar,7,2,-1.28,0.0,1.28
2024-10-21,Cabai Merah Besar,7,3,-1.28,0.0,1.28
2024-10-21,Cabai Merah Besar,14,1,-1.28,0.0,1.28
2024-10-21,Cabai Merah Besar,14,2,-1.28,0.0,1.28
2024-10-21,Cabai Merah Besar,14,3,-1.28,0.0,1.28
2024-10-28,Cabai Merah Besar,7,1,-1.28,0.0,1.28
2024-10-28,Cabai Merah Besar,7,2,-1.28,0.0,1.28
2024-10-28,Cabai Merah Besar,7,3,-1.28,0.0,1.28
2024-10-28,Cabai Merah Besar,14,1,-1.28,0.0,1.28
2024-10-28,Cabai Merah Besar,14,2,-1.28,0.0,1.28
2024-10-28,Cabai Merah Besar,14,3,-1.28,0.0,1.28
2024-11-04,Cabai Merah Besar,7,1,-1.28,0.0,1.28
2024-11-04,Cabai Merah Besar,7,2,-1.28,0.0,1.28
2024-11-04,Cabai Merah Besar,7,3,-1.28,0.0,1.28
2024-11-04,Cabai Merah Besar,14,1,-1.28,0.0,1.28
2024-11-04,Cabai Merah Besar,14,2,-1.28,0.0,1.28
2024-11-04,Cabai Merah Besar,14,3,-1.28,0.0,1.28
2024-11-11,Cabai Merah Besar,7,1,-1.28,0.0,1.28
2024-11-11,Cabai Merah Besar,7,2,-1.28,0.0,1.28
2024-11-11,Cabai Merah Besar,7,3,-1.28,0.0,1.28
2024-11-11,Cabai Merah Besar,14,1,-1.28,0.0,1.28
2024-11-11,Cabai Merah Besar,14,2,-1.28,0.0,1.28
2024-11-11,Cabai Merah Besar,14,3,-1.28,0.0,1.28
2024-11-18,Cabai Merah Besar,7,1,-1.28,0.0,1.28
2024-11-18,Cabai Merah Besar,7,2,-1.28,0.0,1.28
2024-11-18,Cabai Merah Besar,7,3,-1.28,0.0,1.28
2024-11-18,Cabai Merah Besar,14,1,-1.28,0.0,1.28
2024-11-18,Cabai Merah Besar,14,2,-1.28,0.0,1.28
2024-11-18,Cabai Merah Besar,14,3,-1.28,0.0,1.28
2024-11-25,Cabai Merah Besar,7,1,-1.28,0.0,1.28
2024-11-25,Cabai Merah Besar,7,2,-1.28,0.0,1.28
2024-11-25,Cabai Merah Besar,7,3,-1.28,0.0,1.28
2024-11-25,Cabai Merah Besar,14,1,-1.28,0.0,1.28
2024-11-25,Cabai Merah Besar,14,2,-1.28,0.0,1.28
2024-11-25,Cabai Merah Besar,14,3,-1.28,0.0,1.28
2024-12-02,Cabai Merah Besar,7,1,-1.28,0.0,1.28
2024-12-02,Cabai Merah Besar,7,2,-1.28,0.0,1.28
2024-12-02,Cabai Merah Besar,7,3,-1.28,0.0,1.28
2024-12-02,Cabai Merah Besar,14,1,-1.28,0.0,1.28
2024-12-02,Cabai Merah Besar,14,2,-1.28,0.0,1.28
2024-12-02,Cabai Merah Besar,14,3,-1.28,0.0,1.28
2024-12-09,Cabai Merah Besar,7,1,-1.28,0.0,1.28
2024-12-09,Cabai Merah Besar,7,2,-1.28,0.0,1.28
2024-12-09,Cabai Merah Besar,7,3,-1.28,0.0,1.28
2024-12-09,Cabai Merah Besar,14,1,-1.28,0.0,1.28
2024-12-09,Cabai Merah Besar,14,2,-1.28,0.0,1.28
2024-12-09,Cabai Merah Besar,14,3,-1.28,0.0,1.28
2024-12-16,Cabai Merah Besar,7,1,-1.28,0.0,1.28
2024-12-16,Cabai Merah Besar,7,2,-1.28,0.0,1.28
2024-12-16,Cabai Merah Besar,7,3,-1.28,0.0,1.28
2024-12-16,Cabai Merah Besar,14,1,-1.28,0.0,1.28
2024-12-16,Cabai Merah Besar,14,2,-1.28,0.0,1.28
2024-12-16,Cabai Merah Besar,14,3,-1.28,0.0,1.28
2024-12-23,Cabai Merah Besar,7,1,-1.28,0.0,1.28
2024-12-23,Cabai Merah Besar,7,2,-1.28,0.0,1.28
2024-12-23,Cabai Merah Besar,7,3,-1.28,0.0,1.28
2024-12-23,Cabai Merah Besar,14,1,-1.28,0.0,1.28
2024-12-23,Cabai Merah Besar,14,2,-1.28,0.0,1.28
2024-12-23,Cabai Merah Besar,14,3,-1.28,0.0,1.28
2024-12-30,Cabai Merah Besar,7,1,-1.28,0.0,1.28
2024-12-30,Cabai Merah Besar,7,2,-1.28,0.0,1.28
2024-12-30,Cabai Merah Besar,7,3,-1.28,0.0,1.28
2024-12-30,Cabai Merah Besar,14,1,-1.28,0.0,1.28
2024-12-30,Cabai Merah Besar,14,2,-1.28,0.0,1.28
2024-12-30,Cabai Merah Besar,14,3,-1.28,0.0,1.28
2025-01-06,Cabai Merah Besar,7,1,-1.28,0.0,1.28
2025-01-06,Cabai Merah Besar,7,2,-1.28,0.0,1.28
2025-01-06,Cabai Merah Besar,7,3,-1.28,0.0,1.28
2025-01-06,Cabai Merah Besar,14,1,-1.28,0.0,1.28
2025-01-06,Cabai Merah Besar,14,2,-1.28,0.0,1.28
2025-01-06,Cabai Merah Besar,14,3,-1.28,0.0,1.28
2025-01-13,Cabai Merah Besar,7,1,-1.28,0.0,1.28
2025-01-13,Cabai Merah Besar,7,2,-1.28,0.0,1.28
2025-01-13,Cabai Merah Besar,7,3,-1.28,0.0,1.28
2025-01-13,Cabai Merah Besar,14,1,-1.28,0.0,1.28
2025-01-13,Cabai Merah Besar,14,2,-1.28,0.0,1.28
2025-01-13,Cabai Merah Besar,14,3,-1.28,0.0,1.28
2025-01-20,Cabai Merah Besar,7,1,-1.28,0.0,1.28
2025-01-20,Cabai Merah Besar,7,2,-1.28,0.0,1.28
2025-01-20,Cabai Merah Besar,7,3,-1.28,0.0,1.28
2025-01-20,Cabai Merah Besar,14,1,-1.28,0.0,1.28
2025-01-20,Cabai Merah Besar,14,2,-1.28,0.0,1.28
2025-01-20,Cabai Merah Besar,14,3,-1.28,0.0,1.28
2025-01-27,Cabai Merah Besar,7,1,-1.28,0.0,1.28
2025-01-27,Cabai Merah Besar,7,2,-1.28,0.0,1.28
2025-01-27,Cabai Merah Besar,7,3,-1.28,0.0,1.28
2025-01-27,Cabai Merah Besar,14,1,-1.28,0.0,1.28
2025-01-27,Cabai Merah Besar,14,2,-1.28,0.0,1.28
2025-01-27,Cabai Merah Besar,14,3,-1.28,0.0,1.28
2025-02-03,Cabai Merah Besar,7,1,-1.28,0.0,1.28
2025-02-03,Cabai Merah Besar,7,2,-1.28,0.0,1.28
2025-02-03,Cabai Merah Besar,7,3,-1.28,0.0,1.28
2025-02-03,Cabai Merah Besar,14,1,-1.28,0.0,1.28
2025-02-03,Cabai Merah Besar,14,2,-1.28,0.0,1.28
2025-02-03,Cabai Merah Besar,14,3,-1.28,0.0,1.28
2025-02-10,Cabai Merah Besar,7,1,-1.28,0.0,1.28
2025-02-10,Cabai Merah Besar,7,2,-1.28,0.0,1.28
2025-02-10,Cabai Merah Besar,7,3,-1.28,0.0,1.28
2025-02-10,Cabai Merah Besar,14,1,-1.28,0.0,1.28
2025-02-10,Cabai Merah Besar,14,2,-1.28,0.0,1.28
2025-02-10,Cabai Merah Besar,14,3,-1.28,0.0,1.28
2025-02-17,Cabai Merah Besar,7,1,-1.28,0.0,1.28
2025-02-17,Cabai Merah Besar,7,2,-1.28,0.0,1.28
2025-02-17,Cabai Merah Besar,7,3,-1.28,0.0,1.28
2025-02-17,Cabai Merah Besar,14,1,-1.28,0.0,1.28
2025-02-17,Cabai Merah Besar,14,2,-1.28,0.0,1.28
2025-02-17,Cabai Merah Besar,14,3,-1.28,0.0,1.28
2025-02-24,Cabai Merah Besar,7,1,-1.28,0.0,1.28
2025-02-24,Cabai Merah Besar,7,2,-1.28,0.0,1.28
2025-02-24,Cabai Merah Besar,7,3,-1.28,0.0,1.28
2025-02-24,Cabai Merah Besar,14,1,-1.28,0.0,1.28
2025-02-24,Cabai Merah Besar,14,2,-1.28,0.0,1.28
2025-02-24,Cabai Merah Besar,14,3,-1.28,0.0,1.28
2025-03-03,Cabai Merah Besar,7,1,-1.28,0.0,1.28
2025-03-03,Cabai Merah Besar,7,2,-1.28,0.0,1.28
2025-03-03,Cabai Merah Besar,7,3,-1.28,0.0,1.28
2025-03-03,Cabai Merah Besar,14,1,-1.28,0.0,1.28
2025-03-03,Cabai Merah Besar,14,2,-1.28,0.0,1.28
2025-03-03,Cabai Merah Besar,14,3,-1.28,0.0,1.28
2025-03-10,Cabai Merah Besar,7,1,-1.28,0.0,1.28
2025-03-10,Cabai Merah Besar,7,2,-1.28,0.0,1.28
2025-03-10,Cabai Merah Besar,7,3,-1.28,0.0,1.28
2025-03-10,Cabai Merah Besar,14,1,-1.28,0.0,1.28
2025-03-10,Cabai Merah Besar,14,2,-1.28,0.0,1.28
2025-03-10,Cabai Merah Besar,14,3,-1.28,0.0,1.28
2025-03-17,Cabai Merah Besar,7,1,-1.28,0.0,1.28
2025-03-17,Cabai Merah Besar,7,2,-1.28,0.0,1.28
2025-03-17,Cabai Merah Besar,7,3,-1.28,0.0,1.28
2025-03-17,Cabai Merah Besar,14,1,-1.28,0.0,1.28
2025-03-17,Cabai Merah Besar,14,2,-1.28,0.0,1.28
2025-03-17,Cabai Merah Besar,14,3,-1.28,0.0,1.28
2025-03-24,Cabai Merah Besar,7,1,-1.28,0.0,1.28
2025-03-24,Cabai Merah Besar,7,2,-1.28,0.0,1.28
2025-03-24,Cabai Merah Besar,7,3,-1.28,0.0,1.28
2025-03-24,Cabai Merah Besar,14,1,-1.28,0.0,1.28
2025-03-24,Cabai Merah Besar,14,2,-1.28,0.0,1.28
2025-03-24,Cabai Merah Besar,14,3,-1.28,0.0,1.28
2025-03-31,Cabai Merah Besar,7,1,-1.28,0.0,1.28
2025-03-31,Cabai Merah Besar,7,2,-1.28,0.0,1.28
2025-03-31,Cabai Merah Besar,7,3,-1.28,0.0,1.28
2025-03-31,Cabai Merah Besar,14,1,-1.28,0.0,1.28
2025-03-31,Cabai Merah Besar,14,2,-1.28,0.0,1.28
2025-03-31,Cabai Merah Besar,14,3,-1.28,0.0,1.28
2025-04-07,Cabai Merah Besar,7,1,-1.28,0.0,1.28
2025-04-07,Cabai Merah Besar,7,2,-1.28,0.0,1.28
2025-04-07,Cabai Merah Besar,7,3,-1.28,0.0,1.28
2025-04-07,Cabai Merah Besar,14,1,-1.28,0.0,1.28
2025-04-07,Cabai Merah Besar,14,2,-1.28,0.0,1.28
2025-04-07,Cabai Merah Besar,14,3,-1.28,0.0,1.28
2025-04-14,Cabai Merah Besar,7,1,-1.28,0.0,1.28
2025-04-14,Cabai Merah Besar,7,2,-1.28,0.0,1.28
2025-04-14,Cabai Merah Besar,7,3,-1.28,0.0,1.28
2025-04-14,Cabai Merah Besar,14,1,-1.28,0.0,1.28
2025-04-14,Cabai Merah Besar,14,2,-1.28,0.0,1.28
2025-04-14,Cabai Merah Besar,14,3,-1.28,0.0,1.28
2025-04-21,Cabai Merah Besar,7,1,-1.28,0.0,1.28
2025-04-21,Cabai Merah Besar,7,2,-1.28,0.0,1.28
2025-04-21,Cabai Merah Besar,7,3,-1.28,0.0,1.28
2025-04-21,Cabai Merah Besar,14,1,-1.28,0.0,1.28
2025-04-21,Cabai Merah Besar,14,2,-1.28,0.0,1.28
2025-04-21,Cabai Merah Besar,14,3,-1.28,0.0,1.28
2025-04-28,Cabai Merah Besar,7,1,-1.28,0.0,1.28
2025-04-28,Cabai Merah Besar,7,2,-1.28,0.0,1.28
2025-04-28,Cabai Merah Besar,7,3,-1.28,0.0,1.28
2025-04-28,Cabai Merah Besar,14,1,-1.28,0.0,1.28
2025-04-28,Cabai Merah Besar,14,2,-1.28,0.0,1.28
2025-04-28,Cabai Merah Besar,14,3,-1.28,0.0,1.28
2025-05-05,Cabai Merah Besar,7,1,-1.28,0.0,1.28
2025-05-05,Cabai Merah Besar,7,2,-1.28,0.0,1.28
2025-05-05,Cabai Merah Besar,7,3,-1.28,0.0,1.28
2025-05-05,Cabai Merah Besar,14,1,-1.28,0.0,1.28
2025-05-05,Cabai Merah Besar,14,2,-1.28,0.0,1.28
2025-05-05,Cabai Merah Besar,14,3,-1.28,0.0,1.28
2025-05-12,Cabai Merah Besar,7,1,-1.28,0.0,1.28
2025-05-12,Cabai Merah Besar,7,2,-1.28,0.0,1.28
2025-05-12,Cabai Merah Besar,7,3,-1.28,0.0,1.28
2025-05-12,Cabai Merah Besar,14,1,-1.28,0.0,1.28
2025-05-12,Cabai Merah Besar,14,2,-1.28,0.0,1.28
2025-05-12,Cabai Merah Besar,14,3,-1.28,0.0,1.28
2025-05-19,Cabai Merah Besar,7,1,-1.28,0.0,1.28
2025-05-19,Cabai Merah Besar,7,2,-1.28,0.0,1.28
2025-05-19,Cabai Merah Besar,7,3,-1.28,0.0,1.28
2025-05-19,Cabai Merah Besar,14,1,-1.28,0.0,1.28
2025-05-19,Cabai Merah Besar,14,2,-1.28,0.0,1.28
2025-05-19,Cabai Merah Besar,14,3,-1.28,0.0,1.28
2025-05-26,Cabai Merah Besar,7,1,-1.28,0.0,1.28
2025-05-26,Cabai Merah Besar,7,2,-1.28,0.0,1.28
2025-05-26,Cabai Merah Besar,7,3,-1.28,0.0,1.28
2025-05-26,Cabai Merah Besar,14,1,-1.28,0.0,1.28
2025-05-26,Cabai Merah Besar,14,2,-1.28,0.0,1.28
2025-05-26,Cabai Merah Besar,14,3,-1.28,0.0,1.28
2025-06-02,Cabai Merah Besar,7,1,-1.28,0.0,1.28
2025-06-02,Cabai Merah Besar,7,2,-1.28,0.0,1.28
2025-06-02,Cabai Merah Besar,7,3,-1.28,0.0,1.28
2025-06-02,Cabai Merah Besar,14,1,-1.28,0.0,1.28
2025-06-02,Cabai Merah Besar,14,2,-1.28,0.0,1.28
2025-06-02,Cabai Merah Besar,14,3,-1.28,0.0,1.28
2025-06-09,Cabai Merah Besar,7,1,-1.28,0.0,1.28
2025-06-09,Cabai Merah Besar,7,2,-1.28,0.0,1.28
2025-06-09,Cabai Merah Besar,7,3,-1.28,0.0,1.28
2025-06-09,Cabai Merah Besar,14,1,-1.28,0.0,1.28
2025-06-09,Cabai Merah Besar,14,2,-1.28,0.0,1.28
2025-06-09,Cabai Merah Besar,14,3,-1.28,0.0,1.28
2025-06-16,Cabai Merah Besar,7,1,-1.28,0.0,1.28
2025-06-16,Cabai Merah Besar,7,2,-1.28,0.0,1.28
2025-06-16,Cabai Merah Besar,7,3,-1.28,0.0,1.28
2025-06-16,Cabai Merah Besar,14,1,-1.28,0.0,1.28
2025-06-16,Cabai Merah Besar,14,2,-1.28,0.0,1.28
2025-06-16,Cabai Merah Besar,14,3,-1.28,0.0,1.28
2025-06-23,Cabai Merah Besar,7,1,-1.28,0.0,1.28
2025-06-23,Cabai Merah Besar,7,2,-1.28,0.0,1.28
2025-06-23,Cabai Merah Besar,7,3,-1.28,0.0,1.28
2025-06-23,Cabai Merah Besar,14,1,-1.28,0.0,1.28
2025-06-23,Cabai Merah Besar,14,2,-1.28,0.0,1.28
2025-06-23,Cabai Merah Besar,14,3,-1.28,0.0,1.28
2025-07-07,Cabai Merah Besar,7,1,-1.28,0.0,1.28
2025-07-07,Cabai Merah Besar,7,2,-1.28,0.0,1.28
2025-07-07,Cabai Merah Besar,7,3,-1.28,0.0,1.28
2025-07-07,Cabai Merah Besar,14,1,-1.28,0.0,1.28
2025-07-07,Cabai Merah Besar,14,2,-1.28,0.0,1.28
2025-07-07,Cabai Merah Besar,14,3,-1.28,0.0,1.28
2025-07-14,Cabai Merah Besar,7,1,-1.28,0.0,1.28
2025-07-14,Cabai Merah Besar,7,2,-1.28,0.0,1.28
2025-07-14,Cabai Merah Besar,7,3,-1.28,0.0,1.28
2025-07-14,Cabai Merah Besar,14,1,-1.28,0.0,1.28
2025-07-14,Cabai Merah Besar,14,2,-1.28,0.0,1.28
2025-07-14,Cabai Merah Besar,14,3,-1.28,0.0,1.28
2025-07-21,Cabai Merah Besar,7,1,-1.28,0.0,1.28
2025-07-21,Cabai Merah Besar,7,2,-1.28,0.0,1.28
2025-07-21,Cabai Merah Besar,7,3,-1.28,0.0,1.28
2025-07-21,Cabai Merah Besar,14,1,-1.28,0.0,1.28
2025-07-21,Cabai Merah Besar,14,2,-1.28,0.0,1.28
2025-07-21,Cabai Merah Besar,14,3,-1.28,0.0,1.28
2025-07-28,Cabai Merah Besar,7,1,-1.28,0.0,1.28
2025-07-28,Cabai Merah Besar,7,2,-1.28,0.0,1.28
2025-07-28,Cabai Merah Besar,7,3,-1.28,0.0,1.28
2025-07-28,Cabai Merah Besar,14,1,-1.28,0.0,1.28
2025-07-28,Cabai Merah Besar,14,2,-1.28,0.0,1.28
2025-07-28,Cabai Merah Besar,14,3,-1.28,0.0,1.28
2025-08-04,Cabai Merah Besar,7,1,-1.28,0.0,1.28
2025-08-04,Cabai Merah Besar,7,2,-1.28,0.0,1.28
2025-08-04,Cabai Merah Besar,7,3,-1.28,0.0,1.28
2025-08-04,Cabai Merah Besar,14,1,-1.28,0.0,1.28
2025-08-04,Cabai Merah Besar,14,2,-1.28,0.0,1.28
2025-08-04,Cabai Merah Besar,14,3,-1.28,0.0,1.28
2025-08-11,Cabai Merah Besar,7,1,-1.28,0.0,1.28
2025-08-11,Cabai Merah Besar,7,2,-1.28,0.0,1.28
2025-08-11,Cabai Merah Besar,7,3,-1.28,0.0,1.28
2025-08-11,Cabai Merah Besar,14,1,-1.28,0.0,1.28
2025-08-11,Cabai Merah Besar,14,2,-1.28,0.0,1.28
2025-08-11,Cabai Merah Besar,14,3,-1.28,0.0,1.28
2025-08-18,Cabai Merah Besar,7,1,-1.28,0.0,1.28
2025-08-18,Cabai Merah Besar,7,2,-1.28,0.0,1.28
2025-08-18,Cabai Merah Besar,7,3,-1.28,0.0,1.28
2025-08-18,Cabai Merah Besar,14,1,-1.28,0.0,1.28
2025-08-18,Cabai Merah Besar,14,2,-1.28,0.0,1.28
2025-08-18,Cabai Merah Besar,14,3,-1.28,0.0,1.28
2025-08-25,Cabai Merah Besar,7,1,-1.28,0.0,1.28
2025-08-25,Cabai Merah Besar,7,2,-1.28,0.0,1.28
2025-08-25,Cabai Merah Besar,7,3,-1.28,0.0,1.28
2025-08-25,Cabai Merah Besar,14,1,-1.28,0.0,1.28
2025-08-25,Cabai Merah Besar,14,2,-1.28,0.0,1.28
2025-08-25,Cabai Merah Besar,14,3,-1.28,0.0,1.28
2025-09-01,Cabai Merah Besar,7,1,-1.28,0.0,1.28
2025-09-01,Cabai Merah Besar,7,2,-1.28,0.0,1.28
2025-09-01,Cabai Merah Besar,7,3,-1.28,0.0,1.28
2025-09-01,Cabai Merah Besar,14,1,-1.28,0.0,1.28
2025-09-01,Cabai Merah Besar,14,2,-1.28,0.0,1.28
2025-09-01,Cabai Merah Besar,14,3,-1.28,0.0,1.28
2025-09-15,Cabai Merah Besar,7,1,-1.28,0.0,1.28
2025-09-15,Cabai Merah Besar,7,2,-1.28,0.0,1.28
2025-09-15,Cabai Merah Besar,7,3,-1.28,0.0,1.28
2025-09-15,Cabai Merah Besar,14,1,-1.28,0.0,1.28
2025-09-15,Cabai Merah Besar,14,2,-1.28,0.0,1.28
2025-09-15,Cabai Merah Besar,14,3,-1.28,0.0,1.28
2025-09-22,Cabai Merah Besar,7,1,-1.28,0.0,1.28
2025-09-22,Cabai Merah Besar,7,2,-1.28,0.0,1.28
2025-09-22,Cabai Merah Besar,7,3,-1.28,0.0,1.28
2025-09-22,Cabai Merah Besar,14,1,-1.28,0.0,1.28
2025-09-22,Cabai Merah Besar,14,2,-1.28,0.0,1.28
2025-09-22,Cabai Merah Besar,14,3,-1.28,0.0,1.28
2025-09-29,Cabai Merah Besar,7,1,-1.28,0.0,1.28
2025-09-29,Cabai Merah Besar,7,2,-1.28,0.0,1.28
2025-09-29,Cabai Merah Besar,7,3,-1.28,0.0,1.28
2025-09-29,Cabai Merah Besar,14,1,-1.28,0.0,1.28
2025-09-29,Cabai Merah Besar,14,2,-1.28,0.0,1.28
2025-09-29,Cabai Merah Besar,14,3,-1.28,0.0,1.28
2025-10-06,Cabai Merah Besar,7,1,-1.28,0.0,1.28
2025-10-06,Cabai Merah Besar,7,2,-1.28,0.0,1.28
2025-10-06,Cabai Merah Besar,7,3,-1.28,0.0,1.28
2025-10-06,Cabai Merah Besar,14,1,-1.28,0.0,1.28
2025-10-06,Cabai Merah Besar,14,2,-1.28,0.0,1.28
2025-10-06,Cabai Merah Besar,14,3,-1.28,0.0,1.28
2025-10-13,Cabai Merah Besar,7,1,-1.28,0.0,1.28
2025-10-13,Cabai Merah Besar,7,2,-1.28,0.0,1.28
2025-10-13,Cabai Merah Besar,7,3,-1.28,0.0,1.28
2025-10-13,Cabai Merah Besar,14,1,-1.28,0.0,1.28
2025-10-13,Cabai Merah Besar,14,2,-1.28,0.0,1.28
2025-10-13,Cabai Merah Besar,14,3,-1.28,0.0,1.28
2025-10-20,Cabai Merah Besar,7,1,-1.28,0.0,1.28
2025-10-20,Cabai Merah Besar,7,2,-1.28,0.0,1.28
2025-10-20,Cabai Merah Besar,7,3,-1.28,0.0,1.28
2025-10-20,Cabai Merah Besar,14,1,-1.28,0.0,1.28
2025-10-20,Cabai Merah Besar,14,2,-1.28,0.0,1.28
2025-10-20,Cabai Merah Besar,14,3,-1.28,0.0,1.28
2025-10-27,Cabai Merah Besar,7,1,-1.28,0.0,1.28
2025-10-27,Cabai Merah Besar,7,2,-1.28,0.0,1.28
2025-10-27,Cabai Merah Besar,7,3,-1.28,0.0,1.28
2025-10-27,Cabai Merah Besar,14,1,-1.28,0.0,1.28
2025-10-27,Cabai Merah Besar,14,2,-1.28,0.0,1.28
2025-10-27,Cabai Merah Besar,14,3,-1.28,0.0,1.28
2025-11-03,Cabai Merah Besar,7,1,-1.28,0.0,1.28
2025-11-03,Cabai Merah Besar,7,2,-1.28,0.0,1.28
2025-11-03,Cabai Merah Besar,7,3,-1.28,0.0,1.28
2025-11-03,Cabai Merah Besar,14,1,-1.28,0.0,1.28
2025-11-03,Cabai Merah Besar,14,2,-1.28,0.0,1.28
2025-11-03,Cabai Merah Besar,14,3,-1.28,0.0,1.28
2025-11-10,Cabai Merah Besar,7,1,-1.28,0.0,1.28
2025-11-10,Cabai Merah Besar,7,2,-1.28,0.0,1.28
2025-11-10,Cabai Merah Besar,7,3,-1.28,0.0,1.28
2025-11-10,Cabai Merah Besar,14,1,-1.28,0.0,1.28
2025-11-10,Cabai Merah Besar,14,2,-1.28,0.0,1.28
2025-11-10,Cabai Merah Besar,14,3,-1.28,0.0,1.28
2025-11-17,Cabai Merah Besar,7,1,-1.28,0.0,1.28
2025-11-17,Cabai Merah Besar,7,2,-1.28,0.0,1.28
2025-11-17,Cabai Merah Besar,7,3,-1.28,0.0,1.28
2025-11-17,Cabai Merah Besar,14,1,-1.28,0.0,1.28
2025-11-17,Cabai Merah Besar,14,2,-1.28,0.0,1.28
2025-11-17,Cabai Merah Besar,14,3,-1.28,0.0,1.28
2025-11-24,Cabai Merah Besar,7,1,-1.28,0.0,1.28
2025-11-24,Cabai Merah Besar,7,2,-1.28,0.0,1.28
2025-11-24,Cabai Merah Besar,7,3,-1.28,0.0,1.28
2025-11-24,Cabai Merah Besar,14,1,-1.28,0.0,1.28
2025-11-24,Cabai Merah Besar,14,2,-1.28,0.0,1.28
2025-11-24,Cabai Merah Besar,14,3,-1.28,0.0,1.28
2025-12-01,Cabai Merah Besar,7,1,-1.28,0.0,1.28
2025-12-01,Cabai Merah Besar,7,2,-1.28,0.0,1.28
2025-12-01,Cabai Merah Besar,7,3,-1.28,0.0,1.28
2025-12-01,Cabai Merah Besar,14,1,-1.28,0.0,1.28
2025-12-01,Cabai Merah Besar,14,2,-1.28,0.0,1.28
2025-12-01,Cabai Merah Besar,14,3,-1.28,0.0,1.28
2025-12-08,Cabai Merah Besar,7,1,-1.28,0.0,1.28
2025-12-08,Cabai Merah Besar,7,2,-1.28,0.0,1.28
2025-12-08,Cabai Merah Besar,7,3,-1.28,0.0,1.28
2025-12-08,Cabai Merah Besar,14,1,-1.28,0.0,1.28
2025-12-08,Cabai Merah Besar,14,2,-1.28,0.0,1.28
2025-12-08,Cabai Merah Besar,14,3,-1.28,0.0,1.28
2025-12-15,Cabai Merah Besar,7,1,-1.28,0.0,1.28
2025-12-15,Cabai Merah Besar,7,2,-1.28,0.0,1.28
2025-12-15,Cabai Merah Besar,7,3,-1.28,0.0,1.28
2025-12-15,Cabai Merah Besar,14,1,-1.28,0.0,1.28
2025-12-15,Cabai Merah Besar,14,2,-1.28,0.0,1.28
2025-12-15,Cabai Merah Besar,14,3,-1.28,0.0,1.28
2025-12-22,Cabai Merah Besar,7,1,-1.28,0.0,1.28
2025-12-22,Cabai Merah Besar,7,2,-1.28,0.0,1.28
2025-12-22,Cabai Merah Besar,7,3,-1.28,0.0,1.28
2025-12-22,Cabai Merah Besar,14,1,-1.28,0.0,1.28
2025-12-22,Cabai Merah Besar,14,2,-1.28,0.0,1.28
2025-12-22,Cabai Merah Besar,14,3,-1.28,0.0,1.28
2025-12-29,Cabai Merah Besar,7,1,-1.28,0.0,1.28
2025-12-29,Cabai Merah Besar,7,2,-1.28,0.0,1.28
2025-12-29,Cabai Merah Besar,7,3,-1.28,0.0,1.28
2025-12-29,Cabai Merah Besar,14,1,-1.28,0.0,1.28
2025-12-29,Cabai Merah Besar,14,2,-1.28,0.0,1.28
2025-12-29,Cabai Merah Besar,14,3,-1.28,0.0,1.28
2026-01-05,Cabai Merah Besar,7,1,-1.28,0.0,1.28
2026-01-05,Cabai Merah Besar,7,2,-1.28,0.0,1.28
2026-01-05,Cabai Merah Besar,7,3,-1.28,0.0,1.28
2026-01-05,Cabai Merah Besar,14,1,-1.28,0.0,1.28
2026-01-05,Cabai Merah Besar,14,2,-1.28,0.0,1.28
2026-01-05,Cabai Merah Besar,14,3,-1.28,0.0,1.28
2026-01-12,Cabai Merah Besar,7,1,-1.28,0.0,1.28
2026-01-12,Cabai Merah Besar,7,2,-1.28,0.0,1.28
2026-01-12,Cabai Merah Besar,7,3,-1.28,0.0,1.28
2026-01-12,Cabai Merah Besar,14,1,-1.28,0.0,1.28
2026-01-12,Cabai Merah Besar,14,2,-1.28,0.0,1.28
2026-01-12,Cabai Merah Besar,14,3,-1.28,0.0,1.28
2026-01-19,Cabai Merah Besar,7,1,-1.28,0.0,1.28
2026-01-19,Cabai Merah Besar,7,2,-1.28,0.0,1.28
2026-01-19,Cabai Merah Besar,7,3,-1.28,0.0,1.28
2026-01-19,Cabai Merah Besar,14,1,-1.28,0.0,1.28
2026-01-19,Cabai Merah Besar,14,2,-1.28,0.0,1.28
2026-01-19,Cabai Merah Besar,14,3,-1.28,0.0,1.28
2026-01-26,Cabai Merah Besar,7,1,-1.28,0.0,1.28
2026-01-26,Cabai Merah Besar,7,2,-1.28,0.0,1.28
2026-01-26,Cabai Merah Besar,7,3,-1.28,0.0,1.28
2026-01-26,Cabai Merah Besar,14,1,-1.28,0.0,1.28
2026-01-26,Cabai Merah Besar,14,2,-1.28,0.0,1.28
2026-01-26,Cabai Merah Besar,14,3,-1.28,0.0,1.28
2026-02-02,Cabai Merah Besar,7,1,-1.28,0.0,1.28
2026-02-02,Cabai Merah Besar,7,2,-1.28,0.0,1.28
2026-02-02,Cabai Merah Besar,7,3,-1.28,0.0,1.28
2026-02-02,Cabai Merah Besar,14,1,-1.28,0.0,1.28
2026-02-02,Cabai Merah Besar,14,2,-1.28,0.0,1.28
2026-02-02,Cabai Merah Besar,14,3,-1.28,0.0,1.28
2026-02-09,Cabai Merah Besar,7,1,-1.28,0.0,1.28
2026-02-09,Cabai Merah Besar,7,2,-1.28,0.0,1.28
2026-02-09,Cabai Merah Besar,7,3,-1.28,0.0,1.28
2026-02-09,Cabai Merah Besar,14,1,-1.28,0.0,1.28
2026-02-09,Cabai Merah Besar,14,2,-1.28,0.0,1.28
2026-02-09,Cabai Merah Besar,14,3,-1.28,0.0,1.28
2026-02-16,Cabai Merah Besar,7,1,-1.28,0.0,1.28
2026-02-16,Cabai Merah Besar,7,2,-1.28,0.0,1.28
2026-02-16,Cabai Merah Besar,7,3,-1.28,0.0,1.28
2026-02-16,Cabai Merah Besar,14,1,-1.28,0.0,1.28
2026-02-16,Cabai Merah Besar,14,2,-1.28,0.0,1.28
2026-02-16,Cabai Merah Besar,14,3,-1.28,0.0,1.28
2026-02-23,Cabai Merah Besar,7,1,-1.28,0.0,1.28
2026-02-23,Cabai Merah Besar,7,2,-1.28,0.0,1.28
2026-02-23,Cabai Merah Besar,7,3,-1.28,0.0,1.28
2026-02-23,Cabai Merah Besar,14,1,-1.28,0.0,1.28
2026-02-23,Cabai Merah Besar,14,2,-1.28,0.0,1.28
2026-02-23,Cabai Merah Besar,14,3,-1.28,0.0,1.28
2026-03-02,Cabai Merah Besar,7,1,-1.28,0.0,1.28
2026-03-02,Cabai Merah Besar,7,2,-1.28,0.0,1.28
2026-03-02,Cabai Merah Besar,7,3,-1.28,0.0,1.28
2026-03-02,Cabai Merah Besar,14,1,-1.28,0.0,1.28
2026-03-02,Cabai Merah Besar,14,2,-1.28,0.0,1.28
2026-03-02,Cabai Merah Besar,14,3,-1.28,0.0,1.28
2026-03-09,Cabai Merah Besar,7,1,-1.28,0.0,1.28
2026-03-09,Cabai Merah Besar,7,2,-1.28,0.0,1.28
2026-03-09,Cabai Merah Besar,7,3,-1.28,0.0,1.28
2026-03-09,Cabai Merah Besar,14,1,-1.28,0.0,1.28
2026-03-09,Cabai Merah Besar,14,2,-1.28,0.0,1.28
2026-03-09,Cabai Merah Besar,14,3,-1.28,0.0,1.28
2026-03-16,Cabai Merah Besar,7,1,-1.28,0.0,1.28
2026-03-16,Cabai Merah Besar,7,2,-1.28,0.0,1.28
2026-03-16,Cabai Merah Besar,7,3,-1.28,0.0,1.28
2026-03-16,Cabai Merah Besar,14,1,-1.28,0.0,1.28
2026-03-16,Cabai Merah Besar,14,2,-1.28,0.0,1.28
2026-03-16,Cabai Merah Besar,14,3,-1.28,0.0,1.28
2026-03-23,Cabai Merah Besar,7,1,-1.28,0.0,1.28
2026-03-23,Cabai Merah Besar,7,2,-1.28,0.0,1.28
2026-03-23,Cabai Merah Besar,7,3,-1.28,0.0,1.28
2026-03-23,Cabai Merah Besar,14,1,-1.28,0.0,1.28
2026-03-23,Cabai Merah Besar,14,2,-1.28,0.0,1.28
2026-03-23,Cabai Merah Besar,14,3,-1.28,0.0,1.28
2026-03-30,Cabai Merah Besar,7,1,-1.28,0.0,1.28
2026-03-30,Cabai Merah Besar,7,2,-1.28,0.0,1.28
2026-03-30,Cabai Merah Besar,7,3,-1.28,0.0,1.28
2026-03-30,Cabai Merah Besar,14,1,-1.28,0.0,1.28
2026-03-30,Cabai Merah Besar,14,2,-1.28,0.0,1.28
2026-03-30,Cabai Merah Besar,14,3,-1.28,0.0,1.28
2026-04-06,Cabai Merah Besar,7,1,-1.28,0.0,1.28
2026-04-06,Cabai Merah Besar,7,2,-1.28,0.0,1.28
2026-04-06,Cabai Merah Besar,7,3,-1.28,0.0,1.28
2026-04-06,Cabai Merah Besar,14,1,-1.28,0.0,1.28
2026-04-06,Cabai Merah Besar,14,2,-1.28,0.0,1.28
2026-04-06,Cabai Merah Besar,14,3,-1.28,0.0,1.28
2026-04-13,Cabai Merah Besar,7,1,-1.28,0.0,1.28
2026-04-13,Cabai Merah Besar,7,2,-1.28,0.0,1.28
2026-04-13,Cabai Merah Besar,7,3,-1.28,0.0,1.28
2026-04-13,Cabai Merah Besar,14,1,-1.28,0.0,1.28
2026-04-13,Cabai Merah Besar,14,2,-1.28,0.0,1.28
2026-04-13,Cabai Merah Besar,14,3,-1.28,0.0,1.28
2026-04-20,Cabai Merah Besar,7,1,-1.28,0.0,1.28
2026-04-20,Cabai Merah Besar,7,2,-1.28,0.0,1.28
2026-04-20,Cabai Merah Besar,7,3,-1.28,0.0,1.28
2026-04-20,Cabai Merah Besar,14,1,-1.28,0.0,1.28
2026-04-20,Cabai Merah Besar,14,2,-1.28,0.0,1.28
2026-04-20,Cabai Merah Besar,14,3,-1.28,0.0,1.28
2026-04-27,Cabai Merah Besar,7,1,-1.28,0.0,1.28
2026-04-27,Cabai Merah Besar,7,2,-1.28,0.0,1.28
2026-04-27,Cabai Merah Besar,7,3,-1.28,0.0,1.28
2026-04-27,Cabai Merah Besar,14,1,-1.28,0.0,1.28
2026-04-27,Cabai Merah Besar,14,2,-1.28,0.0,1.28
2026-04-27,Cabai Merah Besar,14,3,-1.28,0.0,1.28
2026-05-04,Cabai Merah Besar,7,1,-1.28,0.0,1.28
2026-05-04,Cabai Merah Besar,7,2,-1.28,0.0,1.28
2026-05-04,Cabai Merah Besar,7,3,-1.28,0.0,1.28
2026-05-04,Cabai Merah Besar,14,1,-1.28,0.0,1.28
2026-05-04,Cabai Merah Besar,14,2,-1.28,0.0,1.28
2026-05-04,Cabai Merah Besar,14,3,-1.28,0.0,1.28
2026-05-11,Cabai Merah Besar,7,1,-1.28,0.0,1.28
2026-05-11,Cabai Merah Besar,7,2,-1.28,0.0,1.28
2026-05-11,Cabai Merah Besar,7,3,-1.28,0.0,1.28
2026-05-11,Cabai Merah Besar,14,1,-1.28,0.0,1.28
2026-05-11,Cabai Merah Besar,14,2,-1.28,0.0,1.28
2026-05-11,Cabai Merah Besar,14,3,-1.28,0.0,1.28
2026-05-18,Cabai Merah Besar,7,1,-1.28,0.0,1.28
2026-05-18,Cabai Merah Besar,7,2,-1.28,0.0,1.28
2026-05-18,Cabai Merah Besar,7,3,-1.28,0.0,1.28
2026-05-18,Cabai Merah Besar,14,1,-1.28,0.0,1.28
2026-05-18,Cabai Merah Besar,14,2,-1.28,0.0,1.28
2026-05-18,Cabai Merah Besar,14,3,-1.28,0.0,1.28
2026-05-25,Cabai Merah Besar,7,1,-1.28,0.0,1.28
2026-05-25,Cabai Merah Besar,7,2,-1.28,0.0,1.28
2026-05-25,Cabai Merah Besar,7,3,-1.28,0.0,1.28
2026-05-25,Cabai Merah Besar,14,1,-1.28,0.0,1.28
2026-05-25,Cabai Merah Besar,14,2,-1.28,0.0,1.28
2026-05-25,Cabai Merah Besar,14,3,-1.28,0.0,1.28
2026-06-01,Cabai Merah Besar,7,1,-1.28,0.0,1.28
2026-06-01,Cabai Merah Besar,7,2,-1.28,0.0,1.28
2026-06-01,Cabai Merah Besar,7,3,-1.28,0.0,1.28
2026-06-01,Cabai Merah Besar,14,1,-1.28,0.0,1.28
2026-06-01,Cabai Merah Besar,14,2,-1.28,0.0,1.28
2026-06-01,Cabai Merah Besar,14,3,-1.28,0.0,1.28
2026-06-08,Cabai Merah Besar,7,1,-1.28,0.0,1.28
2026-06-08,Cabai Merah Besar,7,2,-1.28,0.0,1.28
2026-06-08,Cabai Merah Besar,7,3,-1.28,0.0,1.28
2026-06-08,Cabai Merah Besar,14,1,-1.28,0.0,1.28
2026-06-08,Cabai Merah Besar,14,2,-1.28,0.0,1.28
2026-06-08,Cabai Merah Besar,14,3,-1.28,0.0,1.28
2026-06-15,Cabai Merah Besar,7,1,-1.28,0.0,1.28
2026-06-15,Cabai Merah Besar,7,2,-1.28,0.0,1.28
2026-06-15,Cabai Merah Besar,7,3,-1.28,0.0,1.28
2026-06-15,Cabai Merah Besar,14,1,-1.28,0.0,1.28
2026-06-15,Cabai Merah Besar,14,2,-1.28,0.0,1.28
2026-06-15,Cabai Merah Besar,14,3,-1.28,0.0,1.28
2026-06-22,Cabai Merah Besar,7,1,-1.28,0.0,1.28
2026-06-22,Cabai Merah Besar,7,2,-1.28,0.0,1.28
2026-06-22,Cabai Merah Besar,7,3,-1.28,0.0,1.28
2026-06-22,Cabai Merah Besar,14,1,-1.28,0.0,1.28
2026-06-22,Cabai Merah Besar,14,2,-1.28,0.0,1.28
2026-06-22,Cabai Merah Besar,14,3,-1.28,0.0,1.28
2026-06-29,Cabai Merah Besar,7,1,-1.28,0.0,1.28
2026-06-29,Cabai Merah Besar,7,2,-1.28,0.0,1.28
2026-06-29,Cabai Merah Besar,7,3,-1.28,0.0,1.28
2026-06-29,Cabai Merah Besar,14,1,-1.28,0.0,1.28
2026-06-29,Cabai Merah Besar,14,2,-1.28,0.0,1.28
2026-06-29,Cabai Merah Besar,14,3,-1.28,0.0,1.28
2026-07-06,Cabai Merah Besar,7,1,-1.28,0.0,1.28
2026-07-06,Cabai Merah Besar,7,2,-1.28,0.0,1.28
2026-07-06,Cabai Merah Besar,7,3,-1.28,0.0,1.28
2026-07-06,Cabai Merah Besar,14,1,-1.28,0.0,1.28
2026-07-06,Cabai Merah Besar,14,2,-1.28,0.0,1.28
2026-07-06,Cabai Merah Besar,14,3,-1.28,0.0,1.28
2026-07-13,Cabai Merah Besar,7,1,-1.28,0.0,1.28
2026-07-13,Cabai Merah Besar,7,2,-1.28,0.0,1.28
2026-07-13,Cabai Merah Besar,7,3,-1.28,0.0,1.28
2026-07-13,Cabai Merah Besar,14,1,-1.28,0.0,1.28
2026-07-13,Cabai Merah Besar,14,2,-1.28,0.0,1.28
2026-07-13,Cabai Merah Besar,14,3,-1.28,0.0,1.28
2026-07-20,Cabai Merah Besar,7,1,-1.28,0.0,1.28
2026-07-20,Cabai Merah Besar,7,2,-1.28,0.0,1.28
2026-07-20,Cabai Merah Besar,7,3,-1.28,0.0,1.28
2026-07-20,Cabai Merah Besar,14,1,-1.28,0.0,1.28
2026-07-20,Cabai Merah Besar,14,2,-1.28,0.0,1.28
2026-07-20,Cabai Merah Besar,14,3,-1.28,0.0,1.28
2026-07-27,Cabai Merah Besar,7,1,-1.28,0.0,1.28
2026-07-27,Cabai Merah Besar,7,2,-1.28,0.0,1.28
2026-07-27,Cabai Merah Besar,7,3,-1.28,0.0,1.28
2026-07-27,Cabai Merah Besar,14,1,-1.28,0.0,1.28
2026-07-27,Cabai Merah Besar,14,2,-1.28,0.0,1.28
2026-07-27,Cabai Merah Besar,14,3,-1.28,0.0,1.28
2026-08-03,Cabai Merah Besar,7,1,-1.28,0.0,1.28
2026-08-03,Cabai Merah Besar,7,2,-1.28,0.0,1.28
2026-08-03,Cabai Merah Besar,7,3,-1.28,0.0,1.28
2026-08-03,Cabai Merah Besar,14,1,-1.28,0.0,1.28
2026-08-03,Cabai Merah Besar,14,2,-1.28,0.0,1.28
2026-08-03,Cabai Merah Besar,14,3,-1.28,0.0,1.28
2026-08-10,Cabai Merah Besar,7,1,-1.28,0.0,1.28
2026-08-10,Cabai Merah Besar,7,2,-1.28,0.0,1.28
2026-08-10,Cabai Merah Besar,7,3,-1.28,0.0,1.28
2026-08-10,Cabai Merah Besar,14,1,-1.28,0.0,1.28
2026-08-10,Cabai Merah Besar,14,2,-1.28,0.0,1.28
2026-08-10,Cabai Merah Besar,14,3,-1.28,0.0,1.28
2026-08-17,Cabai Merah Besar,7,1,-1.28,0.0,1.28
2026-08-17,Cabai Merah Besar,7,2,-1.28,0.0,1.28
2026-08-17,Cabai Merah Besar,7,3,-1.28,0.0,1.28
2026-08-17,Cabai Merah Besar,14,1,-1.28,0.0,1.28
2026-08-17,Cabai Merah Besar,14,2,-1.28,0.0,1.28
2026-08-17,Cabai Merah Besar,14,3,-1.28,0.0,1.28
2026-08-24,Cabai Merah Besar,7,1,-1.28,0.0,1.28
2026-08-24,Cabai Merah Besar,7,2,-1.28,0.0,1.28
2026-08-24,Cabai Merah Besar,7,3,-1.28,0.0,1.28
2026-08-24,Cabai Merah Besar,14,1,-1.28,0.0,1.28
2026-08-24,Cabai Merah Besar,14,2,-1.28,0.0,1.28
2026-08-24,Cabai Merah Besar,14,3,-1.28,0.0,1.28
2018-09-17,Cabai Merah Keriting,7,1,-1.28,0.0,1.28
2018-09-17,Cabai Merah Keriting,7,2,-1.28,0.0,1.28
2018-09-17,Cabai Merah Keriting,7,3,-1.28,0.0,1.28
2018-09-17,Cabai Merah Keriting,14,1,-1.28,0.0,1.28
2018-09-17,Cabai Merah Keriting,14,2,-1.28,0.0,1.28
2018-09-17,Cabai Merah Keriting,14,3,-1.28,0.0,1.28
2018-09-24,Cabai Merah Keriting,7,1,-1.28,0.0,1.28
2018-09-24,Cabai Merah Keriting,7,2,-1.28,0.0,1.28
2018-09-24,Cabai Merah Keriting,7,3,-1.28,0.0,1.28
2018-09-24,Cabai Merah Keriting,14,1,-1.28,0.0,1.28
2018-09-24,Cabai Merah Keriting,14,2,-1.28,0.0,1.28
2018-09-24,Cabai Merah Keriting,14,3,-1.28,0.0,1.28
2018-10-01,Cabai Merah Keriting,7,1,-1.28,0.0,1.28
2018-10-01,Cabai Merah Keriting,7,2,-1.28,0.0,1.28
2018-10-01,Cabai Merah Keriting,7,3,-1.28,0.0,1.28
2018-10-01,Cabai Merah Keriting,14,1,-1.28,0.0,1.28
2018-10-01,Cabai Merah Keriting,14,2,-1.28,0.0,1.28
2018-10-01,Cabai Merah Keriting,14,3,-1.28,0.0,1.28
2018-10-08,Cabai Merah Keriting,7,1,-1.28,0.0,1.28
2018-10-08,Cabai Merah Keriting,7,2,-1.28,0.0,1.28
2018-10-08,Cabai Merah Keriting,7,3,-1.28,0.0,1.28
2018-10-08,Cabai Merah Keriting,14,1,-1.28,0.0,1.28
2018-10-08,Cabai Merah Keriting,14,2,-1.28,0.0,1.28
2018-10-08,Cabai Merah Keriting,14,3,-1.28,0.0,1.28
2018-10-15,Cabai Merah Keriting,7,1,-1.28,0.0,1.28
2018-10-15,Cabai Merah Keriting,7,2,-1.28,0.0,1.28
2018-10-15,Cabai Merah Keriting,7,3,-1.28,0.0,1.28
2018-10-15,Cabai Merah Keriting,14,1,-1.28,0.0,1.28
2018-10-15,Cabai Merah Keriting,14,2,-1.28,0.0,1.28
2018-10-15,Cabai Merah Keriting,14,3,-1.28,0.0,1.28
2018-10-22,Cabai Merah Keriting,7,1,-1.28,0.0,1.28
2018-10-22,Cabai Merah Keriting,7,2,-1.28,0.0,1.28
2018-10-22,Cabai Merah Keriting,7,3,-1.28,0.0,1.28
2018-10-22,Cabai Merah Keriting,14,1,-1.28,0.0,1.28
2018-10-22,Cabai Merah Keriting,14,2,-1.28,0.0,1.28
2018-10-22,Cabai Merah Keriting,14,3,-1.28,0.0,1.28
2018-10-29,Cabai Merah Keriting,7,1,-1.28,0.0,1.28
2018-10-29,Cabai Merah Keriting,7,2,-1.28,0.0,1.28
2018-10-29,Cabai Merah Keriting,7,3,-1.28,0.0,1.28
2018-10-29,Cabai Merah Keriting,14,1,-1.28,0.0,1.28
2018-10-29,Cabai Merah Keriting,14,2,-1.28,0.0,1.28
2018-10-29,Cabai Merah Keriting,14,3,-1.28,0.0,1.28
2018-11-05,Cabai Merah Keriting,7,1,-1.28,0.0,1.28
2018-11-05,Cabai Merah Keriting,7,2,-1.28,0.0,1.28
2018-11-05,Cabai Merah Keriting,7,3,-1.28,0.0,1.28
2018-11-05,Cabai Merah Keriting,14,1,-1.28,0.0,1.28
2018-11-05,Cabai Merah Keriting,14,2,-1.28,0.0,1.28
2018-11-05,Cabai Merah Keriting,14,3,-1.28,0.0,1.28
2018-11-12,Cabai Merah Keriting,7,1,-1.28,0.0,1.28
2018-11-12,Cabai Merah Keriting,7,2,-1.28,0.0,1.28
2018-11-12,Cabai Merah Keriting,7,3,-1.28,0.0,1.28
2018-11-12,Cabai Merah Keriting,14,1,-1.28,0.0,1.28
2018-11-12,Cabai Merah Keriting,14,2,-1.28,0.0,1.28
2018-11-12,Cabai Merah Keriting,14,3,-1.28,0.0,1.28
2018-11-19,Cabai Merah Keriting,7,1,-1.28,0.0,1.28
2018-11-19,Cabai Merah Keriting,7,2,-1.28,0.0,1.28
2018-11-19,Cabai Merah Keriting,7,3,-1.28,0.0,1.28
2018-11-19,Cabai Merah Keriting,14,1,-1.28,0.0,1.28
2018-11-19,Cabai Merah Keriting,14,2,-1.28,0.0,1.28
2018-11-19,Cabai Merah Keriting,14,3,-1.28,0.0,1.28
2018-11-26,Cabai Merah Keriting,7,1,-1.28,0.0,1.28
2018-11-26,Cabai Merah Keriting,7,2,-1.28,0.0,1.28
2018-11-26,Cabai Merah Keriting,7,3,-1.28,0.0,1.28
2018-11-26,Cabai Merah Keriting,14,1,-1.28,0.0,1.28
2018-11-26,Cabai Merah Keriting,14,2,-1.28,0.0,1.28
2018-11-26,Cabai Merah Keriting,14,3,-1.28,0.0,1.28
2018-12-10,Cabai Merah Keriting,7,1,-1.28,0.0,1.28
2018-12-10,Cabai Merah Keriting,7,2,-1.28,0.0,1.28
2018-12-10,Cabai Merah Keriting,7,3,-1.28,0.0,1.28
2018-12-10,Cabai Merah Keriting,14,1,-1.28,0.0,1.28
2018-12-10,Cabai Merah Keriting,14,2,-1.28,0.0,1.28
2018-12-10,Cabai Merah Keriting,14,3,-1.28,0.0,1.28
2018-12-17,Cabai Merah Keriting,7,1,-1.28,0.0,1.28
2018-12-17,Cabai Merah Keriting,7,2,-1.28,0.0,1.28
2018-12-17,Cabai Merah Keriting,7,3,-1.28,0.0,1.28
2018-12-17,Cabai Merah Keriting,14,1,-1.28,0.0,1.28
2018-12-17,Cabai Merah Keriting,14,2,-1.28,0.0,1.28
2018-12-17,Cabai Merah Keriting,14,3,-1.28,0.0,1.28
2018-12-24,Cabai Merah Keriting,7,1,-1.28,0.0,1.28
2018-12-24,Cabai Merah Keriting,7,2,-1.28,0.0,1.28
2018-12-24,Cabai Merah Keriting,7,3,-1.28,0.0,1.28
2018-12-24,Cabai Merah Keriting,14,1,-1.28,0.0,1.28
2018-12-24,Cabai Merah Keriting,14,2,-1.28,0.0,1.28
2018-12-24,Cabai Merah Keriting,14,3,-1.28,0.0,1.28
2018-12-31,Cabai Merah Keriting,7,1,-1.28,0.0,1.28
2018-12-31,Cabai Merah Keriting,7,2,-1.28,0.0,1.28
2018-12-31,Cabai Merah Keriting,7,3,-1.28,0.0,1.28
2018-12-31,Cabai Merah Keriting,14,1,-1.28,0.0,1.28
2018-12-31,Cabai Merah Keriting,14,2,-1.28,0.0,1.28
2018-12-31,Cabai Merah Keriting,14,3,-1.28,0.0,1.28
2019-01-07,Cabai Merah Keriting,7,1,-1.28,0.0,1.28
2019-01-07,Cabai Merah Keriting,7,2,-1.28,0.0,1.28
2019-01-07,Cabai Merah Keriting,7,3,-1.28,0.0,1.28
2019-01-07,Cabai Merah Keriting,14,1,-1.28,0.0,1.28
2019-01-07,Cabai Merah Keriting,14,2,-1.28,0.0,1.28
2019-01-07,Cabai Merah Keriting,14,3,-1.28,0.0,1.28
2019-01-14,Cabai Merah Keriting,7,1,-1.28,0.0,1.28
2019-01-14,Cabai Merah Keriting,7,2,-1.28,0.0,1.28
2019-01-14,Cabai Merah Keriting,7,3,-1.28,0.0,1.28
2019-01-14,Cabai Merah Keriting,14,1,-1.28,0.0,1.28
2019-01-14,Cabai Merah Keriting,14,2,-1.28,0.0,1.28
2019-01-14,Cabai Merah Keriting,14,3,-1.28,0.0,1.28
2019-01-21,Cabai Merah Keriting,7,1,-1.28,0.0,1.28
2019-01-21,Cabai Merah Keriting,7,2,-1.28,0.0,1.28
2019-01-21,Cabai Merah Keriting,7,3,-1.28,0.0,1.28
2019-01-21,Cabai Merah Keriting,14,1,-1.28,0.0,1.28
2019-01-21,Cabai Merah Keriting,14,2,-1.28,0.0,1.28
2019-01-21,Cabai Merah Keriting,14,3,-1.28,0.0,1.28
2019-01-28,Cabai Merah Keriting,7,1,-1.28,0.0,1.28
2019-01-28,Cabai Merah Keriting,7,2,-1.28,0.0,1.28
2019-01-28,Cabai Merah Keriting,7,3,-1.28,0.0,1.28
2019-01-28,Cabai Merah Keriting,14,1,-1.28,0.0,1.28
2019-01-28,Cabai Merah Keriting,14,2,-1.28,0.0,1.28
2019-01-28,Cabai Merah Keriting,14,3,-1.28,0.0,1.28
2019-02-04,Cabai Merah Keriting,7,1,-1.28,0.0,1.28
2019-02-04,Cabai Merah Keriting,7,2,-1.28,0.0,1.28
2019-02-04,Cabai Merah Keriting,7,3,-1.28,0.0,1.28
2019-02-04,Cabai Merah Keriting,14,1,-1.28,0.0,1.28
2019-02-04,Cabai Merah Keriting,14,2,-1.28,0.0,1.28
2019-02-04,Cabai Merah Keriting,14,3,-1.28,0.0,1.28
2019-02-11,Cabai Merah Keriting,7,1,-1.28,0.0,1.28
2019-02-11,Cabai Merah Keriting,7,2,-1.28,0.0,1.28
2019-02-11,Cabai Merah Keriting,7,3,-1.28,0.0,1.28
2019-02-11,Cabai Merah Keriting,14,1,-1.28,0.0,1.28
2019-02-11,Cabai Merah Keriting,14,2,-1.28,0.0,1.28
2019-02-11,Cabai Merah Keriting,14,3,-1.28,0.0,1.28
2019-02-18,Cabai Merah Keriting,7,1,-1.28,0.0,1.28
2019-02-18,Cabai Merah Keriting,7,2,-1.28,0.0,1.28
2019-02-18,Cabai Merah Keriting,7,3,-1.28,0.0,1.28
2019-02-18,Cabai Merah Keriting,14,1,-1.28,0.0,1.28
2019-02-18,Cabai Merah Keriting,14,2,-1.28,0.0,1.28
2019-02-18,Cabai Merah Keriting,14,3,-1.28,0.0,1.28
2019-02-25,Cabai Merah Keriting,7,1,-1.28,0.0,1.28
2019-02-25,Cabai Merah Keriting,7,2,-1.28,0.0,1.28
2019-02-25,Cabai Merah Keriting,7,3,-1.28,0.0,1.28
2019-02-25,Cabai Merah Keriting,14,1,-1.28,0.0,1.28
2019-02-25,Cabai Merah Keriting,14,2,-1.28,0.0,1.28
2019-02-25,Cabai Merah Keriting,14,3,-1.28,0.0,1.28
2019-03-04,Cabai Merah Keriting,7,1,-1.28,0.0,1.28
2019-03-04,Cabai Merah Keriting,7,2,-1.28,0.0,1.28
2019-03-04,Cabai Merah Keriting,7,3,-1.28,0.0,1.28
2019-03-04,Cabai Merah Keriting,14,1,-1.28,0.0,1.28
2019-03-04,Cabai Merah Keriting,14,2,-1.28,0.0,1.28
2019-03-04,Cabai Merah Keriting,14,3,-1.28,0.0,1.28
2019-03-11,Cabai Merah Keriting,7,1,-1.28,0.0,1.28
2019-03-11,Cabai Merah Keriting,7,2,-1.28,0.0,1.28
2019-03-11,Cabai Merah Keriting,7,3,-1.28,0.0,1.28
2019-03-11,Cabai Merah Keriting,14,1,-1.28,0.0,1.28
2019-03-11,Cabai Merah Keriting,14,2,-1.28,0.0,1.28
2019-03-11,Cabai Merah Keriting,14,3,-1.28,0.0,1.28
2019-03-18,Cabai Merah Keriting,7,1,-1.28,0.0,1.28
2019-03-18,Cabai Merah Keriting,7,2,-1.28,0.0,1.28
2019-03-18,Cabai Merah Keriting,7,3,-1.28,0.0,1.28
2019-03-18,Cabai Merah Keriting,14,1,-1.28,0.0,1.28
2019-03-18,Cabai Merah Keriting,14,2,-1.28,0.0,1.28
2019-03-18,Cabai Merah Keriting,14,3,-1.28,0.0,1.28
2019-03-25,Cabai Merah Keriting,7,1,-1.28,0.0,1.28
2019-03-25,Cabai Merah Keriting,7,2,-1.28,0.0,1.28
2019-03-25,Cabai Merah Keriting,7,3,-1.28,0.0,1.28
2019-03-25,Cabai Merah Keriting,14,1,-1.28,0.0,1.28
2019-03-25,Cabai Merah Keriting,14,2,-1.28,0.0,1.28
2019-03-25,Cabai Merah Keriting,14,3,-1.28,0.0,1.28
2019-04-01,Cabai Merah Keriting,7,1,-1.28,0.0,1.28
2019-04-01,Cabai Merah Keriting,7,2,-1.28,0.0,1.28
2019-04-01,Cabai Merah Keriting,7,3,-1.28,0.0,1.28
2019-04-01,Cabai Merah Keriting,14,1,-1.28,0.0,1.28
2019-04-01,Cabai Merah Keriting,14,2,-1.28,0.0,1.28
2019-04-01,Cabai Merah Keriting,14,3,-1.28,0.0,1.28
2019-04-08,Cabai Merah Keriting,7,1,-1.28,0.0,1.28
2019-04-08,Cabai Merah Keriting,7,2,-1.28,0.0,1.28
2019-04-08,Cabai Merah Keriting,7,3,-1.28,0.0,1.28
2019-04-08,Cabai Merah Keriting,14,1,-1.28,0.0,1.28
2019-04-08,Cabai Merah Keriting,14,2,-1.28,0.0,1.28
2019-04-08,Cabai Merah Keriting,14,3,-1.28,0.0,1.28
2019-04-22,Cabai Merah Keriting,7,1,-1.28,0.0,1.28
2019-04-22,Cabai Merah Keriting,7,2,-1.28,0.0,1.28
2019-04-22,Cabai Merah Keriting,7,3,-1.28,0.0,1.28
2019-04-22,Cabai Merah Keriting,14,1,-1.28,0.0,1.28
2019-04-22,Cabai Merah Keriting,14,2,-1.28,0.0,1.28
2019-04-22,Cabai Merah Keriting,14,3,-1.28,0.0,1.28
2019-04-29,Cabai Merah Keriting,7,1,-1.28,0.0,1.28
2019-04-29,Cabai Merah Keriting,7,2,-1.28,0.0,1.28
2019-04-29,Cabai Merah Keriting,7,3,-1.28,0.0,1.28
2019-04-29,Cabai Merah Keriting,14,1,-1.28,0.0,1.28
2019-04-29,Cabai Merah Keriting,14,2,-1.28,0.0,1.28
2019-04-29,Cabai Merah Keriting,14,3,-1.28,0.0,1.28
2019-05-06,Cabai Merah Keriting,7,1,-1.28,0.0,1.28
2019-05-06,Cabai Merah Keriting,7,2,-1.28,0.0,1.28
2019-05-06,Cabai Merah Keriting,7,3,-1.28,0.0,1.28
2019-05-06,Cabai Merah Keriting,14,1,-1.28,0.0,1.28
2019-05-06,Cabai Merah Keriting,14,2,-1.28,0.0,1.28
2019-05-06,Cabai Merah Keriting,14,3,-1.28,0.0,1.28
2019-05-13,Cabai Merah Keriting,7,1,-1.28,0.0,1.28
2019-05-13,Cabai Merah Keriting,7,2,-1.28,0.0,1.28
2019-05-13,Cabai Merah Keriting,7,3,-1.28,0.0,1.28
2019-05-13,Cabai Merah Keriting,14,1,-1.28,0.0,1.28
2019-05-13,Cabai Merah Keriting,14,2,-1.28,0.0,1.28
2019-05-13,Cabai Merah Keriting,14,3,-1.28,0.0,1.28
2019-05-20,Cabai Merah Keriting,7,1,-1.28,0.0,1.28
2019-05-20,Cabai Merah Keriting,7,2,-1.28,0.0,1.28
2019-05-20,Cabai Merah Keriting,7,3,-1.28,0.0,1.28
2019-05-20,Cabai Merah Keriting,14,1,-1.28,0.0,1.28
2019-05-20,Cabai Merah Keriting,14,2,-1.28,0.0,1.28
2019-05-20,Cabai Merah Keriting,14,3,-1.28,0.0,1.28
2019-05-27,Cabai Merah Keriting,7,1,-1.28,0.0,1.28
2019-05-27,Cabai Merah Keriting,7,2,-1.28,0.0,1.28
2019-05-27,Cabai Merah Keriting,7,3,-1.28,0.0,1.28
2019-05-27,Cabai Merah Keriting,14,1,-1.28,0.0,1.28
2019-05-27,Cabai Merah Keriting,14,2,-1.28,0.0,1.28
2019-05-27,Cabai Merah Keriting,14,3,-1.28,0.0,1.28
2019-06-03,Cabai Merah Keriting,7,1,-1.28,0.0,1.28
2019-06-03,Cabai Merah Keriting,7,2,-1.28,0.0,1.28
2019-06-03,Cabai Merah Keriting,7,3,-1.28,0.0,1.28
2019-06-03,Cabai Merah Keriting,14,1,-1.28,0.0,1.28
2019-06-03,Cabai Merah Keriting,14,2,-1.28,0.0,1.28
2019-06-03,Cabai Merah Keriting,14,3,-1.28,0.0,1.28
2019-06-10,Cabai Merah Keriting,7,1,-1.28,0.0,1.28
2019-06-10,Cabai Merah Keriting,7,2,-1.28,0.0,1.28
2019-06-10,Cabai Merah Keriting,7,3,-1.28,0.0,1.28
2019-06-10,Cabai Merah Keriting,14,1,-1.28,0.0,1.28
2019-06-10,Cabai Merah Keriting,14,2,-1.28,0.0,1.28
2019-06-10,Cabai Merah Keriting,14,3,-1.28,0.0,1.28
2019-06-17,Cabai Merah Keriting,7,1,-1.28,0.0,1.28
2019-06-17,Cabai Merah Keriting,7,2,-1.28,0.0,1.28
2019-06-17,Cabai Merah Keriting,7,3,-1.28,0.0,1.28
2019-06-17,Cabai Merah Keriting,14,1,-1.28,0.0,1.28
2019-06-17,Cabai Merah Keriting,14,2,-1.28,0.0,1.28
2019-06-17,Cabai Merah Keriting,14,3,-1.28,0.0,1.28
2019-06-24,Cabai Merah Keriting,7,1,-1.28,0.0,1.28
2019-06-24,Cabai Merah Keriting,7,2,-1.28,0.0,1.28
2019-06-24,Cabai Merah Keriting,7,3,-1.28,0.0,1.28
2019-06-24,Cabai Merah Keriting,14,1,-1.28,0.0,1.28
2019-06-24,Cabai Merah Keriting,14,2,-1.28,0.0,1.28
2019-06-24,Cabai Merah Keriting,14,3,-1.28,0.0,1.28
2019-07-01,Cabai Merah Keriting,7,1,-1.28,0.0,1.28
2019-07-01,Cabai Merah Keriting,7,2,-1.28,0.0,1.28
2019-07-01,Cabai Merah Keriting,7,3,-1.28,0.0,1.28
2019-07-01,Cabai Merah Keriting,14,1,-1.28,0.0,1.28
2019-07-01,Cabai Merah Keriting,14,2,-1.28,0.0,1.28
2019-07-01,Cabai Merah Keriting,14,3,-1.28,0.0,1.28
2019-07-08,Cabai Merah Keriting,7,1,-1.28,0.0,1.28
2019-07-08,Cabai Merah Keriting,7,2,-1.28,0.0,1.28
2019-07-08,Cabai Merah Keriting,7,3,-1.28,0.0,1.28
2019-07-08,Cabai Merah Keriting,14,1,-1.28,0.0,1.28
2019-07-08,Cabai Merah Keriting,14,2,-1.28,0.0,1.28
2019-07-08,Cabai Merah Keriting,14,3,-1.28,0.0,1.28
2019-07-15,Cabai Merah Keriting,7,1,-1.28,0.0,1.28
2019-07-15,Cabai Merah Keriting,7,2,-1.28,0.0,1.28
2019-07-15,Cabai Merah Keriting,7,3,-1.28,0.0,1.28
2019-07-15,Cabai Merah Keriting,14,1,-1.28,0.0,1.28
2019-07-15,Cabai Merah Keriting,14,2,-1.28,0.0,1.28
2019-07-15,Cabai Merah Keriting,14,3,-1.28,0.0,1.28
2019-07-22,Cabai Merah Keriting,7,1,-1.28,0.0,1.28
2019-07-22,Cabai Merah Keriting,7,2,-1.28,0.0,1.28
2019-07-22,Cabai Merah Keriting,7,3,-1.28,0.0,1.28
2019-07-22,Cabai Merah Keriting,14,1,-1.28,0.0,1.28
2019-07-22,Cabai Merah Keriting,14,2,-1.28,0.0,1.28
2019-07-22,Cabai Merah Keriting,14,3,-1.28,0.0,1.28
2019-07-29,Cabai Merah Keriting,7,1,-1.28,0.0,1.28
2019-07-29,Cabai Merah Keriting,7,2,-1.28,0.0,1.28
2019-07-29,Cabai Merah Keriting,7,3,-1.28,0.0,1.28
2019-07-29,Cabai Merah Keriting,14,1,-1.28,0.0,1.28
2019-07-29,Cabai Merah Keriting,14,2,-1.28,0.0,1.28
2019-07-29,Cabai Merah Keriting,14,3,-1.28,0.0,1.28
2019-08-05,Cabai Merah Keriting,7,1,-1.28,0.0,1.28
2019-08-05,Cabai Merah Keriting,7,2,-1.28,0.0,1.28
2019-08-05,Cabai Merah Keriting,7,3,-1.28,0.0,1.28
2019-08-05,Cabai Merah Keriting,14,1,-1.28,0.0,1.28
2019-08-05,Cabai Merah Keriting,14,2,-1.28,0.0,1.28
2019-08-05,Cabai Merah Keriting,14,3,-1.28,0.0,1.28
2019-08-12,Cabai Merah Keriting,7,1,-1.28,0.0,1.28
2019-08-12,Cabai Merah Keriting,7,2,-1.28,0.0,1.28
2019-08-12,Cabai Merah Keriting,7,3,-1.28,0.0,1.28
2019-08-12,Cabai Merah Keriting,14,1,-1.28,0.0,1.28
2019-08-12,Cabai Merah Keriting,14,2,-1.28,0.0,1.28
2019-08-12,Cabai Merah Keriting,14,3,-1.28,0.0,1.28
2019-08-19,Cabai Merah Keriting,7,1,-1.28,0.0,1.28
2019-08-19,Cabai Merah Keriting,7,2,-1.28,0.0,1.28
2019-08-19,Cabai Merah Keriting,7,3,-1.28,0.0,1.28
2019-08-19,Cabai Merah Keriting,14,1,-1.28,0.0,1.28
2019-08-19,Cabai Merah Keriting,14,2,-1.28,0.0,1.28
2019-08-19,Cabai Merah Keriting,14,3,-1.28,0.0,1.28
2019-08-26,Cabai Merah Keriting,7,1,-1.28,0.0,1.28
2019-08-26,Cabai Merah Keriting,7,2,-1.28,0.0,1.28
2019-08-26,Cabai Merah Keriting,7,3,-1.28,0.0,1.28
2019-08-26,Cabai Merah Keriting,14,1,-1.28,0.0,1.28
2019-08-26,Cabai Merah Keriting,14,2,-1.28,0.0,1.28
2019-08-26,Cabai Merah Keriting,14,3,-1.28,0.0,1.28
2019-09-02,Cabai Merah Keriting,7,1,-1.28,0.0,1.28
2019-09-02,Cabai Merah Keriting,7,2,-1.28,0.0,1.28
2019-09-02,Cabai Merah Keriting,7,3,-1.28,0.0,1.28
2019-09-02,Cabai Merah Keriting,14,1,-1.28,0.0,1.28
2019-09-02,Cabai Merah Keriting,14,2,-1.28,0.0,1.28
2019-09-02,Cabai Merah Keriting,14,3,-1.28,0.0,1.28
2019-09-09,Cabai Merah Keriting,7,1,-1.28,0.0,1.28
2019-09-09,Cabai Merah Keriting,7,2,-1.28,0.0,1.28
2019-09-09,Cabai Merah Keriting,7,3,-1.28,0.0,1.28
2019-09-09,Cabai Merah Keriting,14,1,-1.28,0.0,1.28
2019-09-09,Cabai Merah Keriting,14,2,-1.28,0.0,1.28
2019-09-09,Cabai Merah Keriting,14,3,-1.28,0.0,1.28
2019-09-16,Cabai Merah Keriting,7,1,-1.28,0.0,1.28
2019-09-16,Cabai Merah Keriting,7,2,-1.28,0.0,1.28
2019-09-16,Cabai Merah Keriting,7,3,-1.28,0.0,1.28
2019-09-16,Cabai Merah Keriting,14,1,-1.28,0.0,1.28
2019-09-16,Cabai Merah Keriting,14,2,-1.28,0.0,1.28
2019-09-16,Cabai Merah Keriting,14,3,-1.28,0.0,1.28
2019-09-23,Cabai Merah Keriting,7,1,-1.28,0.0,1.28
2019-09-23,Cabai Merah Keriting,7,2,-1.28,0.0,1.28
2019-09-23,Cabai Merah Keriting,7,3,-1.28,0.0,1.28
2019-09-23,Cabai Merah Keriting,14,1,-1.28,0.0,1.28
2019-09-23,Cabai Merah Keriting,14,2,-1.28,0.0,1.28
2019-09-23,Cabai Merah Keriting,14,3,-1.28,0.0,1.28
2019-09-30,Cabai Merah Keriting,7,1,-1.28,0.0,1.28
2019-09-30,Cabai Merah Keriting,7,2,-1.28,0.0,1.28
2019-09-30,Cabai Merah Keriting,7,3,-1.28,0.0,1.28
2019-09-30,Cabai Merah Keriting,14,1,-1.28,0.0,1.28
2019-09-30,Cabai Merah Keriting,14,2,-1.28,0.0,1.28
2019-09-30,Cabai Merah Keriting,14,3,-1.28,0.0,1.28
2019-10-07,Cabai Merah Keriting,7,1,-1.28,0.0,1.28
2019-10-07,Cabai Merah Keriting,7,2,-1.28,0.0,1.28
2019-10-07,Cabai Merah Keriting,7,3,-1.28,0.0,1.28
2019-10-07,Cabai Merah Keriting,14,1,-1.28,0.0,1.28
2019-10-07,Cabai Merah Keriting,14,2,-1.28,0.0,1.28
2019-10-07,Cabai Merah Keriting,14,3,-1.28,0.0,1.28
2019-10-14,Cabai Merah Keriting,7,1,-1.28,0.0,1.28
2019-10-14,Cabai Merah Keriting,7,2,-1.28,0.0,1.28
2019-10-14,Cabai Merah Keriting,7,3,-1.28,0.0,1.28
2019-10-14,Cabai Merah Keriting,14,1,-1.28,0.0,1.28
2019-10-14,Cabai Merah Keriting,14,2,-1.28,0.0,1.28
2019-10-14,Cabai Merah Keriting,14,3,-1.28,0.0,1.28
2019-10-21,Cabai Merah Keriting,7,1,-1.28,0.0,1.28
2019-10-21,Cabai Merah Keriting,7,2,-1.28,0.0,1.28
2019-10-21,Cabai Merah Keriting,7,3,-1.28,0.0,1.28
2019-10-21,Cabai Merah Keriting,14,1,-1.28,0.0,1.28
2019-10-21,Cabai Merah Keriting,14,2,-1.28,0.0,1.28
2019-10-21,Cabai Merah Keriting,14,3,-1.28,0.0,1.28
2019-10-28,Cabai Merah Keriting,7,1,-1.28,0.0,1.28
2019-10-28,Cabai Merah Keriting,7,2,-1.28,0.0,1.28
2019-10-28,Cabai Merah Keriting,7,3,-1.28,0.0,1.28
2019-10-28,Cabai Merah Keriting,14,1,-1.28,0.0,1.28
2019-10-28,Cabai Merah Keriting,14,2,-1.28,0.0,1.28
2019-10-28,Cabai Merah Keriting,14,3,-1.28,0.0,1.28
2019-11-04,Cabai Merah Keriting,7,1,-1.28,0.0,1.28
2019-11-04,Cabai Merah Keriting,7,2,-1.28,0.0,1.28
2019-11-04,Cabai Merah Keriting,7,3,-1.28,0.0,1.28
2019-11-04,Cabai Merah Keriting,14,1,-1.28,0.0,1.28
2019-11-04,Cabai Merah Keriting,14,2,-1.28,0.0,1.28
2019-11-04,Cabai Merah Keriting,14,3,-1.28,0.0,1.28
2019-11-11,Cabai Merah Keriting,7,1,-1.28,0.0,1.28
2019-11-11,Cabai Merah Keriting,7,2,-1.28,0.0,1.28
2019-11-11,Cabai Merah Keriting,7,3,-1.28,0.0,1.28
2019-11-11,Cabai Merah Keriting,14,1,-1.28,0.0,1.28
2019-11-11,Cabai Merah Keriting,14,2,-1.28,0.0,1.28
2019-11-11,Cabai Merah Keriting,14,3,-1.28,0.0,1.28
2019-11-18,Cabai Merah Keriting,7,1,-1.28,0.0,1.28
2019-11-18,Cabai Merah Keriting,7,2,-1.28,0.0,1.28
2019-11-18,Cabai Merah Keriting,7,3,-1.28,0.0,1.28
2019-11-18,Cabai Merah Keriting,14,1,-1.28,0.0,1.28
2019-11-18,Cabai Merah Keriting,14,2,-1.28,0.0,1.28
2019-11-18,Cabai Merah Keriting,14,3,-1.28,0.0,1.28
2019-11-25,Cabai Merah Keriting,7,1,-1.28,0.0,1.28
2019-11-25,Cabai Merah Keriting,7,2,-1.28,0.0,1.28
2019-11-25,Cabai Merah Keriting,7,3,-1.28,0.0,1.28
2019-11-25,Cabai Merah Keriting,14,1,-1.28,0.0,1.28
2019-11-25,Cabai Merah Keriting,14,2,-1.28,0.0,1.28
2019-11-25,Cabai Merah Keriting,14,3,-1.28,0.0,1.28
2019-12-02,Cabai Merah Keriting,7,1,-1.28,0.0,1.28
2019-12-02,Cabai Merah Keriting,7,2,-1.28,0.0,1.28
2019-12-02,Cabai Merah Keriting,7,3,-1.28,0.0,1.28
2019-12-02,Cabai Merah Keriting,14,1,-1.28,0.0,1.28
2019-12-02,Cabai Merah Keriting,14,2,-1.28,0.0,1.28
2019-12-02,Cabai Merah Keriting,14,3,-1.28,0.0,1.28
2019-12-09,Cabai Merah Keriting,7,1,-1.28,0.0,1.28
2019-12-09,Cabai Merah Keriting,7,2,-1.28,0.0,1.28
2019-12-09,Cabai Merah Keriting,7,3,-1.28,0.0,1.28
2019-12-09,Cabai Merah Keriting,14,1,-1.28,0.0,1.28
2019-12-09,Cabai Merah Keriting,14,2,-1.28,0.0,1.28
2019-12-09,Cabai Merah Keriting,14,3,-1.28,0.0,1.28
2019-12-16,Cabai Merah Keriting,7,1,-1.28,0.0,1.28
2019-12-16,Cabai Merah Keriting,7,2,-1.28,0.0,1.28
2019-12-16,Cabai Merah Keriting,7,3,-1.28,0.0,1.28
2019-12-16,Cabai Merah Keriting,14,1,-1.28,0.0,1.28
2019-12-16,Cabai Merah Keriting,14,2,-1.28,0.0,1.28
2019-12-16,Cabai Merah Keriting,14,3,-1.28,0.0,1.28
2019-12-23,Cabai Merah Keriting,7,1,-1.28,0.0,1.28
2019-12-23,Cabai Merah Keriting,7,2,-1.28,0.0,1.28
2019-12-23,Cabai Merah Keriting,7,3,-1.28,0.0,1.28
2019-12-23,Cabai Merah Keriting,14,1,-1.28,0.0,1.28
2019-12-23,Cabai Merah Keriting,14,2,-1.28,0.0,1.28
2019-12-23,Cabai Merah Keriting,14,3,-1.28,0.0,1.28
2019-12-30,Cabai Merah Keriting,7,1,-1.28,0.0,1.28
2019-12-30,Cabai Merah Keriting,7,2,-1.28,0.0,1.28
2019-12-30,Cabai Merah Keriting,7,3,-1.28,0.0,1.28
2019-12-30,Cabai Merah Keriting,14,1,-1.28,0.0,1.28
2019-12-30,Cabai Merah Keriting,14,2,-1.28,0.0,1.28
2019-12-30,Cabai Merah Keriting,14,3,-1.28,0.0,1.28
2020-01-06,Cabai Merah Keriting,7,1,-1.28,0.0,1.28
2020-01-06,Cabai Merah Keriting,7,2,-1.28,0.0,1.28
2020-01-06,Cabai Merah Keriting,7,3,-1.28,0.0,1.28
2020-01-06,Cabai Merah Keriting,14,1,-1.28,0.0,1.28
2020-01-06,Cabai Merah Keriting,14,2,-1.28,0.0,1.28
2020-01-06,Cabai Merah Keriting,14,3,-1.28,0.0,1.28
2020-01-13,Cabai Merah Keriting,7,1,-1.28,0.0,1.28
2020-01-13,Cabai Merah Keriting,7,2,-1.28,0.0,1.28
2020-01-13,Cabai Merah Keriting,7,3,-1.28,0.0,1.28
2020-01-13,Cabai Merah Keriting,14,1,-1.28,0.0,1.28
2020-01-13,Cabai Merah Keriting,14,2,-1.28,0.0,1.28
2020-01-13,Cabai Merah Keriting,14,3,-1.28,0.0,1.28
2020-01-20,Cabai Merah Keriting,7,1,-1.28,0.0,1.28
2020-01-20,Cabai Merah Keriting,7,2,-1.28,0.0,1.28
2020-01-20,Cabai Merah Keriting,7,3,-1.28,0.0,1.28
2020-01-20,Cabai Merah Keriting,14,1,-1.28,0.0,1.28
2020-01-20,Cabai Merah Keriting,14,2,-1.28,0.0,1.28
2020-01-20,Cabai Merah Keriting,14,3,-1.28,0.0,1.28
2020-01-27,Cabai Merah Keriting,7,1,-1.28,0.0,1.28
2020-01-27,Cabai Merah Keriting,7,2,-1.28,0.0,1.28
2020-01-27,Cabai Merah Keriting,7,3,-1.28,0.0,1.28
2020-01-27,Cabai Merah Keriting,14,1,-1.28,0.0,1.28
2020-01-27,Cabai Merah Keriting,14,2,-1.28,0.0,1.28
2020-01-27,Cabai Merah Keriting,14,3,-1.28,0.0,1.28
2020-02-03,Cabai Merah Keriting,7,1,-1.28,0.0,1.28
2020-02-03,Cabai Merah Keriting,7,2,-1.28,0.0,1.28
2020-02-03,Cabai Merah Keriting,7,3,-1.28,0.0,1.28
2020-02-03,Cabai Merah Keriting,14,1,-1.28,0.0,1.28
2020-02-03,Cabai Merah Keriting,14,2,-1.28,0.0,1.28
2020-02-03,Cabai Merah Keriting,14,3,-1.28,0.0,1.28
2020-02-10,Cabai Merah Keriting,7,1,-1.28,0.0,1.28
2020-02-10,Cabai Merah Keriting,7,2,-1.28,0.0,1.28
2020-02-10,Cabai Merah Keriting,7,3,-1.28,0.0,1.28
2020-02-10,Cabai Merah Keriting,14,1,-1.28,0.0,1.28
2020-02-10,Cabai Merah Keriting,14,2,-1.28,0.0,1.28
2020-02-10,Cabai Merah Keriting,14,3,-1.28,0.0,1.28
2020-02-17,Cabai Merah Keriting,7,1,-1.28,0.0,1.28
2020-02-17,Cabai Merah Keriting,7,2,-1.28,0.0,1.28
2020-02-17,Cabai Merah Keriting,7,3,-1.28,0.0,1.28
2020-02-17,Cabai Merah Keriting,14,1,-1.28,0.0,1.28
2020-02-17,Cabai Merah Keriting,14,2,-1.28,0.0,1.28
2020-02-17,Cabai Merah Keriting,14,3,-1.28,0.0,1.28
2020-02-24,Cabai Merah Keriting,7,1,-1.28,0.0,1.28
2020-02-24,Cabai Merah Keriting,7,2,-1.28,0.0,1.28
2020-02-24,Cabai Merah Keriting,7,3,-1.28,0.0,1.28
2020-02-24,Cabai Merah Keriting,14,1,-1.28,0.0,1.28
2020-02-24,Cabai Merah Keriting,14,2,-1.28,0.0,1.28
2020-02-24,Cabai Merah Keriting,14,3,-1.28,0.0,1.28
2020-03-02,Cabai Merah Keriting,7,1,-1.28,0.0,1.28
2020-03-02,Cabai Merah Keriting,7,2,-1.28,0.0,1.28
2020-03-02,Cabai Merah Keriting,7,3,-1.28,0.0,1.28
2020-03-02,Cabai Merah Keriting,14,1,-1.28,0.0,1.28
2020-03-02,Cabai Merah Keriting,14,2,-1.28,0.0,1.28
2020-03-02,Cabai Merah Keriting,14,3,-1.28,0.0,1.28
2020-03-09,Cabai Merah Keriting,7,1,-1.28,0.0,1.28
2020-03-09,Cabai Merah Keriting,7,2,-1.28,0.0,1.28
2020-03-09,Cabai Merah Keriting,7,3,-1.28,0.0,1.28
2020-03-09,Cabai Merah Keriting,14,1,-1.28,0.0,1.28
2020-03-09,Cabai Merah Keriting,14,2,-1.28,0.0,1.28
2020-03-09,Cabai Merah Keriting,14,3,-1.28,0.0,1.28
2020-03-16,Cabai Merah Keriting,7,1,-1.28,0.0,1.28
2020-03-16,Cabai Merah Keriting,7,2,-1.28,0.0,1.28
2020-03-16,Cabai Merah Keriting,7,3,-1.28,0.0,1.28
2020-03-16,Cabai Merah Keriting,14,1,-1.28,0.0,1.28
2020-03-16,Cabai Merah Keriting,14,2,-1.28,0.0,1.28
2020-03-16,Cabai Merah Keriting,14,3,-1.28,0.0,1.28
2020-03-23,Cabai Merah Keriting,7,1,-1.28,0.0,1.28
2020-03-23,Cabai Merah Keriting,7,2,-1.28,0.0,1.28
2020-03-23,Cabai Merah Keriting,7,3,-1.28,0.0,1.28
2020-03-23,Cabai Merah Keriting,14,1,-1.28,0.0,1.28
2020-03-23,Cabai Merah Keriting,14,2,-1.28,0.0,1.28
2020-03-23,Cabai Merah Keriting,14,3,-1.28,0.0,1.28
2020-03-30,Cabai Merah Keriting,7,1,-1.28,0.0,1.28
2020-03-30,Cabai Merah Keriting,7,2,-1.28,0.0,1.28
2020-03-30,Cabai Merah Keriting,7,3,-1.28,0.0,1.28
2020-03-30,Cabai Merah Keriting,14,1,-1.28,0.0,1.28
2020-03-30,Cabai Merah Keriting,14,2,-1.28,0.0,1.28
2020-03-30,Cabai Merah Keriting,14,3,-1.28,0.0,1.28
2020-04-06,Cabai Merah Keriting,7,1,-1.28,0.0,1.28
2020-04-06,Cabai Merah Keriting,7,2,-1.28,0.0,1.28
2020-04-06,Cabai Merah Keriting,7,3,-1.28,0.0,1.28
2020-04-06,Cabai Merah Keriting,14,1,-1.28,0.0,1.28
2020-04-06,Cabai Merah Keriting,14,2,-1.28,0.0,1.28
2020-04-06,Cabai Merah Keriting,14,3,-1.28,0.0,1.28
2020-04-13,Cabai Merah Keriting,7,1,-1.28,0.0,1.28
2020-04-13,Cabai Merah Keriting,7,2,-1.28,0.0,1.28
2020-04-13,Cabai Merah Keriting,7,3,-1.28,0.0,1.28
2020-04-13,Cabai Merah Keriting,14,1,-1.28,0.0,1.28
2020-04-13,Cabai Merah Keriting,14,2,-1.28,0.0,1.28
2020-04-13,Cabai Merah Keriting,14,3,-1.28,0.0,1.28
2020-04-20,Cabai Merah Keriting,7,1,-1.28,0.0,1.28
2020-04-20,Cabai Merah Keriting,7,2,-1.28,0.0,1.28
2020-04-20,Cabai Merah Keriting,7,3,-1.28,0.0,1.28
2020-04-20,Cabai Merah Keriting,14,1,-1.28,0.0,1.28
2020-04-20,Cabai Merah Keriting,14,2,-1.28,0.0,1.28
2020-04-20,Cabai Merah Keriting,14,3,-1.28,0.0,1.28
2020-04-27,Cabai Merah Keriting,7,1,-1.28,0.0,1.28
2020-04-27,Cabai Merah Keriting,7,2,-1.28,0.0,1.28
2020-04-27,Cabai Merah Keriting,7,3,-1.28,0.0,1.28
2020-04-27,Cabai Merah Keriting,14,1,-1.28,0.0,1.28
2020-04-27,Cabai Merah Keriting,14,2,-1.28,0.0,1.28
2020-04-27,Cabai Merah Keriting,14,3,-1.28,0.0,1.28
2020-05-04,Cabai Merah Keriting,7,1,-1.28,0.0,1.28
2020-05-04,Cabai Merah Keriting,7,2,-1.28,0.0,1.28
2020-05-04,Cabai Merah Keriting,7,3,-1.28,0.0,1.28
2020-05-04,Cabai Merah Keriting,14,1,-1.28,0.0,1.28
2020-05-04,Cabai Merah Keriting,14,2,-1.28,0.0,1.28
2020-05-04,Cabai Merah Keriting,14,3,-1.28,0.0,1.28
2020-05-11,Cabai Merah Keriting,7,1,-1.28,0.0,1.28
2020-05-11,Cabai Merah Keriting,7,2,-1.28,0.0,1.28
2020-05-11,Cabai Merah Keriting,7,3,-1.28,0.0,1.28
2020-05-11,Cabai Merah Keriting,14,1,-1.28,0.0,1.28
2020-05-11,Cabai Merah Keriting,14,2,-1.28,0.0,1.28
2020-05-11,Cabai Merah Keriting,14,3,-1.28,0.0,1.28
2020-05-18,Cabai Merah Keriting,7,1,-1.28,0.0,1.28
2020-05-18,Cabai Merah Keriting,7,2,-1.28,0.0,1.28
2020-05-18,Cabai Merah Keriting,7,3,-1.28,0.0,1.28
2020-05-18,Cabai Merah Keriting,14,1,-1.28,0.0,1.28
2020-05-18,Cabai Merah Keriting,14,2,-1.28,0.0,1.28
2020-05-18,Cabai Merah Keriting,14,3,-1.28,0.0,1.28
2020-05-25,Cabai Merah Keriting,7,1,-1.28,0.0,1.28
2020-05-25,Cabai Merah Keriting,7,2,-1.28,0.0,1.28
2020-05-25,Cabai Merah Keriting,7,3,-1.28,0.0,1.28
2020-05-25,Cabai Merah Keriting,14,1,-1.28,0.0,1.28
2020-05-25,Cabai Merah Keriting,14,2,-1.28,0.0,1.28
2020-05-25,Cabai Merah Keriting,14,3,-1.28,0.0,1.28
2020-06-01,Cabai Merah Keriting,7,1,-1.28,0.0,1.28
2020-06-01,Cabai Merah Keriting,7,2,-1.28,0.0,1.28
2020-06-01,Cabai Merah Keriting,7,3,-1.28,0.0,1.28
2020-06-01,Cabai Merah Keriting,14,1,-1.28,0.0,1.28
2020-06-01,Cabai Merah Keriting,14,2,-1.28,0.0,1.28
2020-06-01,Cabai Merah Keriting,14,3,-1.28,0.0,1.28
2020-06-08,Cabai Merah Keriting,7,1,-1.28,0.0,1.28
2020-06-08,Cabai Merah Keriting,7,2,-1.28,0.0,1.28
2020-06-08,Cabai Merah Keriting,7,3,-1.28,0.0,1.28
2020-06-08,Cabai Merah Keriting,14,1,-1.28,0.0,1.28
2020-06-08,Cabai Merah Keriting,14,2,-1.28,0.0,1.28
2020-06-08,Cabai Merah Keriting,14,3,-1.28,0.0,1.28
2020-06-15,Cabai Merah Keriting,7,1,-1.28,0.0,1.28
2020-06-15,Cabai Merah Keriting,7,2,-1.28,0.0,1.28
2020-06-15,Cabai Merah Keriting,7,3,-1.28,0.0,1.28
2020-06-15,Cabai Merah Keriting,14,1,-1.28,0.0,1.28
2020-06-15,Cabai Merah Keriting,14,2,-1.28,0.0,1.28
2020-06-15,Cabai Merah Keriting,14,3,-1.28,0.0,1.28
2020-06-22,Cabai Merah Keriting,7,1,-1.28,0.0,1.28
2020-06-22,Cabai Merah Keriting,7,2,-1.28,0.0,1.28
2020-06-22,Cabai Merah Keriting,7,3,-1.28,0.0,1.28
2020-06-22,Cabai Merah Keriting,14,1,-1.28,0.0,1.28
2020-06-22,Cabai Merah Keriting,14,2,-1.28,0.0,1.28
2020-06-22,Cabai Merah Keriting,14,3,-1.28,0.0,1.28
2020-06-29,Cabai Merah Keriting,7,1,-1.28,0.0,1.28
2020-06-29,Cabai Merah Keriting,7,2,-1.28,0.0,1.28
2020-06-29,Cabai Merah Keriting,7,3,-1.28,0.0,1.28
2020-06-29,Cabai Merah Keriting,14,1,-1.28,0.0,1.28
2020-06-29,Cabai Merah Keriting,14,2,-1.28,0.0,1.28
2020-06-29,Cabai Merah Keriting,14,3,-1.28,0.0,1.28
2020-07-06,Cabai Merah Keriting,7,1,-1.28,0.0,1.28
2020-07-06,Cabai Merah Keriting,7,2,-1.28,0.0,1.28
2020-07-06,Cabai Merah Keriting,7,3,-1.28,0.0,1.28
2020-07-06,Cabai Merah Keriting,14,1,-1.28,0.0,1.28
2020-07-06,Cabai Merah Keriting,14,2,-1.28,0.0,1.28
2020-07-06,Cabai Merah Keriting,14,3,-1.28,0.0,1.28
2020-07-13,Cabai Merah Keriting,7,1,-1.28,0.0,1.28
2020-07-13,Cabai Merah Keriting,7,2,-1.28,0.0,1.28
2020-07-13,Cabai Merah Keriting,7,3,-1.28,0.0,1.28
2020-07-13,Cabai Merah Keriting,14,1,-1.28,0.0,1.28
2020-07-13,Cabai Merah Keriting,14,2,-1.28,0.0,1.28
2020-07-13,Cabai Merah Keriting,14,3,-1.28,0.0,1.28
2020-07-20,Cabai Merah Keriting,7,1,-1.28,0.0,1.28
2020-07-20,Cabai Merah Keriting,7,2,-1.28,0.0,1.28
2020-07-20,Cabai Merah Keriting,7,3,-1.28,0.0,1.28
2020-07-20,Cabai Merah Keriting,14,1,-1.28,0.0,1.28
2020-07-20,Cabai Merah Keriting,14,2,-1.28,0.0,1.28
2020-07-20,Cabai Merah Keriting,14,3,-1.28,0.0,1.28
2020-07-27,Cabai Merah Keriting,7,1,-1.28,0.0,1.28
2020-07-27,Cabai Merah Keriting,7,2,-1.28,0.0,1.28
2020-07-27,Cabai Merah Keriting,7,3,-1.28,0.0,1.28
2020-07-27,Cabai Merah Keriting,14,1,-1.28,0.0,1.28
2020-07-27,Cabai Merah Keriting,14,2,-1.28,0.0,1.28
2020-07-27,Cabai Merah Keriting,14,3,-1.28,0.0,1.28
2020-08-03,Cabai Merah Keriting,7,1,-1.28,0.0,1.28
2020-08-03,Cabai Merah Keriting,7,2,-1.28,0.0,1.28
2020-08-03,Cabai Merah Keriting,7,3,-1.28,0.0,1.28
2020-08-03,Cabai Merah Keriting,14,1,-1.28,0.0,1.28
2020-08-03,Cabai Merah Keriting,14,2,-1.28,0.0,1.28
2020-08-03,Cabai Merah Keriting,14,3,-1.28,0.0,1.28
2020-08-10,Cabai Merah Keriting,7,1,-1.28,0.0,1.28
2020-08-10,Cabai Merah Keriting,7,2,-1.28,0.0,1.28
2020-08-10,Cabai Merah Keriting,7,3,-1.28,0.0,1.28
2020-08-10,Cabai Merah Keriting,14,1,-1.28,0.0,1.28
2020-08-10,Cabai Merah Keriting,14,2,-1.28,0.0,1.28
2020-08-10,Cabai Merah Keriting,14,3,-1.28,0.0,1.28
2020-08-17,Cabai Merah Keriting,7,1,-1.28,0.0,1.28
2020-08-17,Cabai Merah Keriting,7,2,-1.28,0.0,1.28
2020-08-17,Cabai Merah Keriting,7,3,-1.28,0.0,1.28
2020-08-17,Cabai Merah Keriting,14,1,-1.28,0.0,1.28
2020-08-17,Cabai Merah Keriting,14,2,-1.28,0.0,1.28
2020-08-17,Cabai Merah Keriting,14,3,-1.28,0.0,1.28
2020-08-24,Cabai Merah Keriting,7,1,-1.28,0.0,1.28
2020-08-24,Cabai Merah Keriting,7,2,-1.28,0.0,1.28
2020-08-24,Cabai Merah Keriting,7,3,-1.28,0.0,1.28
2020-08-24,Cabai Merah Keriting,14,1,-1.28,0.0,1.28
2020-08-24,Cabai Merah Keriting,14,2,-1.28,0.0,1.28
2020-08-24,Cabai Merah Keriting,14,3,-1.28,0.0,1.28
2020-08-31,Cabai Merah Keriting,7,1,-1.28,0.0,1.28
2020-08-31,Cabai Merah Keriting,7,2,-1.28,0.0,1.28
2020-08-31,Cabai Merah Keriting,7,3,-1.28,0.0,1.28
2020-08-31,Cabai Merah Keriting,14,1,-1.28,0.0,1.28
2020-08-31,Cabai Merah Keriting,14,2,-1.28,0.0,1.28
2020-08-31,Cabai Merah Keriting,14,3,-1.28,0.0,1.28
2020-09-07,Cabai Merah Keriting,7,1,-1.28,0.0,1.28
2020-09-07,Cabai Merah Keriting,7,2,-1.28,0.0,1.28
2020-09-07,Cabai Merah Keriting,7,3,-1.28,0.0,1.28
2020-09-07,Cabai Merah Keriting,14,1,-1.28,0.0,1.28
2020-09-07,Cabai Merah Keriting,14,2,-1.28,0.0,1.28
2020-09-07,Cabai Merah Keriting,14,3,-1.28,0.0,1.28
2020-09-14,Cabai Merah Keriting,7,1,-1.28,0.0,1.28
2020-09-14,Cabai Merah Keriting,7,2,-1.28,0.0,1.28
2020-09-14,Cabai Merah Keriting,7,3,-1.28,0.0,1.28
2020-09-14,Cabai Merah Keriting,14,1,-1.28,0.0,1.28
2020-09-14,Cabai Merah Keriting,14,2,-1.28,0.0,1.28
2020-09-14,Cabai Merah Keriting,14,3,-1.28,0.0,1.28
2020-09-21,Cabai Merah Keriting,7,1,-1.28,0.0,1.28
2020-09-21,Cabai Merah Keriting,7,2,-1.28,0.0,1.28
2020-09-21,Cabai Merah Keriting,7,3,-1.28,0.0,1.28
2020-09-21,Cabai Merah Keriting,14,1,-1.28,0.0,1.28
2020-09-21,Cabai Merah Keriting,14,2,-1.28,0.0,1.28
2020-09-21,Cabai Merah Keriting,14,3,-1.28,0.0,1.28
2020-09-28,Cabai Merah Keriting,7,1,-1.28,0.0,1.28
2020-09-28,Cabai Merah Keriting,7,2,-1.28,0.0,1.28
2020-09-28,Cabai Merah Keriting,7,3,-1.28,0.0,1.28
2020-09-28,Cabai Merah Keriting,14,1,-1.28,0.0,1.28
2020-09-28,Cabai Merah Keriting,14,2,-1.28,0.0,1.28
2020-09-28,Cabai Merah Keriting,14,3,-1.28,0.0,1.28
2020-10-05,Cabai Merah Keriting,7,1,-1.28,0.0,1.28
2020-10-05,Cabai Merah Keriting,7,2,-1.28,0.0,1.28
2020-10-05,Cabai Merah Keriting,7,3,-1.28,0.0,1.28
2020-10-05,Cabai Merah Keriting,14,1,-1.28,0.0,1.28
2020-10-05,Cabai Merah Keriting,14,2,-1.28,0.0,1.28
2020-10-05,Cabai Merah Keriting,14,3,-1.28,0.0,1.28
2020-10-12,Cabai Merah Keriting,7,1,-1.28,0.0,1.28
2020-10-12,Cabai Merah Keriting,7,2,-1.28,0.0,1.28
2020-10-12,Cabai Merah Keriting,7,3,-1.28,0.0,1.28
2020-10-12,Cabai Merah Keriting,14,1,-1.28,0.0,1.28
2020-10-12,Cabai Merah Keriting,14,2,-1.28,0.0,1.28
2020-10-12,Cabai Merah Keriting,14,3,-1.28,0.0,1.28
2020-10-19,Cabai Merah Keriting,7,1,-1.28,0.0,1.28
2020-10-19,Cabai Merah Keriting,7,2,-1.28,0.0,1.28
2020-10-19,Cabai Merah Keriting,7,3,-1.28,0.0,1.28
2020-10-19,Cabai Merah Keriting,14,1,-1.28,0.0,1.28
2020-10-19,Cabai Merah Keriting,14,2,-1.28,0.0,1.28
2020-10-19,Cabai Merah Keriting,14,3,-1.28,0.0,1.28
2020-10-26,Cabai Merah Keriting,7,1,-1.28,0.0,1.28
2020-10-26,Cabai Merah Keriting,7,2,-1.28,0.0,1.28
2020-10-26,Cabai Merah Keriting,7,3,-1.28,0.0,1.28
2020-10-26,Cabai Merah Keriting,14,1,-1.28,0.0,1.28
2020-10-26,Cabai Merah Keriting,14,2,-1.28,0.0,1.28
2020-10-26,Cabai Merah Keriting,14,3,-1.28,0.0,1.28
2020-11-02,Cabai Merah Keriting,7,1,-1.28,0.0,1.28
2020-11-02,Cabai Merah Keriting,7,2,-1.28,0.0,1.28
2020-11-02,Cabai Merah Keriting,7,3,-1.28,0.0,1.28
2020-11-02,Cabai Merah Keriting,14,1,-1.28,0.0,1.28
2020-11-02,Cabai Merah Keriting,14,2,-1.28,0.0,1.28
2020-11-02,Cabai Merah Keriting,14,3,-1.28,0.0,1.28
2020-11-09,Cabai Merah Keriting,7,1,-1.28,0.0,1.28
2020-11-09,Cabai Merah Keriting,7,2,-1.28,0.0,1.28
2020-11-09,Cabai Merah Keriting,7,3,-1.28,0.0,1.28
2020-11-09,Cabai Merah Keriting,14,1,-1.28,0.0,1.28
2020-11-09,Cabai Merah Keriting,14,2,-1.28,0.0,1.28
2020-11-09,Cabai Merah Keriting,14,3,-1.28,0.0,1.28
2020-11-16,Cabai Merah Keriting,7,1,-1.28,0.0,1.28
2020-11-16,Cabai Merah Keriting,7,2,-1.28,0.0,1.28
2020-11-16,Cabai Merah Keriting,7,3,-1.28,0.0,1.28
2020-11-16,Cabai Merah Keriting,14,1,-1.28,0.0,1.28
2020-11-16,Cabai Merah Keriting,14,2,-1.28,0.0,1.28
2020-11-16,Cabai Merah Keriting,14,3,-1.28,0.0,1.28
2020-11-23,Cabai Merah Keriting,7,1,-1.28,0.0,1.28
2020-11-23,Cabai Merah Keriting,7,2,-1.28,0.0,1.28
2020-11-23,Cabai Merah Keriting,7,3,-1.28,0.0,1.28
2020-11-23,Cabai Merah Keriting,14,1,-1.28,0.0,1.28
2020-11-23,Cabai Merah Keriting,14,2,-1.28,0.0,1.28
2020-11-23,Cabai Merah Keriting,14,3,-1.28,0.0,1.28
2020-11-30,Cabai Merah Keriting,7,1,-1.28,0.0,1.28
2020-11-30,Cabai Merah Keriting,7,2,-1.28,0.0,1.28
2020-11-30,Cabai Merah Keriting,7,3,-1.28,0.0,1.28
2020-11-30,Cabai Merah Keriting,14,1,-1.28,0.0,1.28
2020-11-30,Cabai Merah Keriting,14,2,-1.28,0.0,1.28
2020-11-30,Cabai Merah Keriting,14,3,-1.28,0.0,1.28
2020-12-07,Cabai Merah Keriting,7,1,-1.28,0.0,1.28
2020-12-07,Cabai Merah Keriting,7,2,-1.28,0.0,1.28
2020-12-07,Cabai Merah Keriting,7,3,-1.28,0.0,1.28
2020-12-07,Cabai Merah Keriting,14,1,-1.28,0.0,1.28
2020-12-07,Cabai Merah Keriting,14,2,-1.28,0.0,1.28
2020-12-07,Cabai Merah Keriting,14,3,-1.28,0.0,1.28
2020-12-14,Cabai Merah Keriting,7,1,-1.28,0.0,1.28
2020-12-14,Cabai Merah Keriting,7,2,-1.28,0.0,1.28
2020-12-14,Cabai Merah Keriting,7,3,-1.28,0.0,1.28
2020-12-14,Cabai Merah Keriting,14,1,-1.28,0.0,1.28
2020-12-14,Cabai Merah Keriting,14,2,-1.28,0.0,1.28
2020-12-14,Cabai Merah Keriting,14,3,-1.28,0.0,1.28
2020-12-21,Cabai Merah Keriting,7,1,-1.28,0.0,1.28
2020-12-21,Cabai Merah Keriting,7,2,-1.28,0.0,1.28
2020-12-21,Cabai Merah Keriting,7,3,-1.28,0.0,1.28
2020-12-21,Cabai Merah Keriting,14,1,-1.28,0.0,1.28
2020-12-21,Cabai Merah Keriting,14,2,-1.28,0.0,1.28
2020-12-21,Cabai Merah Keriting,14,3,-1.28,0.0,1.28
2020-12-28,Cabai Merah Keriting,7,1,-1.28,0.0,1.28
2020-12-28,Cabai Merah Keriting,7,2,-1.28,0.0,1.28
2020-12-28,Cabai Merah Keriting,7,3,-1.28,0.0,1.28
2020-12-28,Cabai Merah Keriting,14,1,-1.28,0.0,1.28
2020-12-28,Cabai Merah Keriting,14,2,-1.28,0.0,1.28
2020-12-28,Cabai Merah Keriting,14,3,-1.28,0.0,1.28
2021-01-04,Cabai Merah Keriting,7,1,-1.28,0.0,1.28
2021-01-04,Cabai Merah Keriting,7,2,-1.28,0.0,1.28
2021-01-04,Cabai Merah Keriting,7,3,-1.28,0.0,1.28
2021-01-04,Cabai Merah Keriting,14,1,-1.28,0.0,1.28
2021-01-04,Cabai Merah Keriting,14,2,-1.28,0.0,1.28
2021-01-04,Cabai Merah Keriting,14,3,-1.28,0.0,1.28
2021-01-11,Cabai Merah Keriting,7,1,-1.28,0.0,1.28
2021-01-11,Cabai Merah Keriting,7,2,-1.28,0.0,1.28
2021-01-11,Cabai Merah Keriting,7,3,-1.28,0.0,1.28
2021-01-11,Cabai Merah Keriting,14,1,-1.28,0.0,1.28
2021-01-11,Cabai Merah Keriting,14,2,-1.28,0.0,1.28
2021-01-11,Cabai Merah Keriting,14,3,-1.28,0.0,1.28
2021-01-18,Cabai Merah Keriting,7,1,-1.28,0.0,1.28
2021-01-18,Cabai Merah Keriting,7,2,-1.28,0.0,1.28
2021-01-18,Cabai Merah Keriting,7,3,-1.28,0.0,1.28
2021-01-18,Cabai Merah Keriting,14,1,-1.28,0.0,1.28
2021-01-18,Cabai Merah Keriting,14,2,-1.28,0.0,1.28
2021-01-18,Cabai Merah Keriting,14,3,-1.28,0.0,1.28
2021-01-25,Cabai Merah Keriting,7,1,-1.28,0.0,1.28
2021-01-25,Cabai Merah Keriting,7,2,-1.28,0.0,1.28
2021-01-25,Cabai Merah Keriting,7,3,-1.28,0.0,1.28
2021-01-25,Cabai Merah Keriting,14,1,-1.28,0.0,1.28
2021-01-25,Cabai Merah Keriting,14,2,-1.28,0.0,1.28
2021-01-25,Cabai Merah Keriting,14,3,-1.28,0.0,1.28
2021-02-01,Cabai Merah Keriting,7,1,-1.28,0.0,1.28
2021-02-01,Cabai Merah Keriting,7,2,-1.28,0.0,1.28
2021-02-01,Cabai Merah Keriting,7,3,-1.28,0.0,1.28
2021-02-01,Cabai Merah Keriting,14,1,-1.28,0.0,1.28
2021-02-01,Cabai Merah Keriting,14,2,-1.28,0.0,1.28
2021-02-01,Cabai Merah Keriting,14,3,-1.28,0.0,1.28
2021-02-08,Cabai Merah Keriting,7,1,-1.28,0.0,1.28
2021-02-08,Cabai Merah Keriting,7,2,-1.28,0.0,1.28
2021-02-08,Cabai Merah Keriting,7,3,-1.28,0.0,1.28
2021-02-08,Cabai Merah Keriting,14,1,-1.28,0.0,1.28
2021-02-08,Cabai Merah Keriting,14,2,-1.28,0.0,1.28
2021-02-08,Cabai Merah Keriting,14,3,-1.28,0.0,1.28
2021-02-15,Cabai Merah Keriting,7,1,-1.28,0.0,1.28
2021-02-15,Cabai Merah Keriting,7,2,-1.28,0.0,1.28
2021-02-15,Cabai Merah Keriting,7,3,-1.28,0.0,1.28
2021-02-15,Cabai Merah Keriting,14,1,-1.28,0.0,1.28
2021-02-15,Cabai Merah Keriting,14,2,-1.28,0.0,1.28
2021-02-15,Cabai Merah Keriting,14,3,-1.28,0.0,1.28
2021-02-22,Cabai Merah Keriting,7,1,-1.28,0.0,1.28
2021-02-22,Cabai Merah Keriting,7,2,-1.28,0.0,1.28
2021-02-22,Cabai Merah Keriting,7,3,-1.28,0.0,1.28
2021-02-22,Cabai Merah Keriting,14,1,-1.28,0.0,1.28
2021-02-22,Cabai Merah Keriting,14,2,-1.28,0.0,1.28
2021-02-22,Cabai Merah Keriting,14,3,-1.28,0.0,1.28
2021-03-01,Cabai Merah Keriting,7,1,-1.28,0.0,1.28
2021-03-01,Cabai Merah Keriting,7,2,-1.28,0.0,1.28
2021-03-01,Cabai Merah Keriting,7,3,-1.28,0.0,1.28
2021-03-01,Cabai Merah Keriting,14,1,-1.28,0.0,1.28
2021-03-01,Cabai Merah Keriting,14,2,-1.28,0.0,1.28
2021-03-01,Cabai Merah Keriting,14,3,-1.28,0.0,1.28
2021-03-08,Cabai Merah Keriting,7,1,-1.28,0.0,1.28
2021-03-08,Cabai Merah Keriting,7,2,-1.28,0.0,1.28
2021-03-08,Cabai Merah Keriting,7,3,-1.28,0.0,1.28
2021-03-08,Cabai Merah Keriting,14,1,-1.28,0.0,1.28
2021-03-08,Cabai Merah Keriting,14,2,-1.28,0.0,1.28
2021-03-08,Cabai Merah Keriting,14,3,-1.28,0.0,1.28
2021-03-15,Cabai Merah Keriting,7,1,-1.28,0.0,1.28
2021-03-15,Cabai Merah Keriting,7,2,-1.28,0.0,1.28
2021-03-15,Cabai Merah Keriting,7,3,-1.28,0.0,1.28
2021-03-15,Cabai Merah Keriting,14,1,-1.28,0.0,1.28
2021-03-15,Cabai Merah Keriting,14,2,-1.28,0.0,1.28
2021-03-15,Cabai Merah Keriting,14,3,-1.28,0.0,1.28
2021-03-22,Cabai Merah Keriting,7,1,-1.28,0.0,1.28
2021-03-22,Cabai Merah Keriting,7,2,-1.28,0.0,1.28
2021-03-22,Cabai Merah Keriting,7,3,-1.28,0.0,1.28
2021-03-22,Cabai Merah Keriting,14,1,-1.28,0.0,1.28
2021-03-22,Cabai Merah Keriting,14,2,-1.28,0.0,1.28
2021-03-22,Cabai Merah Keriting,14,3,-1.28,0.0,1.28
2021-03-29,Cabai Merah Keriting,7,1,-1.28,0.0,1.28
2021-03-29,Cabai Merah Keriting,7,2,-1.28,0.0,1.28
2021-03-29,Cabai Merah Keriting,7,3,-1.28,0.0,1.28
2021-03-29,Cabai Merah Keriting,14,1,-1.28,0.0,1.28
2021-03-29,Cabai Merah Keriting,14,2,-1.28,0.0,1.28
2021-03-29,Cabai Merah Keriting,14,3,-1.28,0.0,1.28
2021-04-05,Cabai Merah Keriting,7,1,-1.28,0.0,1.28
2021-04-05,Cabai Merah Keriting,7,2,-1.28,0.0,1.28
2021-04-05,Cabai Merah Keriting,7,3,-1.28,0.0,1.28
2021-04-05,Cabai Merah Keriting,14,1,-1.28,0.0,1.28
2021-04-05,Cabai Merah Keriting,14,2,-1.28,0.0,1.28
2021-04-05,Cabai Merah Keriting,14,3,-1.28,0.0,1.28
2021-04-12,Cabai Merah Keriting,7,1,-1.28,0.0,1.28
2021-04-12,Cabai Merah Keriting,7,2,-1.28,0.0,1.28
2021-04-12,Cabai Merah Keriting,7,3,-1.28,0.0,1.28
2021-04-12,Cabai Merah Keriting,14,1,-1.28,0.0,1.28
2021-04-12,Cabai Merah Keriting,14,2,-1.28,0.0,1.28
2021-04-12,Cabai Merah Keriting,14,3,-1.28,0.0,1.28
2021-04-19,Cabai Merah Keriting,7,1,-1.28,0.0,1.28
2021-04-19,Cabai Merah Keriting,7,2,-1.28,0.0,1.28
2021-04-19,Cabai Merah Keriting,7,3,-1.28,0.0,1.28
2021-04-19,Cabai Merah Keriting,14,1,-1.28,0.0,1.28
2021-04-19,Cabai Merah Keriting,14,2,-1.28,0.0,1.28
2021-04-19,Cabai Merah Keriting,14,3,-1.28,0.0,1.28
2021-04-26,Cabai Merah Keriting,7,1,-1.28,0.0,1.28
2021-04-26,Cabai Merah Keriting,7,2,-1.28,0.0,1.28
2021-04-26,Cabai Merah Keriting,7,3,-1.28,0.0,1.28
2021-04-26,Cabai Merah Keriting,14,1,-1.28,0.0,1.28
2021-04-26,Cabai Merah Keriting,14,2,-1.28,0.0,1.28
2021-04-26,Cabai Merah Keriting,14,3,-1.28,0.0,1.28
2021-05-03,Cabai Merah Keriting,7,1,-1.28,0.0,1.28
2021-05-03,Cabai Merah Keriting,7,2,-1.28,0.0,1.28
2021-05-03,Cabai Merah Keriting,7,3,-1.28,0.0,1.28
2021-05-03,Cabai Merah Keriting,14,1,-1.28,0.0,1.28
2021-05-03,Cabai Merah Keriting,14,2,-1.28,0.0,1.28
2021-05-03,Cabai Merah Keriting,14,3,-1.28,0.0,1.28
2021-05-10,Cabai Merah Keriting,7,1,-1.28,0.0,1.28
2021-05-10,Cabai Merah Keriting,7,2,-1.28,0.0,1.28
2021-05-10,Cabai Merah Keriting,7,3,-1.28,0.0,1.28
2021-05-10,Cabai Merah Keriting,14,1,-1.28,0.0,1.28
2021-05-10,Cabai Merah Keriting,14,2,-1.28,0.0,1.28
2021-05-10,Cabai Merah Keriting,14,3,-1.28,0.0,1.28
2021-05-17,Cabai Merah Keriting,7,1,-1.28,0.0,1.28
2021-05-17,Cabai Merah Keriting,7,2,-1.28,0.0,1.28
2021-05-17,Cabai Merah Keriting,7,3,-1.28,0.0,1.28
2021-05-17,Cabai Merah Keriting,14,1,-1.28,0.0,1.28
2021-05-17,Cabai Merah Keriting,14,2,-1.28,0.0,1.28
2021-05-17,Cabai Merah Keriting,14,3,-1.28,0.0,1.28
2021-05-24,Cabai Merah Keriting,7,1,-1.28,0.0,1.28
2021-05-24,Cabai Merah Keriting,7,2,-1.28,0.0,1.28
2021-05-24,Cabai Merah Keriting,7,3,-1.28,0.0,1.28
2021-05-24,Cabai Merah Keriting,14,1,-1.28,0.0,1.28
2021-05-24,Cabai Merah Keriting,14,2,-1.28,0.0,1.28
2021-05-24,Cabai Merah Keriting,14,3,-1.28,0.0,1.28
2021-05-31,Cabai Merah Keriting,7,1,-1.28,0.0,1.28
2021-05-31,Cabai Merah Keriting,7,2,-1.28,0.0,1.28
2021-05-31,Cabai Merah Keriting,7,3,-1.28,0.0,1.28
2021-05-31,Cabai Merah Keriting,14,1,-1.28,0.0,1.28
2021-05-31,Cabai Merah Keriting,14,2,-1.28,0.0,1.28
2021-05-31,Cabai Merah Keriting,14,3,-1.28,0.0,1.28
2021-06-07,Cabai Merah Keriting,7,1,-1.28,0.0,1.28
2021-06-07,Cabai Merah Keriting,7,2,-1.28,0.0,1.28
2021-06-07,Cabai Merah Keriting,7,3,-1.28,0.0,1.28
2021-06-07,Cabai Merah Keriting,14,1,-1.28,0.0,1.28
2021-06-07,Cabai Merah Keriting,14,2,-1.28,0.0,1.28
2021-06-07,Cabai Merah Keriting,14,3,-1.28,0.0,1.28
2021-06-14,Cabai Merah Keriting,7,1,-1.28,0.0,1.28
2021-06-14,Cabai Merah Keriting,7,2,-1.28,0.0,1.28
2021-06-14,Cabai Merah Keriting,7,3,-1.28,0.0,1.28
2021-06-14,Cabai Merah Keriting,14,1,-1.28,0.0,1.28
2021-06-14,Cabai Merah Keriting,14,2,-1.28,0.0,1.28
2021-06-14,Cabai Merah Keriting,14,3,-1.28,0.0,1.28
2021-06-21,Cabai Merah Keriting,7,1,-1.28,0.0,1.28
2021-06-21,Cabai Merah Keriting,7,2,-1.28,0.0,1.28
2021-06-21,Cabai Merah Keriting,7,3,-1.28,0.0,1.28
2021-06-21,Cabai Merah Keriting,14,1,-1.28,0.0,1.28
2021-06-21,Cabai Merah Keriting,14,2,-1.28,0.0,1.28
2021-06-21,Cabai Merah Keriting,14,3,-1.28,0.0,1.28
2021-06-28,Cabai Merah Keriting,7,1,-1.28,0.0,1.28
2021-06-28,Cabai Merah Keriting,7,2,-1.28,0.0,1.28
2021-06-28,Cabai Merah Keriting,7,3,-1.28,0.0,1.28
2021-06-28,Cabai Merah Keriting,14,1,-1.28,0.0,1.28
2021-06-28,Cabai Merah Keriting,14,2,-1.28,0.0,1.28
2021-06-28,Cabai Merah Keriting,14,3,-1.28,0.0,1.28
2021-07-05,Cabai Merah Keriting,7,1,-1.28,0.0,1.28
2021-07-05,Cabai Merah Keriting,7,2,-1.28,0.0,1.28
2021-07-05,Cabai Merah Keriting,7,3,-1.28,0.0,1.28
2021-07-05,Cabai Merah Keriting,14,1,-1.28,0.0,1.28
2021-07-05,Cabai Merah Keriting,14,2,-1.28,0.0,1.28
2021-07-05,Cabai Merah Keriting,14,3,-1.28,0.0,1.28
2021-07-12,Cabai Merah Keriting,7,1,-1.28,0.0,1.28
2021-07-12,Cabai Merah Keriting,7,2,-1.28,0.0,1.28
2021-07-12,Cabai Merah Keriting,7,3,-1.28,0.0,1.28
2021-07-12,Cabai Merah Keriting,14,1,-1.28,0.0,1.28
2021-07-12,Cabai Merah Keriting,14,2,-1.28,0.0,1.28
2021-07-12,Cabai Merah Keriting,14,3,-1.28,0.0,1.28
2021-07-19,Cabai Merah Keriting,7,1,-1.28,0.0,1.28
2021-07-19,Cabai Merah Keriting,7,2,-1.28,0.0,1.28
2021-07-19,Cabai Merah Keriting,7,3,-1.28,0.0,1.28
2021-07-19,Cabai Merah Keriting,14,1,-1.28,0.0,1.28
2021-07-19,Cabai Merah Keriting,14,2,-1.28,0.0,1.28
2021-07-19,Cabai Merah Keriting,14,3,-1.28,0.0,1.28
2021-07-26,Cabai Merah Keriting,7,1,-1.28,0.0,1.28
2021-07-26,Cabai Merah Keriting,7,2,-1.28,0.0,1.28
2021-07-26,Cabai Merah Keriting,7,3,-1.28,0.0,1.28
2021-07-26,Cabai Merah Keriting,14,1,-1.28,0.0,1.28
2021-07-26,Cabai Merah Keriting,14,2,-1.28,0.0,1.28
2021-07-26,Cabai Merah Keriting,14,3,-1.28,0.0,1.28
2021-08-02,Cabai Merah Keriting,7,1,-1.28,0.0,1.28
2021-08-02,Cabai Merah Keriting,7,2,-1.28,0.0,1.28
2021-08-02,Cabai Merah Keriting,7,3,-1.28,0.0,1.28
2021-08-02,Cabai Merah Keriting,14,1,-1.28,0.0,1.28
2021-08-02,Cabai Merah Keriting,14,2,-1.28,0.0,1.28
2021-08-02,Cabai Merah Keriting,14,3,-1.28,0.0,1.28
2021-08-09,Cabai Merah Keriting,7,1,-1.28,0.0,1.28
2021-08-09,Cabai Merah Keriting,7,2,-1.28,0.0,1.28
2021-08-09,Cabai Merah Keriting,7,3,-1.28,0.0,1.28
2021-08-09,Cabai Merah Keriting,14,1,-1.28,0.0,1.28
2021-08-09,Cabai Merah Keriting,14,2,-1.28,0.0,1.28
2021-08-09,Cabai Merah Keriting,14,3,-1.28,0.0,1.28
2021-08-16,Cabai Merah Keriting,7,1,-1.28,0.0,1.28
2021-08-16,Cabai Merah Keriting,7,2,-1.28,0.0,1.28
2021-08-16,Cabai Merah Keriting,7,3,-1.28,0.0,1.28
2021-08-16,Cabai Merah Keriting,14,1,-1.28,0.0,1.28
2021-08-16,Cabai Merah Keriting,14,2,-1.28,0.0,1.28
2021-08-16,Cabai Merah Keriting,14,3,-1.28,0.0,1.28
2021-08-23,Cabai Merah Keriting,7,1,-1.28,0.0,1.28
2021-08-23,Cabai Merah Keriting,7,2,-1.28,0.0,1.28
2021-08-23,Cabai Merah Keriting,7,3,-1.28,0.0,1.28
2021-08-23,Cabai Merah Keriting,14,1,-1.28,0.0,1.28
2021-08-23,Cabai Merah Keriting,14,2,-1.28,0.0,1.28
2021-08-23,Cabai Merah Keriting,14,3,-1.28,0.0,1.28
2021-08-30,Cabai Merah Keriting,7,1,-1.28,0.0,1.28
2021-08-30,Cabai Merah Keriting,7,2,-1.28,0.0,1.28
2021-08-30,Cabai Merah Keriting,7,3,-1.28,0.0,1.28
2021-08-30,Cabai Merah Keriting,14,1,-1.28,0.0,1.28
2021-08-30,Cabai Merah Keriting,14,2,-1.28,0.0,1.28
2021-08-30,Cabai Merah Keriting,14,3,-1.28,0.0,1.28
2021-09-06,Cabai Merah Keriting,7,1,-1.28,0.0,1.28
2021-09-06,Cabai Merah Keriting,7,2,-1.28,0.0,1.28
2021-09-06,Cabai Merah Keriting,7,3,-1.28,0.0,1.28
2021-09-06,Cabai Merah Keriting,14,1,-1.28,0.0,1.28
2021-09-06,Cabai Merah Keriting,14,2,-1.28,0.0,1.28
2021-09-06,Cabai Merah Keriting,14,3,-1.28,0.0,1.28
2021-09-13,Cabai Merah Keriting,7,1,-1.28,0.0,1.28
2021-09-13,Cabai Merah Keriting,7,2,-1.28,0.0,1.28
2021-09-13,Cabai Merah Keriting,7,3,-1.28,0.0,1.28
2021-09-13,Cabai Merah Keriting,14,1,-1.28,0.0,1.28
2021-09-13,Cabai Merah Keriting,14,2,-1.28,0.0,1.28
2021-09-13,Cabai Merah Keriting,14,3,-1.28,0.0,1.28
2021-09-20,Cabai Merah Keriting,7,1,-1.28,0.0,1.28
2021-09-20,Cabai Merah Keriting,7,2,-1.28,0.0,1.28
2021-09-20,Cabai Merah Keriting,7,3,-1.28,0.0,1.28
2021-09-20,Cabai Merah Keriting,14,1,-1.28,0.0,1.28
2021-09-20,Cabai Merah Keriting,14,2,-1.28,0.0,1.28
2021-09-20,Cabai Merah Keriting,14,3,-1.28,0.0,1.28
2021-09-27,Cabai Merah Keriting,7,1,-1.28,0.0,1.28
2021-09-27,Cabai Merah Keriting,7,2,-1.28,0.0,1.28
2021-09-27,Cabai Merah Keriting,7,3,-1.28,0.0,1.28
2021-09-27,Cabai Merah Keriting,14,1,-1.28,0.0,1.28
2021-09-27,Cabai Merah Keriting,14,2,-1.28,0.0,1.28
2021-09-27,Cabai Merah Keriting,14,3,-1.28,0.0,1.28
2021-10-04,Cabai Merah Keriting,7,1,-1.28,0.0,1.28
2021-10-04,Cabai Merah Keriting,7,2,-1.28,0.0,1.28
2021-10-04,Cabai Merah Keriting,7,3,-1.28,0.0,1.28
2021-10-04,Cabai Merah Keriting,14,1,-1.28,0.0,1.28
2021-10-04,Cabai Merah Keriting,14,2,-1.28,0.0,1.28
2021-10-04,Cabai Merah Keriting,14,3,-1.28,0.0,1.28
2021-10-11,Cabai Merah Keriting,7,1,-1.28,0.0,1.28
2021-10-11,Cabai Merah Keriting,7,2,-1.28,0.0,1.28
2021-10-11,Cabai Merah Keriting,7,3,-1.28,0.0,1.28
2021-10-11,Cabai Merah Keriting,14,1,-1.28,0.0,1.28
2021-10-11,Cabai Merah Keriting,14,2,-1.28,0.0,1.28
2021-10-11,Cabai Merah Keriting,14,3,-1.28,0.0,1.28
2021-10-18,Cabai Merah Keriting,7,1,-1.28,0.0,1.28
2021-10-18,Cabai Merah Keriting,7,2,-1.28,0.0,1.28
2021-10-18,Cabai Merah Keriting,7,3,-1.28,0.0,1.28
2021-10-18,Cabai Merah Keriting,14,1,-1.28,0.0,1.28
2021-10-18,Cabai Merah Keriting,14,2,-1.28,0.0,1.28
2021-10-18,Cabai Merah Keriting,14,3,-1.28,0.0,1.28
2021-10-25,Cabai Merah Keriting,7,1,-1.28,0.0,1.28
2021-10-25,Cabai Merah Keriting,7,2,-1.28,0.0,1.28
2021-10-25,Cabai Merah Keriting,7,3,-1.28,0.0,1.28
2021-10-25,Cabai Merah Keriting,14,1,-1.28,0.0,1.28
2021-10-25,Cabai Merah Keriting,14,2,-1.28,0.0,1.28
2021-10-25,Cabai Merah Keriting,14,3,-1.28,0.0,1.28
2021-11-01,Cabai Merah Keriting,7,1,-1.28,0.0,1.28
2021-11-01,Cabai Merah Keriting,7,2,-1.28,0.0,1.28
2021-11-01,Cabai Merah Keriting,7,3,-1.28,0.0,1.28
2021-11-01,Cabai Merah Keriting,14,1,-1.28,0.0,1.28
2021-11-01,Cabai Merah Keriting,14,2,-1.28,0.0,1.28
2021-11-01,Cabai Merah Keriting,14,3,-1.28,0.0,1.28
2021-11-08,Cabai Merah Keriting,7,1,-1.28,0.0,1.28
2021-11-08,Cabai Merah Keriting,7,2,-1.28,0.0,1.28
2021-11-08,Cabai Merah Keriting,7,3,-1.28,0.0,1.28
2021-11-08,Cabai Merah Keriting,14,1,-1.28,0.0,1.28
2021-11-08,Cabai Merah Keriting,14,2,-1.28,0.0,1.28
2021-11-08,Cabai Merah Keriting,14,3,-1.28,0.0,1.28
2021-11-15,Cabai Merah Keriting,7,1,-1.28,0.0,1.28
2021-11-15,Cabai Merah Keriting,7,2,-1.28,0.0,1.28
2021-11-15,Cabai Merah Keriting,7,3,-1.28,0.0,1.28
2021-11-15,Cabai Merah Keriting,14,1,-1.28,0.0,1.28
2021-11-15,Cabai Merah Keriting,14,2,-1.28,0.0,1.28
2021-11-15,Cabai Merah Keriting,14,3,-1.28,0.0,1.28
2021-11-22,Cabai Merah Keriting,7,1,-1.28,0.0,1.28
2021-11-22,Cabai Merah Keriting,7,2,-1.28,0.0,1.28
2021-11-22,Cabai Merah Keriting,7,3,-1.28,0.0,1.28
2021-11-22,Cabai Merah Keriting,14,1,-1.28,0.0,1.28
2021-11-22,Cabai Merah Keriting,14,2,-1.28,0.0,1.28
2021-11-22,Cabai Merah Keriting,14,3,-1.28,0.0,1.28
2021-11-29,Cabai Merah Keriting,7,1,-1.28,0.0,1.28
2021-11-29,Cabai Merah Keriting,7,2,-1.28,0.0,1.28
2021-11-29,Cabai Merah Keriting,7,3,-1.28,0.0,1.28
2021-11-29,Cabai Merah Keriting,14,1,-1.28,0.0,1.28
2021-11-29,Cabai Merah Keriting,14,2,-1.28,0.0,1.28
2021-11-29,Cabai Merah Keriting,14,3,-1.28,0.0,1.28
2021-12-13,Cabai Merah Keriting,7,1,-1.28,0.0,1.28
2021-12-13,Cabai Merah Keriting,7,2,-1.28,0.0,1.28
2021-12-13,Cabai Merah Keriting,7,3,-1.28,0.0,1.28
2021-12-13,Cabai Merah Keriting,14,1,-1.28,0.0,1.28
2021-12-13,Cabai Merah Keriting,14,2,-1.28,0.0,1.28
2021-12-13,Cabai Merah Keriting,14,3,-1.28,0.0,1.28
2021-12-20,Cabai Merah Keriting,7,1,-1.28,0.0,1.28
2021-12-20,Cabai Merah Keriting,7,2,-1.28,0.0,1.28
2021-12-20,Cabai Merah Keriting,7,3,-1.28,0.0,1.28
2021-12-20,Cabai Merah Keriting,14,1,-1.28,0.0,1.28
2021-12-20,Cabai Merah Keriting,14,2,-1.28,0.0,1.28
2021-12-20,Cabai Merah Keriting,14,3,-1.28,0.0,1.28
2021-12-27,Cabai Merah Keriting,7,1,-1.28,0.0,1.28
2021-12-27,Cabai Merah Keriting,7,2,-1.28,0.0,1.28
2021-12-27,Cabai Merah Keriting,7,3,-1.28,0.0,1.28
2021-12-27,Cabai Merah Keriting,14,1,-1.28,0.0,1.28
2021-12-27,Cabai Merah Keriting,14,2,-1.28,0.0,1.28
2021-12-27,Cabai Merah Keriting,14,3,-1.28,0.0,1.28
2022-01-03,Cabai Merah Keriting,7,1,-1.28,0.0,1.28
2022-01-03,Cabai Merah Keriting,7,2,-1.28,0.0,1.28
2022-01-03,Cabai Merah Keriting,7,3,-1.28,0.0,1.28
2022-01-03,Cabai Merah Keriting,14,1,-1.28,0.0,1.28
2022-01-03,Cabai Merah Keriting,14,2,-1.28,0.0,1.28
2022-01-03,Cabai Merah Keriting,14,3,-1.28,0.0,1.28
2022-01-10,Cabai Merah Keriting,7,1,-1.28,0.0,1.28
2022-01-10,Cabai Merah Keriting,7,2,-1.28,0.0,1.28
2022-01-10,Cabai Merah Keriting,7,3,-1.28,0.0,1.28
2022-01-10,Cabai Merah Keriting,14,1,-1.28,0.0,1.28
2022-01-10,Cabai Merah Keriting,14,2,-1.28,0.0,1.28
2022-01-10,Cabai Merah Keriting,14,3,-1.28,0.0,1.28
2022-01-17,Cabai Merah Keriting,7,1,-1.28,0.0,1.28
2022-01-17,Cabai Merah Keriting,7,2,-1.28,0.0,1.28
2022-01-17,Cabai Merah Keriting,7,3,-1.28,0.0,1.28
2022-01-17,Cabai Merah Keriting,14,1,-1.28,0.0,1.28
2022-01-17,Cabai Merah Keriting,14,2,-1.28,0.0,1.28
2022-01-17,Cabai Merah Keriting,14,3,-1.28,0.0,1.28
2022-01-24,Cabai Merah Keriting,7,1,-1.28,0.0,1.28
2022-01-24,Cabai Merah Keriting,7,2,-1.28,0.0,1.28
2022-01-24,Cabai Merah Keriting,7,3,-1.28,0.0,1.28
2022-01-24,Cabai Merah Keriting,14,1,-1.28,0.0,1.28
2022-01-24,Cabai Merah Keriting,14,2,-1.28,0.0,1.28
2022-01-24,Cabai Merah Keriting,14,3,-1.28,0.0,1.28
2022-01-31,Cabai Merah Keriting,7,1,-1.28,0.0,1.28
2022-01-31,Cabai Merah Keriting,7,2,-1.28,0.0,1.28
2022-01-31,Cabai Merah Keriting,7,3,-1.28,0.0,1.28
2022-01-31,Cabai Merah Keriting,14,1,-1.28,0.0,1.28
2022-01-31,Cabai Merah Keriting,14,2,-1.28,0.0,1.28
2022-01-31,Cabai Merah Keriting,14,3,-1.28,0.0,1.28
2022-02-07,Cabai Merah Keriting,7,1,-1.28,0.0,1.28
2022-02-07,Cabai Merah Keriting,7,2,-1.28,0.0,1.28
2022-02-07,Cabai Merah Keriting,7,3,-1.28,0.0,1.28
2022-02-07,Cabai Merah Keriting,14,1,-1.28,0.0,1.28
2022-02-07,Cabai Merah Keriting,14,2,-1.28,0.0,1.28
2022-02-07,Cabai Merah Keriting,14,3,-1.28,0.0,1.28
2022-02-14,Cabai Merah Keriting,7,1,-1.28,0.0,1.28
2022-02-14,Cabai Merah Keriting,7,2,-1.28,0.0,1.28
2022-02-14,Cabai Merah Keriting,7,3,-1.28,0.0,1.28
2022-02-14,Cabai Merah Keriting,14,1,-1.28,0.0,1.28
2022-02-14,Cabai Merah Keriting,14,2,-1.28,0.0,1.28
2022-02-14,Cabai Merah Keriting,14,3,-1.28,0.0,1.28
2022-02-21,Cabai Merah Keriting,7,1,-1.28,0.0,1.28
2022-02-21,Cabai Merah Keriting,7,2,-1.28,0.0,1.28
2022-02-21,Cabai Merah Keriting,7,3,-1.28,0.0,1.28
2022-02-21,Cabai Merah Keriting,14,1,-1.28,0.0,1.28
2022-02-21,Cabai Merah Keriting,14,2,-1.28,0.0,1.28
2022-02-21,Cabai Merah Keriting,14,3,-1.28,0.0,1.28
2022-02-28,Cabai Merah Keriting,7,1,-1.28,0.0,1.28
2022-02-28,Cabai Merah Keriting,7,2,-1.28,0.0,1.28
2022-02-28,Cabai Merah Keriting,7,3,-1.28,0.0,1.28
2022-02-28,Cabai Merah Keriting,14,1,-1.28,0.0,1.28
2022-02-28,Cabai Merah Keriting,14,2,-1.28,0.0,1.28
2022-02-28,Cabai Merah Keriting,14,3,-1.28,0.0,1.28
2022-03-07,Cabai Merah Keriting,7,1,-1.28,0.0,1.28
2022-03-07,Cabai Merah Keriting,7,2,-1.28,0.0,1.28
2022-03-07,Cabai Merah Keriting,7,3,-1.28,0.0,1.28
2022-03-07,Cabai Merah Keriting,14,1,-1.28,0.0,1.28
2022-03-07,Cabai Merah Keriting,14,2,-1.28,0.0,1.28
2022-03-07,Cabai Merah Keriting,14,3,-1.28,0.0,1.28
2022-03-14,Cabai Merah Keriting,7,1,-1.28,0.0,1.28
2022-03-14,Cabai Merah Keriting,7,2,-1.28,0.0,1.28
2022-03-14,Cabai Merah Keriting,7,3,-1.28,0.0,1.28
2022-03-14,Cabai Merah Keriting,14,1,-1.28,0.0,1.28
2022-03-14,Cabai Merah Keriting,14,2,-1.28,0.0,1.28
2022-03-14,Cabai Merah Keriting,14,3,-1.28,0.0,1.28
2022-03-21,Cabai Merah Keriting,7,1,-1.28,0.0,1.28
2022-03-21,Cabai Merah Keriting,7,2,-1.28,0.0,1.28
2022-03-21,Cabai Merah Keriting,7,3,-1.28,0.0,1.28
2022-03-21,Cabai Merah Keriting,14,1,-1.28,0.0,1.28
2022-03-21,Cabai Merah Keriting,14,2,-1.28,0.0,1.28
2022-03-21,Cabai Merah Keriting,14,3,-1.28,0.0,1.28
2022-03-28,Cabai Merah Keriting,7,1,-1.28,0.0,1.28
2022-03-28,Cabai Merah Keriting,7,2,-1.28,0.0,1.28
2022-03-28,Cabai Merah Keriting,7,3,-1.28,0.0,1.28
2022-03-28,Cabai Merah Keriting,14,1,-1.28,0.0,1.28
2022-03-28,Cabai Merah Keriting,14,2,-1.28,0.0,1.28
2022-03-28,Cabai Merah Keriting,14,3,-1.28,0.0,1.28
2022-04-04,Cabai Merah Keriting,7,1,-1.28,0.0,1.28
2022-04-04,Cabai Merah Keriting,7,2,-1.28,0.0,1.28
2022-04-04,Cabai Merah Keriting,7,3,-1.28,0.0,1.28
2022-04-04,Cabai Merah Keriting,14,1,-1.28,0.0,1.28
2022-04-04,Cabai Merah Keriting,14,2,-1.28,0.0,1.28
2022-04-04,Cabai Merah Keriting,14,3,-1.28,0.0,1.28
2022-04-11,Cabai Merah Keriting,7,1,-1.28,0.0,1.28
2022-04-11,Cabai Merah Keriting,7,2,-1.28,0.0,1.28
2022-04-11,Cabai Merah Keriting,7,3,-1.28,0.0,1.28
2022-04-11,Cabai Merah Keriting,14,1,-1.28,0.0,1.28
2022-04-11,Cabai Merah Keriting,14,2,-1.28,0.0,1.28
2022-04-11,Cabai Merah Keriting,14,3,-1.28,0.0,1.28
2022-04-18,Cabai Merah Keriting,7,1,-1.28,0.0,1.28
2022-04-18,Cabai Merah Keriting,7,2,-1.28,0.0,1.28
2022-04-18,Cabai Merah Keriting,7,3,-1.28,0.0,1.28
2022-04-18,Cabai Merah Keriting,14,1,-1.28,0.0,1.28
2022-04-18,Cabai Merah Keriting,14,2,-1.28,0.0,1.28
2022-04-18,Cabai Merah Keriting,14,3,-1.28,0.0,1.28
2022-04-25,Cabai Merah Keriting,7,1,-1.28,0.0,1.28
2022-04-25,Cabai Merah Keriting,7,2,-1.28,0.0,1.28
2022-04-25,Cabai Merah Keriting,7,3,-1.28,0.0,1.28
2022-04-25,Cabai Merah Keriting,14,1,-1.28,0.0,1.28
2022-04-25,Cabai Merah Keriting,14,2,-1.28,0.0,1.28
2022-04-25,Cabai Merah Keriting,14,3,-1.28,0.0,1.28
2022-05-02,Cabai Merah Keriting,7,1,-1.28,0.0,1.28
2022-05-02,Cabai Merah Keriting,7,2,-1.28,0.0,1.28
2022-05-02,Cabai Merah Keriting,7,3,-1.28,0.0,1.28
2022-05-02,Cabai Merah Keriting,14,1,-1.28,0.0,1.28
2022-05-02,Cabai Merah Keriting,14,2,-1.28,0.0,1.28
2022-05-02,Cabai Merah Keriting,14,3,-1.28,0.0,1.28
2022-05-09,Cabai Merah Keriting,7,1,-1.28,0.0,1.28
2022-05-09,Cabai Merah Keriting,7,2,-1.28,0.0,1.28
2022-05-09,Cabai Merah Keriting,7,3,-1.28,0.0,1.28
2022-05-09,Cabai Merah Keriting,14,1,-1.28,0.0,1.28
2022-05-09,Cabai Merah Keriting,14,2,-1.28,0.0,1.28
2022-05-09,Cabai Merah Keriting,14,3,-1.28,0.0,1.28
2022-05-16,Cabai Merah Keriting,7,1,-1.28,0.0,1.28
2022-05-16,Cabai Merah Keriting,7,2,-1.28,0.0,1.28
2022-05-16,Cabai Merah Keriting,7,3,-1.28,0.0,1.28
2022-05-16,Cabai Merah Keriting,14,1,-1.28,0.0,1.28
2022-05-16,Cabai Merah Keriting,14,2,-1.28,0.0,1.28
2022-05-16,Cabai Merah Keriting,14,3,-1.28,0.0,1.28
2022-05-23,Cabai Merah Keriting,7,1,-1.28,0.0,1.28
2022-05-23,Cabai Merah Keriting,7,2,-1.28,0.0,1.28
2022-05-23,Cabai Merah Keriting,7,3,-1.28,0.0,1.28
2022-05-23,Cabai Merah Keriting,14,1,-1.28,0.0,1.28
2022-05-23,Cabai Merah Keriting,14,2,-1.28,0.0,1.28
2022-05-23,Cabai Merah Keriting,14,3,-1.28,0.0,1.28
2022-05-30,Cabai Merah Keriting,7,1,-1.28,0.0,1.28
2022-05-30,Cabai Merah Keriting,7,2,-1.28,0.0,1.28
2022-05-30,Cabai Merah Keriting,7,3,-1.28,0.0,1.28
2022-05-30,Cabai Merah Keriting,14,1,-1.28,0.0,1.28
2022-05-30,Cabai Merah Keriting,14,2,-1.28,0.0,1.28
2022-05-30,Cabai Merah Keriting,14,3,-1.28,0.0,1.28
2022-06-06,Cabai Merah Keriting,7,1,-1.28,0.0,1.28
2022-06-06,Cabai Merah Keriting,7,2,-1.28,0.0,1.28
2022-06-06,Cabai Merah Keriting,7,3,-1.28,0.0,1.28
2022-06-06,Cabai Merah Keriting,14,1,-1.28,0.0,1.28
2022-06-06,Cabai Merah Keriting,14,2,-1.28,0.0,1.28
2022-06-06,Cabai Merah Keriting,14,3,-1.28,0.0,1.28
2022-06-13,Cabai Merah Keriting,7,1,-1.28,0.0,1.28
2022-06-13,Cabai Merah Keriting,7,2,-1.28,0.0,1.28
2022-06-13,Cabai Merah Keriting,7,3,-1.28,0.0,1.28
2022-06-13,Cabai Merah Keriting,14,1,-1.28,0.0,1.28
2022-06-13,Cabai Merah Keriting,14,2,-1.28,0.0,1.28
2022-06-13,Cabai Merah Keriting,14,3,-1.28,0.0,1.28
2022-06-20,Cabai Merah Keriting,7,1,-1.28,0.0,1.28
2022-06-20,Cabai Merah Keriting,7,2,-1.28,0.0,1.28
2022-06-20,Cabai Merah Keriting,7,3,-1.28,0.0,1.28
2022-06-20,Cabai Merah Keriting,14,1,-1.28,0.0,1.28
2022-06-20,Cabai Merah Keriting,14,2,-1.28,0.0,1.28
2022-06-20,Cabai Merah Keriting,14,3,-1.28,0.0,1.28
2022-06-27,Cabai Merah Keriting,7,1,-1.28,0.0,1.28
2022-06-27,Cabai Merah Keriting,7,2,-1.28,0.0,1.28
2022-06-27,Cabai Merah Keriting,7,3,-1.28,0.0,1.28
2022-06-27,Cabai Merah Keriting,14,1,-1.28,0.0,1.28
2022-06-27,Cabai Merah Keriting,14,2,-1.28,0.0,1.28
2022-06-27,Cabai Merah Keriting,14,3,-1.28,0.0,1.28
2022-07-04,Cabai Merah Keriting,7,1,-1.28,0.0,1.28
2022-07-04,Cabai Merah Keriting,7,2,-1.28,0.0,1.28
2022-07-04,Cabai Merah Keriting,7,3,-1.28,0.0,1.28
2022-07-04,Cabai Merah Keriting,14,1,-1.28,0.0,1.28
2022-07-04,Cabai Merah Keriting,14,2,-1.28,0.0,1.28
2022-07-04,Cabai Merah Keriting,14,3,-1.28,0.0,1.28
2022-07-11,Cabai Merah Keriting,7,1,-1.28,0.0,1.28
2022-07-11,Cabai Merah Keriting,7,2,-1.28,0.0,1.28
2022-07-11,Cabai Merah Keriting,7,3,-1.28,0.0,1.28
2022-07-11,Cabai Merah Keriting,14,1,-1.28,0.0,1.28
2022-07-11,Cabai Merah Keriting,14,2,-1.28,0.0,1.28
2022-07-11,Cabai Merah Keriting,14,3,-1.28,0.0,1.28
2022-07-18,Cabai Merah Keriting,7,1,-1.28,0.0,1.28
2022-07-18,Cabai Merah Keriting,7,2,-1.28,0.0,1.28
2022-07-18,Cabai Merah Keriting,7,3,-1.28,0.0,1.28
2022-07-18,Cabai Merah Keriting,14,1,-1.28,0.0,1.28
2022-07-18,Cabai Merah Keriting,14,2,-1.28,0.0,1.28
2022-07-18,Cabai Merah Keriting,14,3,-1.28,0.0,1.28
2022-07-25,Cabai Merah Keriting,7,1,-1.28,0.0,1.28
2022-07-25,Cabai Merah Keriting,7,2,-1.28,0.0,1.28
2022-07-25,Cabai Merah Keriting,7,3,-1.28,0.0,1.28
2022-07-25,Cabai Merah Keriting,14,1,-1.28,0.0,1.28
2022-07-25,Cabai Merah Keriting,14,2,-1.28,0.0,1.28
2022-07-25,Cabai Merah Keriting,14,3,-1.28,0.0,1.28
2022-08-01,Cabai Merah Keriting,7,1,-1.28,0.0,1.28
2022-08-01,Cabai Merah Keriting,7,2,-1.28,0.0,1.28
2022-08-01,Cabai Merah Keriting,7,3,-1.28,0.0,1.28
2022-08-01,Cabai Merah Keriting,14,1,-1.28,0.0,1.28
2022-08-01,Cabai Merah Keriting,14,2,-1.28,0.0,1.28
2022-08-01,Cabai Merah Keriting,14,3,-1.28,0.0,1.28
2022-08-08,Cabai Merah Keriting,7,1,-1.28,0.0,1.28
2022-08-08,Cabai Merah Keriting,7,2,-1.28,0.0,1.28
2022-08-08,Cabai Merah Keriting,7,3,-1.28,0.0,1.28
2022-08-08,Cabai Merah Keriting,14,1,-1.28,0.0,1.28
2022-08-08,Cabai Merah Keriting,14,2,-1.28,0.0,1.28
2022-08-08,Cabai Merah Keriting,14,3,-1.28,0.0,1.28
2022-08-15,Cabai Merah Keriting,7,1,-1.28,0.0,1.28
2022-08-15,Cabai Merah Keriting,7,2,-1.28,0.0,1.28
2022-08-15,Cabai Merah Keriting,7,3,-1.28,0.0,1.28
2022-08-15,Cabai Merah Keriting,14,1,-1.28,0.0,1.28
2022-08-15,Cabai Merah Keriting,14,2,-1.28,0.0,1.28
2022-08-15,Cabai Merah Keriting,14,3,-1.28,0.0,1.28
2022-08-22,Cabai Merah Keriting,7,1,-1.28,0.0,1.28
2022-08-22,Cabai Merah Keriting,7,2,-1.28,0.0,1.28
2022-08-22,Cabai Merah Keriting,7,3,-1.28,0.0,1.28
2022-08-22,Cabai Merah Keriting,14,1,-1.28,0.0,1.28
2022-08-22,Cabai Merah Keriting,14,2,-1.28,0.0,1.28
2022-08-22,Cabai Merah Keriting,14,3,-1.28,0.0,1.28
2022-08-29,Cabai Merah Keriting,7,1,-1.28,0.0,1.28
2022-08-29,Cabai Merah Keriting,7,2,-1.28,0.0,1.28
2022-08-29,Cabai Merah Keriting,7,3,-1.28,0.0,1.28
2022-08-29,Cabai Merah Keriting,14,1,-1.28,0.0,1.28
2022-08-29,Cabai Merah Keriting,14,2,-1.28,0.0,1.28
2022-08-29,Cabai Merah Keriting,14,3,-1.28,0.0,1.28
2022-09-05,Cabai Merah Keriting,7,1,-1.28,0.0,1.28
2022-09-05,Cabai Merah Keriting,7,2,-1.28,0.0,1.28
2022-09-05,Cabai Merah Keriting,7,3,-1.28,0.0,1.28
2022-09-05,Cabai Merah Keriting,14,1,-1.28,0.0,1.28
2022-09-05,Cabai Merah Keriting,14,2,-1.28,0.0,1.28
2022-09-05,Cabai Merah Keriting,14,3,-1.28,0.0,1.28
2022-09-19,Cabai Merah Keriting,7,1,-1.28,0.0,1.28
2022-09-19,Cabai Merah Keriting,7,2,-1.28,0.0,1.28
2022-09-19,Cabai Merah Keriting,7,3,-1.28,0.0,1.28
2022-09-19,Cabai Merah Keriting,14,1,-1.28,0.0,1.28
2022-09-19,Cabai Merah Keriting,14,2,-1.28,0.0,1.28
2022-09-19,Cabai Merah Keriting,14,3,-1.28,0.0,1.28
2022-09-26,Cabai Merah Keriting,7,1,-1.28,0.0,1.28
2022-09-26,Cabai Merah Keriting,7,2,-1.28,0.0,1.28
2022-09-26,Cabai Merah Keriting,7,3,-1.28,0.0,1.28
2022-09-26,Cabai Merah Keriting,14,1,-1.28,0.0,1.28
2022-09-26,Cabai Merah Keriting,14,2,-1.28,0.0,1.28
2022-09-26,Cabai Merah Keriting,14,3,-1.28,0.0,1.28
2022-10-03,Cabai Merah Keriting,7,1,-1.28,0.0,1.28
2022-10-03,Cabai Merah Keriting,7,2,-1.28,0.0,1.28
2022-10-03,Cabai Merah Keriting,7,3,-1.28,0.0,1.28
2022-10-03,Cabai Merah Keriting,14,1,-1.28,0.0,1.28
2022-10-03,Cabai Merah Keriting,14,2,-1.28,0.0,1.28
2022-10-03,Cabai Merah Keriting,14,3,-1.28,0.0,1.28
2022-10-10,Cabai Merah Keriting,7,1,-1.28,0.0,1.28
2022-10-10,Cabai Merah Keriting,7,2,-1.28,0.0,1.28
2022-10-10,Cabai Merah Keriting,7,3,-1.28,0.0,1.28
2022-10-10,Cabai Merah Keriting,14,1,-1.28,0.0,1.28
2022-10-10,Cabai Merah Keriting,14,2,-1.28,0.0,1.28
2022-10-10,Cabai Merah Keriting,14,3,-1.28,0.0,1.28
2022-10-17,Cabai Merah Keriting,7,1,-1.28,0.0,1.28
2022-10-17,Cabai Merah Keriting,7,2,-1.28,0.0,1.28
2022-10-17,Cabai Merah Keriting,7,3,-1.28,0.0,1.28
2022-10-17,Cabai Merah Keriting,14,1,-1.28,0.0,1.28
2022-10-17,Cabai Merah Keriting,14,2,-1.28,0.0,1.28
2022-10-17,Cabai Merah Keriting,14,3,-1.28,0.0,1.28
2022-10-24,Cabai Merah Keriting,7,1,-1.28,0.0,1.28
2022-10-24,Cabai Merah Keriting,7,2,-1.28,0.0,1.28
2022-10-24,Cabai Merah Keriting,7,3,-1.28,0.0,1.28
2022-10-24,Cabai Merah Keriting,14,1,-1.28,0.0,1.28
2022-10-24,Cabai Merah Keriting,14,2,-1.28,0.0,1.28
2022-10-24,Cabai Merah Keriting,14,3,-1.28,0.0,1.28
2022-10-31,Cabai Merah Keriting,7,1,-1.28,0.0,1.28
2022-10-31,Cabai Merah Keriting,7,2,-1.28,0.0,1.28
2022-10-31,Cabai Merah Keriting,7,3,-1.28,0.0,1.28
2022-10-31,Cabai Merah Keriting,14,1,-1.28,0.0,1.28
2022-10-31,Cabai Merah Keriting,14,2,-1.28,0.0,1.28
2022-10-31,Cabai Merah Keriting,14,3,-1.28,0.0,1.28
2022-11-07,Cabai Merah Keriting,7,1,-1.28,0.0,1.28
2022-11-07,Cabai Merah Keriting,7,2,-1.28,0.0,1.28
2022-11-07,Cabai Merah Keriting,7,3,-1.28,0.0,1.28
2022-11-07,Cabai Merah Keriting,14,1,-1.28,0.0,1.28
2022-11-07,Cabai Merah Keriting,14,2,-1.28,0.0,1.28
2022-11-07,Cabai Merah Keriting,14,3,-1.28,0.0,1.28
2022-11-14,Cabai Merah Keriting,7,1,-1.28,0.0,1.28
2022-11-14,Cabai Merah Keriting,7,2,-1.28,0.0,1.28
2022-11-14,Cabai Merah Keriting,7,3,-1.28,0.0,1.28
2022-11-14,Cabai Merah Keriting,14,1,-1.28,0.0,1.28
2022-11-14,Cabai Merah Keriting,14,2,-1.28,0.0,1.28
2022-11-14,Cabai Merah Keriting,14,3,-1.28,0.0,1.28
2022-11-21,Cabai Merah Keriting,7,1,-1.28,0.0,1.28
2022-11-21,Cabai Merah Keriting,7,2,-1.28,0.0,1.28
2022-11-21,Cabai Merah Keriting,7,3,-1.28,0.0,1.28
2022-11-21,Cabai Merah Keriting,14,1,-1.28,0.0,1.28
2022-11-21,Cabai Merah Keriting,14,2,-1.28,0.0,1.28
2022-11-21,Cabai Merah Keriting,14,3,-1.28,0.0,1.28
2022-11-28,Cabai Merah Keriting,7,1,-1.28,0.0,1.28
2022-11-28,Cabai Merah Keriting,7,2,-1.28,0.0,1.28
2022-11-28,Cabai Merah Keriting,7,3,-1.28,0.0,1.28
2022-11-28,Cabai Merah Keriting,14,1,-1.28,0.0,1.28
2022-11-28,Cabai Merah Keriting,14,2,-1.28,0.0,1.28
2022-11-28,Cabai Merah Keriting,14,3,-1.28,0.0,1.28
2022-12-05,Cabai Merah Keriting,7,1,-1.28,0.0,1.28
2022-12-05,Cabai Merah Keriting,7,2,-1.28,0.0,1.28
2022-12-05,Cabai Merah Keriting,7,3,-1.28,0.0,1.28
2022-12-05,Cabai Merah Keriting,14,1,-1.28,0.0,1.28
2022-12-05,Cabai Merah Keriting,14,2,-1.28,0.0,1.28
2022-12-05,Cabai Merah Keriting,14,3,-1.28,0.0,1.28
2022-12-12,Cabai Merah Keriting,7,1,-1.28,0.0,1.28
2022-12-12,Cabai Merah Keriting,7,2,-1.28,0.0,1.28
2022-12-12,Cabai Merah Keriting,7,3,-1.28,0.0,1.28
2022-12-12,Cabai Merah Keriting,14,1,-1.28,0.0,1.28
2022-12-12,Cabai Merah Keriting,14,2,-1.28,0.0,1.28
2022-12-12,Cabai Merah Keriting,14,3,-1.28,0.0,1.28
2022-12-19,Cabai Merah Keriting,7,1,-1.28,0.0,1.28
2022-12-19,Cabai Merah Keriting,7,2,-1.28,0.0,1.28
2022-12-19,Cabai Merah Keriting,7,3,-1.28,0.0,1.28
2022-12-19,Cabai Merah Keriting,14,1,-1.28,0.0,1.28
2022-12-19,Cabai Merah Keriting,14,2,-1.28,0.0,1.28
2022-12-19,Cabai Merah Keriting,14,3,-1.28,0.0,1.28
2022-12-26,Cabai Merah Keriting,7,1,-1.28,0.0,1.28
2022-12-26,Cabai Merah Keriting,7,2,-1.28,0.0,1.28
2022-12-26,Cabai Merah Keriting,7,3,-1.28,0.0,1.28
2022-12-26,Cabai Merah Keriting,14,1,-1.28,0.0,1.28
2022-12-26,Cabai Merah Keriting,14,2,-1.28,0.0,1.28
2022-12-26,Cabai Merah Keriting,14,3,-1.28,0.0,1.28
2023-01-02,Cabai Merah Keriting,7,1,-1.28,0.0,1.28
2023-01-02,Cabai Merah Keriting,7,2,-1.28,0.0,1.28
2023-01-02,Cabai Merah Keriting,7,3,-1.28,0.0,1.28
2023-01-02,Cabai Merah Keriting,14,1,-1.28,0.0,1.28
2023-01-02,Cabai Merah Keriting,14,2,-1.28,0.0,1.28
2023-01-02,Cabai Merah Keriting,14,3,-1.28,0.0,1.28
2023-01-09,Cabai Merah Keriting,7,1,-1.28,0.0,1.28
2023-01-09,Cabai Merah Keriting,7,2,-1.28,0.0,1.28
2023-01-09,Cabai Merah Keriting,7,3,-1.28,0.0,1.28
2023-01-09,Cabai Merah Keriting,14,1,-1.28,0.0,1.28
2023-01-09,Cabai Merah Keriting,14,2,-1.28,0.0,1.28
2023-01-09,Cabai Merah Keriting,14,3,-1.28,0.0,1.28
2023-01-16,Cabai Merah Keriting,7,1,-1.28,0.0,1.28
2023-01-16,Cabai Merah Keriting,7,2,-1.28,0.0,1.28
2023-01-16,Cabai Merah Keriting,7,3,-1.28,0.0,1.28
2023-01-16,Cabai Merah Keriting,14,1,-1.28,0.0,1.28
2023-01-16,Cabai Merah Keriting,14,2,-1.28,0.0,1.28
2023-01-16,Cabai Merah Keriting,14,3,-1.28,0.0,1.28
2023-01-23,Cabai Merah Keriting,7,1,-1.28,0.0,1.28
2023-01-23,Cabai Merah Keriting,7,2,-1.28,0.0,1.28
2023-01-23,Cabai Merah Keriting,7,3,-1.28,0.0,1.28
2023-01-23,Cabai Merah Keriting,14,1,-1.28,0.0,1.28
2023-01-23,Cabai Merah Keriting,14,2,-1.28,0.0,1.28
2023-01-23,Cabai Merah Keriting,14,3,-1.28,0.0,1.28
2023-01-30,Cabai Merah Keriting,7,1,-1.28,0.0,1.28
2023-01-30,Cabai Merah Keriting,7,2,-1.28,0.0,1.28
2023-01-30,Cabai Merah Keriting,7,3,-1.28,0.0,1.28
2023-01-30,Cabai Merah Keriting,14,1,-1.28,0.0,1.28
2023-01-30,Cabai Merah Keriting,14,2,-1.28,0.0,1.28
2023-01-30,Cabai Merah Keriting,14,3,-1.28,0.0,1.28
2023-02-06,Cabai Merah Keriting,7,1,-1.28,0.0,1.28
2023-02-06,Cabai Merah Keriting,7,2,-1.28,0.0,1.28
2023-02-06,Cabai Merah Keriting,7,3,-1.28,0.0,1.28
2023-02-06,Cabai Merah Keriting,14,1,-1.28,0.0,1.28
2023-02-06,Cabai Merah Keriting,14,2,-1.28,0.0,1.28
2023-02-06,Cabai Merah Keriting,14,3,-1.28,0.0,1.28
2023-02-13,Cabai Merah Keriting,7,1,-1.28,0.0,1.28
2023-02-13,Cabai Merah Keriting,7,2,-1.28,0.0,1.28
2023-02-13,Cabai Merah Keriting,7,3,-1.28,0.0,1.28
2023-02-13,Cabai Merah Keriting,14,1,-1.28,0.0,1.28
2023-02-13,Cabai Merah Keriting,14,2,-1.28,0.0,1.28
2023-02-13,Cabai Merah Keriting,14,3,-1.28,0.0,1.28
2023-02-20,Cabai Merah Keriting,7,1,-1.28,0.0,1.28
2023-02-20,Cabai Merah Keriting,7,2,-1.28,0.0,1.28
2023-02-20,Cabai Merah Keriting,7,3,-1.28,0.0,1.28
2023-02-20,Cabai Merah Keriting,14,1,-1.28,0.0,1.28
2023-02-20,Cabai Merah Keriting,14,2,-1.28,0.0,1.28
2023-02-20,Cabai Merah Keriting,14,3,-1.28,0.0,1.28
2023-02-27,Cabai Merah Keriting,7,1,-1.28,0.0,1.28
2023-02-27,Cabai Merah Keriting,7,2,-1.28,0.0,1.28
2023-02-27,Cabai Merah Keriting,7,3,-1.28,0.0,1.28
2023-02-27,Cabai Merah Keriting,14,1,-1.28,0.0,1.28
2023-02-27,Cabai Merah Keriting,14,2,-1.28,0.0,1.28
2023-02-27,Cabai Merah Keriting,14,3,-1.28,0.0,1.28
2023-03-06,Cabai Merah Keriting,7,1,-1.28,0.0,1.28
2023-03-06,Cabai Merah Keriting,7,2,-1.28,0.0,1.28
2023-03-06,Cabai Merah Keriting,7,3,-1.28,0.0,1.28
2023-03-06,Cabai Merah Keriting,14,1,-1.28,0.0,1.28
2023-03-06,Cabai Merah Keriting,14,2,-1.28,0.0,1.28
2023-03-06,Cabai Merah Keriting,14,3,-1.28,0.0,1.28
2023-03-13,Cabai Merah Keriting,7,1,-1.28,0.0,1.28
2023-03-13,Cabai Merah Keriting,7,2,-1.28,0.0,1.28
2023-03-13,Cabai Merah Keriting,7,3,-1.28,0.0,1.28
2023-03-13,Cabai Merah Keriting,14,1,-1.28,0.0,1.28
2023-03-13,Cabai Merah Keriting,14,2,-1.28,0.0,1.28
2023-03-13,Cabai Merah Keriting,14,3,-1.28,0.0,1.28
2023-03-20,Cabai Merah Keriting,7,1,-1.28,0.0,1.28
2023-03-20,Cabai Merah Keriting,7,2,-1.28,0.0,1.28
2023-03-20,Cabai Merah Keriting,7,3,-1.28,0.0,1.28
2023-03-20,Cabai Merah Keriting,14,1,-1.28,0.0,1.28
2023-03-20,Cabai Merah Keriting,14,2,-1.28,0.0,1.28
2023-03-20,Cabai Merah Keriting,14,3,-1.28,0.0,1.28
2023-03-27,Cabai Merah Keriting,7,1,-1.28,0.0,1.28
2023-03-27,Cabai Merah Keriting,7,2,-1.28,0.0,1.28
2023-03-27,Cabai Merah Keriting,7,3,-1.28,0.0,1.28
2023-03-27,Cabai Merah Keriting,14,1,-1.28,0.0,1.28
2023-03-27,Cabai Merah Keriting,14,2,-1.28,0.0,1.28
2023-03-27,Cabai Merah Keriting,14,3,-1.28,0.0,1.28
2023-04-03,Cabai Merah Keriting,7,1,-1.28,0.0,1.28
2023-04-03,Cabai Merah Keriting,7,2,-1.28,0.0,1.28
2023-04-03,Cabai Merah Keriting,7,3,-1.28,0.0,1.28
2023-04-03,Cabai Merah Keriting,14,1,-1.28,0.0,1.28
2023-04-03,Cabai Merah Keriting,14,2,-1.28,0.0,1.28
2023-04-03,Cabai Merah Keriting,14,3,-1.28,0.0,1.28
2023-04-10,Cabai Merah Keriting,7,1,-1.28,0.0,1.28
2023-04-10,Cabai Merah Keriting,7,2,-1.28,0.0,1.28
2023-04-10,Cabai Merah Keriting,7,3,-1.28,0.0,1.28
2023-04-10,Cabai Merah Keriting,14,1,-1.28,0.0,1.28
2023-04-10,Cabai Merah Keriting,14,2,-1.28,0.0,1.28
2023-04-10,Cabai Merah Keriting,14,3,-1.28,0.0,1.28
2023-04-17,Cabai Merah Keriting,7,1,-1.28,0.0,1.28
2023-04-17,Cabai Merah Keriting,7,2,-1.28,0.0,1.28
2023-04-17,Cabai Merah Keriting,7,3,-1.28,0.0,1.28
2023-04-17,Cabai Merah Keriting,14,1,-1.28,0.0,1.28
2023-04-17,Cabai Merah Keriting,14,2,-1.28,0.0,1.28
2023-04-17,Cabai Merah Keriting,14,3,-1.28,0.0,1.28
2023-04-24,Cabai Merah Keriting,7,1,-1.28,0.0,1.28
2023-04-24,Cabai Merah Keriting,7,2,-1.28,0.0,1.28
2023-04-24,Cabai Merah Keriting,7,3,-1.28,0.0,1.28
2023-04-24,Cabai Merah Keriting,14,1,-1.28,0.0,1.28
2023-04-24,Cabai Merah Keriting,14,2,-1.28,0.0,1.28
2023-04-24,Cabai Merah Keriting,14,3,-1.28,0.0,1.28
2023-05-01,Cabai Merah Keriting,7,1,-1.28,0.0,1.28
2023-05-01,Cabai Merah Keriting,7,2,-1.28,0.0,1.28
2023-05-01,Cabai Merah Keriting,7,3,-1.28,0.0,1.28
2023-05-01,Cabai Merah Keriting,14,1,-1.28,0.0,1.28
2023-05-01,Cabai Merah Keriting,14,2,-1.28,0.0,1.28
2023-05-01,Cabai Merah Keriting,14,3,-1.28,0.0,1.28
2023-05-08,Cabai Merah Keriting,7,1,-1.28,0.0,1.28
2023-05-08,Cabai Merah Keriting,7,2,-1.28,0.0,1.28
2023-05-08,Cabai Merah Keriting,7,3,-1.28,0.0,1.28
2023-05-08,Cabai Merah Keriting,14,1,-1.28,0.0,1.28
2023-05-08,Cabai Merah Keriting,14,2,-1.28,0.0,1.28
2023-05-08,Cabai Merah Keriting,14,3,-1.28,0.0,1.28
2023-05-22,Cabai Merah Keriting,7,1,-1.28,0.0,1.28
2023-05-22,Cabai Merah Keriting,7,2,-1.28,0.0,1.28
2023-05-22,Cabai Merah Keriting,7,3,-1.28,0.0,1.28
2023-05-22,Cabai Merah Keriting,14,1,-1.28,0.0,1.28
2023-05-22,Cabai Merah Keriting,14,2,-1.28,0.0,1.28
2023-05-22,Cabai Merah Keriting,14,3,-1.28,0.0,1.28
2023-05-29,Cabai Merah Keriting,7,1,-1.28,0.0,1.28
2023-05-29,Cabai Merah Keriting,7,2,-1.28,0.0,1.28
2023-05-29,Cabai Merah Keriting,7,3,-1.28,0.0,1.28
2023-05-29,Cabai Merah Keriting,14,1,-1.28,0.0,1.28
2023-05-29,Cabai Merah Keriting,14,2,-1.28,0.0,1.28
2023-05-29,Cabai Merah Keriting,14,3,-1.28,0.0,1.28
2023-06-05,Cabai Merah Keriting,7,1,-1.28,0.0,1.28
2023-06-05,Cabai Merah Keriting,7,2,-1.28,0.0,1.28
2023-06-05,Cabai Merah Keriting,7,3,-1.28,0.0,1.28
2023-06-05,Cabai Merah Keriting,14,1,-1.28,0.0,1.28
2023-06-05,Cabai Merah Keriting,14,2,-1.28,0.0,1.28
2023-06-05,Cabai Merah Keriting,14,3,-1.28,0.0,1.28
2023-06-12,Cabai Merah Keriting,7,1,-1.28,0.0,1.28
2023-06-12,Cabai Merah Keriting,7,2,-1.28,0.0,1.28
2023-06-12,Cabai Merah Keriting,7,3,-1.28,0.0,1.28
2023-06-12,Cabai Merah Keriting,14,1,-1.28,0.0,1.28
2023-06-12,Cabai Merah Keriting,14,2,-1.28,0.0,1.28
2023-06-12,Cabai Merah Keriting,14,3,-1.28,0.0,1.28
2023-06-19,Cabai Merah Keriting,7,1,-1.28,0.0,1.28
2023-06-19,Cabai Merah Keriting,7,2,-1.28,0.0,1.28
2023-06-19,Cabai Merah Keriting,7,3,-1.28,0.0,1.28
2023-06-19,Cabai Merah Keriting,14,1,-1.28,0.0,1.28
2023-06-19,Cabai Merah Keriting,14,2,-1.28,0.0,1.28
2023-06-19,Cabai Merah Keriting,14,3,-1.28,0.0,1.28
2023-06-26,Cabai Merah Keriting,7,1,-1.28,0.0,1.28
2023-06-26,Cabai Merah Keriting,7,2,-1.28,0.0,1.28
2023-06-26,Cabai Merah Keriting,7,3,-1.28,0.0,1.28
2023-06-26,Cabai Merah Keriting,14,1,-1.28,0.0,1.28
2023-06-26,Cabai Merah Keriting,14,2,-1.28,0.0,1.28
2023-06-26,Cabai Merah Keriting,14,3,-1.28,0.0,1.28
2023-07-03,Cabai Merah Keriting,7,1,-1.28,0.0,1.28
2023-07-03,Cabai Merah Keriting,7,2,-1.28,0.0,1.28
2023-07-03,Cabai Merah Keriting,7,3,-1.28,0.0,1.28
2023-07-03,Cabai Merah Keriting,14,1,-1.28,0.0,1.28
2023-07-03,Cabai Merah Keriting,14,2,-1.28,0.0,1.28
2023-07-03,Cabai Merah Keriting,14,3,-1.28,0.0,1.28
2023-07-10,Cabai Merah Keriting,7,1,-1.28,0.0,1.28
2023-07-10,Cabai Merah Keriting,7,2,-1.28,0.0,1.28
2023-07-10,Cabai Merah Keriting,7,3,-1.28,0.0,1.28
2023-07-10,Cabai Merah Keriting,14,1,-1.28,0.0,1.28
2023-07-10,Cabai Merah Keriting,14,2,-1.28,0.0,1.28
2023-07-10,Cabai Merah Keriting,14,3,-1.28,0.0,1.28
2023-07-17,Cabai Merah Keriting,7,1,-1.28,0.0,1.28
2023-07-17,Cabai Merah Keriting,7,2,-1.28,0.0,1.28
2023-07-17,Cabai Merah Keriting,7,3,-1.28,0.0,1.28
2023-07-17,Cabai Merah Keriting,14,1,-1.28,0.0,1.28
2023-07-17,Cabai Merah Keriting,14,2,-1.28,0.0,1.28
2023-07-17,Cabai Merah Keriting,14,3,-1.28,0.0,1.28
2023-07-24,Cabai Merah Keriting,7,1,-1.28,0.0,1.28
2023-07-24,Cabai Merah Keriting,7,2,-1.28,0.0,1.28
2023-07-24,Cabai Merah Keriting,7,3,-1.28,0.0,1.28
2023-07-24,Cabai Merah Keriting,14,1,-1.28,0.0,1.28
2023-07-24,Cabai Merah Keriting,14,2,-1.28,0.0,1.28
2023-07-24,Cabai Merah Keriting,14,3,-1.28,0.0,1.28
2023-07-31,Cabai Merah Keriting,7,1,-1.28,0.0,1.28
2023-07-31,Cabai Merah Keriting,7,2,-1.28,0.0,1.28
2023-07-31,Cabai Merah Keriting,7,3,-1.28,0.0,1.28
2023-07-31,Cabai Merah Keriting,14,1,-1.28,0.0,1.28
2023-07-31,Cabai Merah Keriting,14,2,-1.28,0.0,1.28
2023-07-31,Cabai Merah Keriting,14,3,-1.28,0.0,1.28
2023-08-07,Cabai Merah Keriting,7,1,-1.28,0.0,1.28
2023-08-07,Cabai Merah Keriting,7,2,-1.28,0.0,1.28
2023-08-07,Cabai Merah Keriting,7,3,-1.28,0.0,1.28
2023-08-07,Cabai Merah Keriting,14,1,-1.28,0.0,1.28
2023-08-07,Cabai Merah Keriting,14,2,-1.28,0.0,1.28
2023-08-07,Cabai Merah Keriting,14,3,-1.28,0.0,1.28
2023-08-14,Cabai Merah Keriting,7,1,-1.28,0.0,1.28
2023-08-14,Cabai Merah Keriting,7,2,-1.28,0.0,1.28
2023-08-14,Cabai Merah Keriting,7,3,-1.28,0.0,1.28
2023-08-14,Cabai Merah Keriting,14,1,-1.28,0.0,1.28
2023-08-14,Cabai Merah Keriting,14,2,-1.28,0.0,1.28
2023-08-14,Cabai Merah Keriting,14,3,-1.28,0.0,1.28
2023-08-21,Cabai Merah Keriting,7,1,-1.28,0.0,1.28
2023-08-21,Cabai Merah Keriting,7,2,-1.28,0.0,1.28
2023-08-21,Cabai Merah Keriting,7,3,-1.28,0.0,1.28
2023-08-21,Cabai Merah Keriting,14,1,-1.28,0.0,1.28
2023-08-21,Cabai Merah Keriting,14,2,-1.28,0.0,1.28
2023-08-21,Cabai Merah Keriting,14,3,-1.28,0.0,1.28
2023-08-28,Cabai Merah Keriting,7,1,-1.28,0.0,1.28
2023-08-28,Cabai Merah Keriting,7,2,-1.28,0.0,1.28
2023-08-28,Cabai Merah Keriting,7,3,-1.28,0.0,1.28
2023-08-28,Cabai Merah Keriting,14,1,-1.28,0.0,1.28
2023-08-28,Cabai Merah Keriting,14,2,-1.28,0.0,1.28
2023-08-28,Cabai Merah Keriting,14,3,-1.28,0.0,1.28
2023-09-04,Cabai Merah Keriting,7,1,-1.28,0.0,1.28
2023-09-04,Cabai Merah Keriting,7,2,-1.28,0.0,1.28
2023-09-04,Cabai Merah Keriting,7,3,-1.28,0.0,1.28
2023-09-04,Cabai Merah Keriting,14,1,-1.28,0.0,1.28
2023-09-04,Cabai Merah Keriting,14,2,-1.28,0.0,1.28
2023-09-04,Cabai Merah Keriting,14,3,-1.28,0.0,1.28
2023-09-11,Cabai Merah Keriting,7,1,-1.28,0.0,1.28
2023-09-11,Cabai Merah Keriting,7,2,-1.28,0.0,1.28
2023-09-11,Cabai Merah Keriting,7,3,-1.28,0.0,1.28
2023-09-11,Cabai Merah Keriting,14,1,-1.28,0.0,1.28
2023-09-11,Cabai Merah Keriting,14,2,-1.28,0.0,1.28
2023-09-11,Cabai Merah Keriting,14,3,-1.28,0.0,1.28
2023-09-18,Cabai Merah Keriting,7,1,-1.28,0.0,1.28
2023-09-18,Cabai Merah Keriting,7,2,-1.28,0.0,1.28
2023-09-18,Cabai Merah Keriting,7,3,-1.28,0.0,1.28
2023-09-18,Cabai Merah Keriting,14,1,-1.28,0.0,1.28
2023-09-18,Cabai Merah Keriting,14,2,-1.28,0.0,1.28
2023-09-18,Cabai Merah Keriting,14,3,-1.28,0.0,1.28
2023-09-25,Cabai Merah Keriting,7,1,-1.28,0.0,1.28
2023-09-25,Cabai Merah Keriting,7,2,-1.28,0.0,1.28
2023-09-25,Cabai Merah Keriting,7,3,-1.28,0.0,1.28
2023-09-25,Cabai Merah Keriting,14,1,-1.28,0.0,1.28
2023-09-25,Cabai Merah Keriting,14,2,-1.28,0.0,1.28
2023-09-25,Cabai Merah Keriting,14,3,-1.28,0.0,1.28
2023-10-02,Cabai Merah Keriting,7,1,-1.28,0.0,1.28
2023-10-02,Cabai Merah Keriting,7,2,-1.28,0.0,1.28
2023-10-02,Cabai Merah Keriting,7,3,-1.28,0.0,1.28
2023-10-02,Cabai Merah Keriting,14,1,-1.28,0.0,1.28
2023-10-02,Cabai Merah Keriting,14,2,-1.28,0.0,1.28
2023-10-02,Cabai Merah Keriting,14,3,-1.28,0.0,1.28
2023-10-09,Cabai Merah Keriting,7,1,-1.28,0.0,1.28
2023-10-09,Cabai Merah Keriting,7,2,-1.28,0.0,1.28
2023-10-09,Cabai Merah Keriting,7,3,-1.28,0.0,1.28
2023-10-09,Cabai Merah Keriting,14,1,-1.28,0.0,1.28
2023-10-09,Cabai Merah Keriting,14,2,-1.28,0.0,1.28
2023-10-09,Cabai Merah Keriting,14,3,-1.28,0.0,1.28
2023-10-16,Cabai Merah Keriting,7,1,-1.28,0.0,1.28
2023-10-16,Cabai Merah Keriting,7,2,-1.28,0.0,1.28
2023-10-16,Cabai Merah Keriting,7,3,-1.28,0.0,1.28
2023-10-16,Cabai Merah Keriting,14,1,-1.28,0.0,1.28
2023-10-16,Cabai Merah Keriting,14,2,-1.28,0.0,1.28
2023-10-16,Cabai Merah Keriting,14,3,-1.28,0.0,1.28
2023-10-23,Cabai Merah Keriting,7,1,-1.28,0.0,1.28
2023-10-23,Cabai Merah Keriting,7,2,-1.28,0.0,1.28
2023-10-23,Cabai Merah Keriting,7,3,-1.28,0.0,1.28
2023-10-23,Cabai Merah Keriting,14,1,-1.28,0.0,1.28
2023-10-23,Cabai Merah Keriting,14,2,-1.28,0.0,1.28
2023-10-23,Cabai Merah Keriting,14,3,-1.28,0.0,1.28
2023-10-30,Cabai Merah Keriting,7,1,-1.28,0.0,1.28
2023-10-30,Cabai Merah Keriting,7,2,-1.28,0.0,1.28
2023-10-30,Cabai Merah Keriting,7,3,-1.28,0.0,1.28
2023-10-30,Cabai Merah Keriting,14,1,-1.28,0.0,1.28
2023-10-30,Cabai Merah Keriting,14,2,-1.28,0.0,1.28
2023-10-30,Cabai Merah Keriting,14,3,-1.28,0.0,1.28
2023-11-06,Cabai Merah Keriting,7,1,-1.28,0.0,1.28
2023-11-06,Cabai Merah Keriting,7,2,-1.28,0.0,1.28
2023-11-06,Cabai Merah Keriting,7,3,-1.28,0.0,1.28
2023-11-06,Cabai Merah Keriting,14,1,-1.28,0.0,1.28
2023-11-06,Cabai Merah Keriting,14,2,-1.28,0.0,1.28
2023-11-06,Cabai Merah Keriting,14,3,-1.28,0.0,1.28
2023-11-13,Cabai Merah Keriting,7,1,-1.28,0.0,1.28
2023-11-13,Cabai Merah Keriting,7,2,-1.28,0.0,1.28
2023-11-13,Cabai Merah Keriting,7,3,-1.28,0.0,1.28
2023-11-13,Cabai Merah Keriting,14,1,-1.28,0.0,1.28
2023-11-13,Cabai Merah Keriting,14,2,-1.28,0.0,1.28
2023-11-13,Cabai Merah Keriting,14,3,-1.28,0.0,1.28
2023-11-20,Cabai Merah Keriting,7,1,-1.28,0.0,1.28
2023-11-20,Cabai Merah Keriting,7,2,-1.28,0.0,1.28
2023-11-20,Cabai Merah Keriting,7,3,-1.28,0.0,1.28
2023-11-20,Cabai Merah Keriting,14,1,-1.28,0.0,1.28
2023-11-20,Cabai Merah Keriting,14,2,-1.28,0.0,1.28
2023-11-20,Cabai Merah Keriting,14,3,-1.28,0.0,1.28
2023-11-27,Cabai Merah Keriting,7,1,-1.28,0.0,1.28
2023-11-27,Cabai Merah Keriting,7,2,-1.28,0.0,1.28
2023-11-27,Cabai Merah Keriting,7,3,-1.28,0.0,1.28
2023-11-27,Cabai Merah Keriting,14,1,-1.28,0.0,1.28
2023-11-27,Cabai Merah Keriting,14,2,-1.28,0.0,1.28
2023-11-27,Cabai Merah Keriting,14,3,-1.28,0.0,1.28
2023-12-04,Cabai Merah Keriting,7,1,-1.28,0.0,1.28
2023-12-04,Cabai Merah Keriting,7,2,-1.28,0.0,1.28
2023-12-04,Cabai Merah Keriting,7,3,-1.28,0.0,1.28
2023-12-04,Cabai Merah Keriting,14,1,-1.28,0.0,1.28
2023-12-04,Cabai Merah Keriting,14,2,-1.28,0.0,1.28
2023-12-04,Cabai Merah Keriting,14,3,-1.28,0.0,1.28
2023-12-11,Cabai Merah Keriting,7,1,-1.28,0.0,1.28
2023-12-11,Cabai Merah Keriting,7,2,-1.28,0.0,1.28
2023-12-11,Cabai Merah Keriting,7,3,-1.28,0.0,1.28
2023-12-11,Cabai Merah Keriting,14,1,-1.28,0.0,1.28
2023-12-11,Cabai Merah Keriting,14,2,-1.28,0.0,1.28
2023-12-11,Cabai Merah Keriting,14,3,-1.28,0.0,1.28
2023-12-18,Cabai Merah Keriting,7,1,-1.28,0.0,1.28
2023-12-18,Cabai Merah Keriting,7,2,-1.28,0.0,1.28
2023-12-18,Cabai Merah Keriting,7,3,-1.28,0.0,1.28
2023-12-18,Cabai Merah Keriting,14,1,-1.28,0.0,1.28
2023-12-18,Cabai Merah Keriting,14,2,-1.28,0.0,1.28
2023-12-18,Cabai Merah Keriting,14,3,-1.28,0.0,1.28
2023-12-25,Cabai Merah Keriting,7,1,-1.28,0.0,1.28
2023-12-25,Cabai Merah Keriting,7,2,-1.28,0.0,1.28
2023-12-25,Cabai Merah Keriting,7,3,-1.28,0.0,1.28
2023-12-25,Cabai Merah Keriting,14,1,-1.28,0.0,1.28
2023-12-25,Cabai Merah Keriting,14,2,-1.28,0.0,1.28
2023-12-25,Cabai Merah Keriting,14,3,-1.28,0.0,1.28
2024-01-01,Cabai Merah Keriting,7,1,-1.28,0.0,1.28
2024-01-01,Cabai Merah Keriting,7,2,-1.28,0.0,1.28
2024-01-01,Cabai Merah Keriting,7,3,-1.28,0.0,1.28
2024-01-01,Cabai Merah Keriting,14,1,-1.28,0.0,1.28
2024-01-01,Cabai Merah Keriting,14,2,-1.28,0.0,1.28
2024-01-01,Cabai Merah Keriting,14,3,-1.28,0.0,1.28
2024-01-08,Cabai Merah Keriting,7,1,-1.28,0.0,1.28
2024-01-08,Cabai Merah Keriting,7,2,-1.28,0.0,1.28
2024-01-08,Cabai Merah Keriting,7,3,-1.28,0.0,1.28
2024-01-08,Cabai Merah Keriting,14,1,-1.28,0.0,1.28
2024-01-08,Cabai Merah Keriting,14,2,-1.28,0.0,1.28
2024-01-08,Cabai Merah Keriting,14,3,-1.28,0.0,1.28
2024-01-15,Cabai Merah Keriting,7,1,-1.28,0.0,1.28
2024-01-15,Cabai Merah Keriting,7,2,-1.28,0.0,1.28
2024-01-15,Cabai Merah Keriting,7,3,-1.28,0.0,1.28
2024-01-15,Cabai Merah Keriting,14,1,-1.28,0.0,1.28
2024-01-15,Cabai Merah Keriting,14,2,-1.28,0.0,1.28
2024-01-15,Cabai Merah Keriting,14,3,-1.28,0.0,1.28
2024-01-22,Cabai Merah Keriting,7,1,-1.28,0.0,1.28
2024-01-22,Cabai Merah Keriting,7,2,-1.28,0.0,1.28
2024-01-22,Cabai Merah Keriting,7,3,-1.28,0.0,1.28
2024-01-22,Cabai Merah Keriting,14,1,-1.28,0.0,1.28
2024-01-22,Cabai Merah Keriting,14,2,-1.28,0.0,1.28
2024-01-22,Cabai Merah Keriting,14,3,-1.28,0.0,1.28
2024-01-29,Cabai Merah Keriting,7,1,-1.28,0.0,1.28
2024-01-29,Cabai Merah Keriting,7,2,-1.28,0.0,1.28
2024-01-29,Cabai Merah Keriting,7,3,-1.28,0.0,1.28
2024-01-29,Cabai Merah Keriting,14,1,-1.28,0.0,1.28
2024-01-29,Cabai Merah Keriting,14,2,-1.28,0.0,1.28
2024-01-29,Cabai Merah Keriting,14,3,-1.28,0.0,1.28
2024-02-05,Cabai Merah Keriting,7,1,-1.28,0.0,1.28
2024-02-05,Cabai Merah Keriting,7,2,-1.28,0.0,1.28
2024-02-05,Cabai Merah Keriting,7,3,-1.28,0.0,1.28
2024-02-05,Cabai Merah Keriting,14,1,-1.28,0.0,1.28
2024-02-05,Cabai Merah Keriting,14,2,-1.28,0.0,1.28
2024-02-05,Cabai Merah Keriting,14,3,-1.28,0.0,1.28
2024-02-19,Cabai Merah Keriting,7,1,-1.28,0.0,1.28
2024-02-19,Cabai Merah Keriting,7,2,-1.28,0.0,1.28
2024-02-19,Cabai Merah Keriting,7,3,-1.28,0.0,1.28
2024-02-19,Cabai Merah Keriting,14,1,-1.28,0.0,1.28
2024-02-19,Cabai Merah Keriting,14,2,-1.28,0.0,1.28
2024-02-19,Cabai Merah Keriting,14,3,-1.28,0.0,1.28
2024-02-26,Cabai Merah Keriting,7,1,-1.28,0.0,1.28
2024-02-26,Cabai Merah Keriting,7,2,-1.28,0.0,1.28
2024-02-26,Cabai Merah Keriting,7,3,-1.28,0.0,1.28
2024-02-26,Cabai Merah Keriting,14,1,-1.28,0.0,1.28
2024-02-26,Cabai Merah Keriting,14,2,-1.28,0.0,1.28
2024-02-26,Cabai Merah Keriting,14,3,-1.28,0.0,1.28
2024-03-04,Cabai Merah Keriting,7,1,-1.28,0.0,1.28
2024-03-04,Cabai Merah Keriting,7,2,-1.28,0.0,1.28
2024-03-04,Cabai Merah Keriting,7,3,-1.28,0.0,1.28
2024-03-04,Cabai Merah Keriting,14,1,-1.28,0.0,1.28
2024-03-04,Cabai Merah Keriting,14,2,-1.28,0.0,1.28
2024-03-04,Cabai Merah Keriting,14,3,-1.28,0.0,1.28
2024-03-11,Cabai Merah Keriting,7,1,-1.28,0.0,1.28
2024-03-11,Cabai Merah Keriting,7,2,-1.28,0.0,1.28
2024-03-11,Cabai Merah Keriting,7,3,-1.28,0.0,1.28
2024-03-11,Cabai Merah Keriting,14,1,-1.28,0.0,1.28
2024-03-11,Cabai Merah Keriting,14,2,-1.28,0.0,1.28
2024-03-11,Cabai Merah Keriting,14,3,-1.28,0.0,1.28
2024-03-18,Cabai Merah Keriting,7,1,-1.28,0.0,1.28
2024-03-18,Cabai Merah Keriting,7,2,-1.28,0.0,1.28
2024-03-18,Cabai Merah Keriting,7,3,-1.28,0.0,1.28
2024-03-18,Cabai Merah Keriting,14,1,-1.28,0.0,1.28
2024-03-18,Cabai Merah Keriting,14,2,-1.28,0.0,1.28
2024-03-18,Cabai Merah Keriting,14,3,-1.28,0.0,1.28
2024-03-25,Cabai Merah Keriting,7,1,-1.28,0.0,1.28
2024-03-25,Cabai Merah Keriting,7,2,-1.28,0.0,1.28
2024-03-25,Cabai Merah Keriting,7,3,-1.28,0.0,1.28
2024-03-25,Cabai Merah Keriting,14,1,-1.28,0.0,1.28
2024-03-25,Cabai Merah Keriting,14,2,-1.28,0.0,1.28
2024-03-25,Cabai Merah Keriting,14,3,-1.28,0.0,1.28
2024-04-01,Cabai Merah Keriting,7,1,-1.28,0.0,1.28
2024-04-01,Cabai Merah Keriting,7,2,-1.28,0.0,1.28
2024-04-01,Cabai Merah Keriting,7,3,-1.28,0.0,1.28
2024-04-01,Cabai Merah Keriting,14,1,-1.28,0.0,1.28
2024-04-01,Cabai Merah Keriting,14,2,-1.28,0.0,1.28
2024-04-01,Cabai Merah Keriting,14,3,-1.28,0.0,1.28
2024-04-08,Cabai Merah Keriting,7,1,-1.28,0.0,1.28
2024-04-08,Cabai Merah Keriting,7,2,-1.28,0.0,1.28
2024-04-08,Cabai Merah Keriting,7,3,-1.28,0.0,1.28
2024-04-08,Cabai Merah Keriting,14,1,-1.28,0.0,1.28
2024-04-08,Cabai Merah Keriting,14,2,-1.28,0.0,1.28
2024-04-08,Cabai Merah Keriting,14,3,-1.28,0.0,1.28
2024-04-15,Cabai Merah Keriting,7,1,-1.28,0.0,1.28
2024-04-15,Cabai Merah Keriting,7,2,-1.28,0.0,1.28
2024-04-15,Cabai Merah Keriting,7,3,-1.28,0.0,1.28
2024-04-15,Cabai Merah Keriting,14,1,-1.28,0.0,1.28
2024-04-15,Cabai Merah Keriting,14,2,-1.28,0.0,1.28
2024-04-15,Cabai Merah Keriting,14,3,-1.28,0.0,1.28
2024-04-22,Cabai Merah Keriting,7,1,-1.28,0.0,1.28
2024-04-22,Cabai Merah Keriting,7,2,-1.28,0.0,1.28
2024-04-22,Cabai Merah Keriting,7,3,-1.28,0.0,1.28
2024-04-22,Cabai Merah Keriting,14,1,-1.28,0.0,1.28
2024-04-22,Cabai Merah Keriting,14,2,-1.28,0.0,1.28
2024-04-22,Cabai Merah Keriting,14,3,-1.28,0.0,1.28
2024-04-29,Cabai Merah Keriting,7,1,-1.28,0.0,1.28
2024-04-29,Cabai Merah Keriting,7,2,-1.28,0.0,1.28
2024-04-29,Cabai Merah Keriting,7,3,-1.28,0.0,1.28
2024-04-29,Cabai Merah Keriting,14,1,-1.28,0.0,1.28
2024-04-29,Cabai Merah Keriting,14,2,-1.28,0.0,1.28
2024-04-29,Cabai Merah Keriting,14,3,-1.28,0.0,1.28
2024-05-06,Cabai Merah Keriting,7,1,-1.28,0.0,1.28
2024-05-06,Cabai Merah Keriting,7,2,-1.28,0.0,1.28
2024-05-06,Cabai Merah Keriting,7,3,-1.28,0.0,1.28
2024-05-06,Cabai Merah Keriting,14,1,-1.28,0.0,1.28
2024-05-06,Cabai Merah Keriting,14,2,-1.28,0.0,1.28
2024-05-06,Cabai Merah Keriting,14,3,-1.28,0.0,1.28
2024-05-13,Cabai Merah Keriting,7,1,-1.28,0.0,1.28
2024-05-13,Cabai Merah Keriting,7,2,-1.28,0.0,1.28
2024-05-13,Cabai Merah Keriting,7,3,-1.28,0.0,1.28
2024-05-13,Cabai Merah Keriting,14,1,-1.28,0.0,1.28
2024-05-13,Cabai Merah Keriting,14,2,-1.28,0.0,1.28
2024-05-13,Cabai Merah Keriting,14,3,-1.28,0.0,1.28
2024-05-20,Cabai Merah Keriting,7,1,-1.28,0.0,1.28
2024-05-20,Cabai Merah Keriting,7,2,-1.28,0.0,1.28
2024-05-20,Cabai Merah Keriting,7,3,-1.28,0.0,1.28
2024-05-20,Cabai Merah Keriting,14,1,-1.28,0.0,1.28
2024-05-20,Cabai Merah Keriting,14,2,-1.28,0.0,1.28
2024-05-20,Cabai Merah Keriting,14,3,-1.28,0.0,1.28
2024-06-03,Cabai Merah Keriting,7,1,-1.28,0.0,1.28
2024-06-03,Cabai Merah Keriting,7,2,-1.28,0.0,1.28
2024-06-03,Cabai Merah Keriting,7,3,-1.28,0.0,1.28
2024-06-03,Cabai Merah Keriting,14,1,-1.28,0.0,1.28
2024-06-03,Cabai Merah Keriting,14,2,-1.28,0.0,1.28
2024-06-03,Cabai Merah Keriting,14,3,-1.28,0.0,1.28
2024-06-10,Cabai Merah Keriting,7,1,-1.28,0.0,1.28
2024-06-10,Cabai Merah Keriting,7,2,-1.28,0.0,1.28
2024-06-10,Cabai Merah Keriting,7,3,-1.28,0.0,1.28
2024-06-10,Cabai Merah Keriting,14,1,-1.28,0.0,1.28
2024-06-10,Cabai Merah Keriting,14,2,-1.28,0.0,1.28
2024-06-10,Cabai Merah Keriting,14,3,-1.28,0.0,1.28
2024-06-17,Cabai Merah Keriting,7,1,-1.28,0.0,1.28
2024-06-17,Cabai Merah Keriting,7,2,-1.28,0.0,1.28
2024-06-17,Cabai Merah Keriting,7,3,-1.28,0.0,1.28
2024-06-17,Cabai Merah Keriting,14,1,-1.28,0.0,1.28
2024-06-17,Cabai Merah Keriting,14,2,-1.28,0.0,1.28
2024-06-17,Cabai Merah Keriting,14,3,-1.28,0.0,1.28
2024-06-24,Cabai Merah Keriting,7,1,-1.28,0.0,1.28
2024-06-24,Cabai Merah Keriting,7,2,-1.28,0.0,1.28
2024-06-24,Cabai Merah Keriting,7,3,-1.28,0.0,1.28
2024-06-24,Cabai Merah Keriting,14,1,-1.28,0.0,1.28
2024-06-24,Cabai Merah Keriting,14,2,-1.28,0.0,1.28
2024-06-24,Cabai Merah Keriting,14,3,-1.28,0.0,1.28
2024-07-01,Cabai Merah Keriting,7,1,-1.28,0.0,1.28
2024-07-01,Cabai Merah Keriting,7,2,-1.28,0.0,1.28
2024-07-01,Cabai Merah Keriting,7,3,-1.28,0.0,1.28
2024-07-01,Cabai Merah Keriting,14,1,-1.28,0.0,1.28
2024-07-01,Cabai Merah Keriting,14,2,-1.28,0.0,1.28
2024-07-01,Cabai Merah Keriting,14,3,-1.28,0.0,1.28
2024-07-08,Cabai Merah Keriting,7,1,-1.28,0.0,1.28
2024-07-08,Cabai Merah Keriting,7,2,-1.28,0.0,1.28
2024-07-08,Cabai Merah Keriting,7,3,-1.28,0.0,1.28
2024-07-08,Cabai Merah Keriting,14,1,-1.28,0.0,1.28
2024-07-08,Cabai Merah Keriting,14,2,-1.28,0.0,1.28
2024-07-08,Cabai Merah Keriting,14,3,-1.28,0.0,1.28
2024-07-15,Cabai Merah Keriting,7,1,-1.28,0.0,1.28
2024-07-15,Cabai Merah Keriting,7,2,-1.28,0.0,1.28
2024-07-15,Cabai Merah Keriting,7,3,-1.28,0.0,1.28
2024-07-15,Cabai Merah Keriting,14,1,-1.28,0.0,1.28
2024-07-15,Cabai Merah Keriting,14,2,-1.28,0.0,1.28
2024-07-15,Cabai Merah Keriting,14,3,-1.28,0.0,1.28
2024-07-22,Cabai Merah Keriting,7,1,-1.28,0.0,1.28
2024-07-22,Cabai Merah Keriting,7,2,-1.28,0.0,1.28
2024-07-22,Cabai Merah Keriting,7,3,-1.28,0.0,1.28
2024-07-22,Cabai Merah Keriting,14,1,-1.28,0.0,1.28
2024-07-22,Cabai Merah Keriting,14,2,-1.28,0.0,1.28
2024-07-22,Cabai Merah Keriting,14,3,-1.28,0.0,1.28
2024-08-05,Cabai Merah Keriting,7,1,-1.28,0.0,1.28
2024-08-05,Cabai Merah Keriting,7,2,-1.28,0.0,1.28
2024-08-05,Cabai Merah Keriting,7,3,-1.28,0.0,1.28
2024-08-05,Cabai Merah Keriting,14,1,-1.28,0.0,1.28
2024-08-05,Cabai Merah Keriting,14,2,-1.28,0.0,1.28
2024-08-05,Cabai Merah Keriting,14,3,-1.28,0.0,1.28
2024-08-12,Cabai Merah Keriting,7,1,-1.28,0.0,1.28
2024-08-12,Cabai Merah Keriting,7,2,-1.28,0.0,1.28
2024-08-12,Cabai Merah Keriting,7,3,-1.28,0.0,1.28
2024-08-12,Cabai Merah Keriting,14,1,-1.28,0.0,1.28
2024-08-12,Cabai Merah Keriting,14,2,-1.28,0.0,1.28
2024-08-12,Cabai Merah Keriting,14,3,-1.28,0.0,1.28
2024-08-19,Cabai Merah Keriting,7,1,-1.28,0.0,1.28
2024-08-19,Cabai Merah Keriting,7,2,-1.28,0.0,1.28
2024-08-19,Cabai Merah Keriting,7,3,-1.28,0.0,1.28
2024-08-19,Cabai Merah Keriting,14,1,-1.28,0.0,1.28
2024-08-19,Cabai Merah Keriting,14,2,-1.28,0.0,1.28
2024-08-19,Cabai Merah Keriting,14,3,-1.28,0.0,1.28
2024-08-26,Cabai Merah Keriting,7,1,-1.28,0.0,1.28
2024-08-26,Cabai Merah Keriting,7,2,-1.28,0.0,1.28
2024-08-26,Cabai Merah Keriting,7,3,-1.28,0.0,1.28
2024-08-26,Cabai Merah Keriting,14,1,-1.28,0.0,1.28
2024-08-26,Cabai Merah Keriting,14,2,-1.28,0.0,1.28
2024-08-26,Cabai Merah Keriting,14,3,-1.28,0.0,1.28
2024-09-02,Cabai Merah Keriting,7,1,-1.28,0.0,1.28
2024-09-02,Cabai Merah Keriting,7,2,-1.28,0.0,1.28
2024-09-02,Cabai Merah Keriting,7,3,-1.28,0.0,1.28
2024-09-02,Cabai Merah Keriting,14,1,-1.28,0.0,1.28
2024-09-02,Cabai Merah Keriting,14,2,-1.28,0.0,1.28
2024-09-02,Cabai Merah Keriting,14,3,-1.28,0.0,1.28
2024-09-09,Cabai Merah Keriting,7,1,-1.28,0.0,1.28
2024-09-09,Cabai Merah Keriting,7,2,-1.28,0.0,1.28
2024-09-09,Cabai Merah Keriting,7,3,-1.28,0.0,1.28
2024-09-09,Cabai Merah Keriting,14,1,-1.28,0.0,1.28
2024-09-09,Cabai Merah Keriting,14,2,-1.28,0.0,1.28
2024-09-09,Cabai Merah Keriting,14,3,-1.28,0.0,1.28
2024-09-16,Cabai Merah Keriting,7,1,-1.28,0.0,1.28
2024-09-16,Cabai Merah Keriting,7,2,-1.28,0.0,1.28
2024-09-16,Cabai Merah Keriting,7,3,-1.28,0.0,1.28
2024-09-16,Cabai Merah Keriting,14,1,-1.28,0.0,1.28
2024-09-16,Cabai Merah Keriting,14,2,-1.28,0.0,1.28
2024-09-16,Cabai Merah Keriting,14,3,-1.28,0.0,1.28
2024-09-23,Cabai Merah Keriting,7,1,-1.28,0.0,1.28
2024-09-23,Cabai Merah Keriting,7,2,-1.28,0.0,1.28
2024-09-23,Cabai Merah Keriting,7,3,-1.28,0.0,1.28
2024-09-23,Cabai Merah Keriting,14,1,-1.28,0.0,1.28
2024-09-23,Cabai Merah Keriting,14,2,-1.28,0.0,1.28
2024-09-23,Cabai Merah Keriting,14,3,-1.28,0.0,1.28
2024-09-30,Cabai Merah Keriting,7,1,-1.28,0.0,1.28
2024-09-30,Cabai Merah Keriting,7,2,-1.28,0.0,1.28
2024-09-30,Cabai Merah Keriting,7,3,-1.28,0.0,1.28
2024-09-30,Cabai Merah Keriting,14,1,-1.28,0.0,1.28
2024-09-30,Cabai Merah Keriting,14,2,-1.28,0.0,1.28
2024-09-30,Cabai Merah Keriting,14,3,-1.28,0.0,1.28
2024-10-07,Cabai Merah Keriting,7,1,-1.28,0.0,1.28
2024-10-07,Cabai Merah Keriting,7,2,-1.28,0.0,1.28
2024-10-07,Cabai Merah Keriting,7,3,-1.28,0.0,1.28
2024-10-07,Cabai Merah Keriting,14,1,-1.28,0.0,1.28
2024-10-07,Cabai Merah Keriting,14,2,-1.28,0.0,1.28
2024-10-07,Cabai Merah Keriting,14,3,-1.28,0.0,1.28
2024-10-14,Cabai Merah Keriting,7,1,-1.28,0.0,1.28
2024-10-14,Cabai Merah Keriting,7,2,-1.28,0.0,1.28
2024-10-14,Cabai Merah Keriting,7,3,-1.28,0.0,1.28
2024-10-14,Cabai Merah Keriting,14,1,-1.28,0.0,1.28
2024-10-14,Cabai Merah Keriting,14,2,-1.28,0.0,1.28
2024-10-14,Cabai Merah Keriting,14,3,-1.28,0.0,1.28
2024-10-21,Cabai Merah Keriting,7,1,-1.28,0.0,1.28
2024-10-21,Cabai Merah Keriting,7,2,-1.28,0.0,1.28
2024-10-21,Cabai Merah Keriting,7,3,-1.28,0.0,1.28
2024-10-21,Cabai Merah Keriting,14,1,-1.28,0.0,1.28
2024-10-21,Cabai Merah Keriting,14,2,-1.28,0.0,1.28
2024-10-21,Cabai Merah Keriting,14,3,-1.28,0.0,1.28
2024-10-28,Cabai Merah Keriting,7,1,-1.28,0.0,1.28
2024-10-28,Cabai Merah Keriting,7,2,-1.28,0.0,1.28
2024-10-28,Cabai Merah Keriting,7,3,-1.28,0.0,1.28
2024-10-28,Cabai Merah Keriting,14,1,-1.28,0.0,1.28
2024-10-28,Cabai Merah Keriting,14,2,-1.28,0.0,1.28
2024-10-28,Cabai Merah Keriting,14,3,-1.28,0.0,1.28
2024-11-04,Cabai Merah Keriting,7,1,-1.28,0.0,1.28
2024-11-04,Cabai Merah Keriting,7,2,-1.28,0.0,1.28
2024-11-04,Cabai Merah Keriting,7,3,-1.28,0.0,1.28
2024-11-04,Cabai Merah Keriting,14,1,-1.28,0.0,1.28
2024-11-04,Cabai Merah Keriting,14,2,-1.28,0.0,1.28
2024-11-04,Cabai Merah Keriting,14,3,-1.28,0.0,1.28
2024-11-11,Cabai Merah Keriting,7,1,-1.28,0.0,1.28
2024-11-11,Cabai Merah Keriting,7,2,-1.28,0.0,1.28
2024-11-11,Cabai Merah Keriting,7,3,-1.28,0.0,1.28
2024-11-11,Cabai Merah Keriting,14,1,-1.28,0.0,1.28
2024-11-11,Cabai Merah Keriting,14,2,-1.28,0.0,1.28
2024-11-11,Cabai Merah Keriting,14,3,-1.28,0.0,1.28
2024-11-18,Cabai Merah Keriting,7,1,-1.28,0.0,1.28
2024-11-18,Cabai Merah Keriting,7,2,-1.28,0.0,1.28
2024-11-18,Cabai Merah Keriting,7,3,-1.28,0.0,1.28
2024-11-18,Cabai Merah Keriting,14,1,-1.28,0.0,1.28
2024-11-18,Cabai Merah Keriting,14,2,-1.28,0.0,1.28
2024-11-18,Cabai Merah Keriting,14,3,-1.28,0.0,1.28
2024-11-25,Cabai Merah Keriting,7,1,-1.28,0.0,1.28
2024-11-25,Cabai Merah Keriting,7,2,-1.28,0.0,1.28
2024-11-25,Cabai Merah Keriting,7,3,-1.28,0.0,1.28
2024-11-25,Cabai Merah Keriting,14,1,-1.28,0.0,1.28
2024-11-25,Cabai Merah Keriting,14,2,-1.28,0.0,1.28
2024-11-25,Cabai Merah Keriting,14,3,-1.28,0.0,1.28
2024-12-02,Cabai Merah Keriting,7,1,-1.28,0.0,1.28
2024-12-02,Cabai Merah Keriting,7,2,-1.28,0.0,1.28
2024-12-02,Cabai Merah Keriting,7,3,-1.28,0.0,1.28
2024-12-02,Cabai Merah Keriting,14,1,-1.28,0.0,1.28
2024-12-02,Cabai Merah Keriting,14,2,-1.28,0.0,1.28
2024-12-02,Cabai Merah Keriting,14,3,-1.28,0.0,1.28
2024-12-09,Cabai Merah Keriting,7,1,-1.28,0.0,1.28
2024-12-09,Cabai Merah Keriting,7,2,-1.28,0.0,1.28
2024-12-09,Cabai Merah Keriting,7,3,-1.28,0.0,1.28
2024-12-09,Cabai Merah Keriting,14,1,-1.28,0.0,1.28
2024-12-09,Cabai Merah Keriting,14,2,-1.28,0.0,1.28
2024-12-09,Cabai Merah Keriting,14,3,-1.28,0.0,1.28
2024-12-16,Cabai Merah Keriting,7,1,-1.28,0.0,1.28
2024-12-16,Cabai Merah Keriting,7,2,-1.28,0.0,1.28
2024-12-16,Cabai Merah Keriting,7,3,-1.28,0.0,1.28
2024-12-16,Cabai Merah Keriting,14,1,-1.28,0.0,1.28
2024-12-16,Cabai Merah Keriting,14,2,-1.28,0.0,1.28
2024-12-16,Cabai Merah Keriting,14,3,-1.28,0.0,1.28
2024-12-23,Cabai Merah Keriting,7,1,-1.28,0.0,1.28
2024-12-23,Cabai Merah Keriting,7,2,-1.28,0.0,1.28
2024-12-23,Cabai Merah Keriting,7,3,-1.28,0.0,1.28
2024-12-23,Cabai Merah Keriting,14,1,-1.28,0.0,1.28
2024-12-23,Cabai Merah Keriting,14,2,-1.28,0.0,1.28
2024-12-23,Cabai Merah Keriting,14,3,-1.28,0.0,1.28
2024-12-30,Cabai Merah Keriting,7,1,-1.28,0.0,1.28
2024-12-30,Cabai Merah Keriting,7,2,-1.28,0.0,1.28
2024-12-30,Cabai Merah Keriting,7,3,-1.28,0.0,1.28
2024-12-30,Cabai Merah Keriting,14,1,-1.28,0.0,1.28
2024-12-30,Cabai Merah Keriting,14,2,-1.28,0.0,1.28
2024-12-30,Cabai Merah Keriting,14,3,-1.28,0.0,1.28
2025-01-06,Cabai Merah Keriting,7,1,-1.28,0.0,1.28
2025-01-06,Cabai Merah Keriting,7,2,-1.28,0.0,1.28
2025-01-06,Cabai Merah Keriting,7,3,-1.28,0.0,1.28
2025-01-06,Cabai Merah Keriting,14,1,-1.28,0.0,1.28
2025-01-06,Cabai Merah Keriting,14,2,-1.28,0.0,1.28
2025-01-06,Cabai Merah Keriting,14,3,-1.28,0.0,1.28
2025-01-13,Cabai Merah Keriting,7,1,-1.28,0.0,1.28
2025-01-13,Cabai Merah Keriting,7,2,-1.28,0.0,1.28
2025-01-13,Cabai Merah Keriting,7,3,-1.28,0.0,1.28
2025-01-13,Cabai Merah Keriting,14,1,-1.28,0.0,1.28
2025-01-13,Cabai Merah Keriting,14,2,-1.28,0.0,1.28
2025-01-13,Cabai Merah Keriting,14,3,-1.28,0.0,1.28
2025-01-20,Cabai Merah Keriting,7,1,-1.28,0.0,1.28
2025-01-20,Cabai Merah Keriting,7,2,-1.28,0.0,1.28
2025-01-20,Cabai Merah Keriting,7,3,-1.28,0.0,1.28
2025-01-20,Cabai Merah Keriting,14,1,-1.28,0.0,1.28
2025-01-20,Cabai Merah Keriting,14,2,-1.28,0.0,1.28
2025-01-20,Cabai Merah Keriting,14,3,-1.28,0.0,1.28
2025-01-27,Cabai Merah Keriting,7,1,-1.28,0.0,1.28
2025-01-27,Cabai Merah Keriting,7,2,-1.28,0.0,1.28
2025-01-27,Cabai Merah Keriting,7,3,-1.28,0.0,1.28
2025-01-27,Cabai Merah Keriting,14,1,-1.28,0.0,1.28
2025-01-27,Cabai Merah Keriting,14,2,-1.28,0.0,1.28
2025-01-27,Cabai Merah Keriting,14,3,-1.28,0.0,1.28
2025-02-03,Cabai Merah Keriting,7,1,-1.28,0.0,1.28
2025-02-03,Cabai Merah Keriting,7,2,-1.28,0.0,1.28
2025-02-03,Cabai Merah Keriting,7,3,-1.28,0.0,1.28
2025-02-03,Cabai Merah Keriting,14,1,-1.28,0.0,1.28
2025-02-03,Cabai Merah Keriting,14,2,-1.28,0.0,1.28
2025-02-03,Cabai Merah Keriting,14,3,-1.28,0.0,1.28
2025-02-10,Cabai Merah Keriting,7,1,-1.28,0.0,1.28
2025-02-10,Cabai Merah Keriting,7,2,-1.28,0.0,1.28
2025-02-10,Cabai Merah Keriting,7,3,-1.28,0.0,1.28
2025-02-10,Cabai Merah Keriting,14,1,-1.28,0.0,1.28
2025-02-10,Cabai Merah Keriting,14,2,-1.28,0.0,1.28
2025-02-10,Cabai Merah Keriting,14,3,-1.28,0.0,1.28
2025-02-17,Cabai Merah Keriting,7,1,-1.28,0.0,1.28
2025-02-17,Cabai Merah Keriting,7,2,-1.28,0.0,1.28
2025-02-17,Cabai Merah Keriting,7,3,-1.28,0.0,1.28
2025-02-17,Cabai Merah Keriting,14,1,-1.28,0.0,1.28
2025-02-17,Cabai Merah Keriting,14,2,-1.28,0.0,1.28
2025-02-17,Cabai Merah Keriting,14,3,-1.28,0.0,1.28
2025-02-24,Cabai Merah Keriting,7,1,-1.28,0.0,1.28
2025-02-24,Cabai Merah Keriting,7,2,-1.28,0.0,1.28
2025-02-24,Cabai Merah Keriting,7,3,-1.28,0.0,1.28
2025-02-24,Cabai Merah Keriting,14,1,-1.28,0.0,1.28
2025-02-24,Cabai Merah Keriting,14,2,-1.28,0.0,1.28
2025-02-24,Cabai Merah Keriting,14,3,-1.28,0.0,1.28
2025-03-03,Cabai Merah Keriting,7,1,-1.28,0.0,1.28
2025-03-03,Cabai Merah Keriting,7,2,-1.28,0.0,1.28
2025-03-03,Cabai Merah Keriting,7,3,-1.28,0.0,1.28
2025-03-03,Cabai Merah Keriting,14,1,-1.28,0.0,1.28
2025-03-03,Cabai Merah Keriting,14,2,-1.28,0.0,1.28
2025-03-03,Cabai Merah Keriting,14,3,-1.28,0.0,1.28
2025-03-10,Cabai Merah Keriting,7,1,-1.28,0.0,1.28
2025-03-10,Cabai Merah Keriting,7,2,-1.28,0.0,1.28
2025-03-10,Cabai Merah Keriting,7,3,-1.28,0.0,1.28
2025-03-10,Cabai Merah Keriting,14,1,-1.28,0.0,1.28
2025-03-10,Cabai Merah Keriting,14,2,-1.28,0.0,1.28
2025-03-10,Cabai Merah Keriting,14,3,-1.28,0.0,1.28
2025-03-17,Cabai Merah Keriting,7,1,-1.28,0.0,1.28
2025-03-17,Cabai Merah Keriting,7,2,-1.28,0.0,1.28
2025-03-17,Cabai Merah Keriting,7,3,-1.28,0.0,1.28
2025-03-17,Cabai Merah Keriting,14,1,-1.28,0.0,1.28
2025-03-17,Cabai Merah Keriting,14,2,-1.28,0.0,1.28
2025-03-17,Cabai Merah Keriting,14,3,-1.28,0.0,1.28
2025-03-24,Cabai Merah Keriting,7,1,-1.28,0.0,1.28
2025-03-24,Cabai Merah Keriting,7,2,-1.28,0.0,1.28
2025-03-24,Cabai Merah Keriting,7,3,-1.28,0.0,1.28
2025-03-24,Cabai Merah Keriting,14,1,-1.28,0.0,1.28
2025-03-24,Cabai Merah Keriting,14,2,-1.28,0.0,1.28
2025-03-24,Cabai Merah Keriting,14,3,-1.28,0.0,1.28
2025-03-31,Cabai Merah Keriting,7,1,-1.28,0.0,1.28
2025-03-31,Cabai Merah Keriting,7,2,-1.28,0.0,1.28
2025-03-31,Cabai Merah Keriting,7,3,-1.28,0.0,1.28
2025-03-31,Cabai Merah Keriting,14,1,-1.28,0.0,1.28
2025-03-31,Cabai Merah Keriting,14,2,-1.28,0.0,1.28
2025-03-31,Cabai Merah Keriting,14,3,-1.28,0.0,1.28
2025-04-07,Cabai Merah Keriting,7,1,-1.28,0.0,1.28
2025-04-07,Cabai Merah Keriting,7,2,-1.28,0.0,1.28
2025-04-07,Cabai Merah Keriting,7,3,-1.28,0.0,1.28
2025-04-07,Cabai Merah Keriting,14,1,-1.28,0.0,1.28
2025-04-07,Cabai Merah Keriting,14,2,-1.28,0.0,1.28
2025-04-07,Cabai Merah Keriting,14,3,-1.28,0.0,1.28
2025-04-14,Cabai Merah Keriting,7,1,-1.28,0.0,1.28
2025-04-14,Cabai Merah Keriting,7,2,-1.28,0.0,1.28
2025-04-14,Cabai Merah Keriting,7,3,-1.28,0.0,1.28
2025-04-14,Cabai Merah Keriting,14,1,-1.28,0.0,1.28
2025-04-14,Cabai Merah Keriting,14,2,-1.28,0.0,1.28
2025-04-14,Cabai Merah Keriting,14,3,-1.28,0.0,1.28
2025-04-21,Cabai Merah Keriting,7,1,-1.28,0.0,1.28
2025-04-21,Cabai Merah Keriting,7,2,-1.28,0.0,1.28
2025-04-21,Cabai Merah Keriting,7,3,-1.28,0.0,1.28
2025-04-21,Cabai Merah Keriting,14,1,-1.28,0.0,1.28
2025-04-21,Cabai Merah Keriting,14,2,-1.28,0.0,1.28
2025-04-21,Cabai Merah Keriting,14,3,-1.28,0.0,1.28
2025-04-28,Cabai Merah Keriting,7,1,-1.28,0.0,1.28
2025-04-28,Cabai Merah Keriting,7,2,-1.28,0.0,1.28
2025-04-28,Cabai Merah Keriting,7,3,-1.28,0.0,1.28
2025-04-28,Cabai Merah Keriting,14,1,-1.28,0.0,1.28
2025-04-28,Cabai Merah Keriting,14,2,-1.28,0.0,1.28
2025-04-28,Cabai Merah Keriting,14,3,-1.28,0.0,1.28
2025-05-05,Cabai Merah Keriting,7,1,-1.28,0.0,1.28
2025-05-05,Cabai Merah Keriting,7,2,-1.28,0.0,1.28
2025-05-05,Cabai Merah Keriting,7,3,-1.28,0.0,1.28
2025-05-05,Cabai Merah Keriting,14,1,-1.28,0.0,1.28
2025-05-05,Cabai Merah Keriting,14,2,-1.28,0.0,1.28
2025-05-05,Cabai Merah Keriting,14,3,-1.28,0.0,1.28
2025-05-12,Cabai Merah Keriting,7,1,-1.28,0.0,1.28
2025-05-12,Cabai Merah Keriting,7,2,-1.28,0.0,1.28
2025-05-12,Cabai Merah Keriting,7,3,-1.28,0.0,1.28
2025-05-12,Cabai Merah Keriting,14,1,-1.28,0.0,1.28
2025-05-12,Cabai Merah Keriting,14,2,-1.28,0.0,1.28
2025-05-12,Cabai Merah Keriting,14,3,-1.28,0.0,1.28
2025-05-19,Cabai Merah Keriting,7,1,-1.28,0.0,1.28
2025-05-19,Cabai Merah Keriting,7,2,-1.28,0.0,1.28
2025-05-19,Cabai Merah Keriting,7,3,-1.28,0.0,1.28
2025-05-19,Cabai Merah Keriting,14,1,-1.28,0.0,1.28
2025-05-19,Cabai Merah Keriting,14,2,-1.28,0.0,1.28
2025-05-19,Cabai Merah Keriting,14,3,-1.28,0.0,1.28
2025-05-26,Cabai Merah Keriting,7,1,-1.28,0.0,1.28
2025-05-26,Cabai Merah Keriting,7,2,-1.28,0.0,1.28
2025-05-26,Cabai Merah Keriting,7,3,-1.28,0.0,1.28
2025-05-26,Cabai Merah Keriting,14,1,-1.28,0.0,1.28
2025-05-26,Cabai Merah Keriting,14,2,-1.28,0.0,1.28
2025-05-26,Cabai Merah Keriting,14,3,-1.28,0.0,1.28
2025-06-02,Cabai Merah Keriting,7,1,-1.28,0.0,1.28
2025-06-02,Cabai Merah Keriting,7,2,-1.28,0.0,1.28
2025-06-02,Cabai Merah Keriting,7,3,-1.28,0.0,1.28
2025-06-02,Cabai Merah Keriting,14,1,-1.28,0.0,1.28
2025-06-02,Cabai Merah Keriting,14,2,-1.28,0.0,1.28
2025-06-02,Cabai Merah Keriting,14,3,-1.28,0.0,1.28
2025-06-09,Cabai Merah Keriting,7,1,-1.28,0.0,1.28
2025-06-09,Cabai Merah Keriting,7,2,-1.28,0.0,1.28
2025-06-09,Cabai Merah Keriting,7,3,-1.28,0.0,1.28
2025-06-09,Cabai Merah Keriting,14,1,-1.28,0.0,1.28
2025-06-09,Cabai Merah Keriting,14,2,-1.28,0.0,1.28
2025-06-09,Cabai Merah Keriting,14,3,-1.28,0.0,1.28
2025-06-16,Cabai Merah Keriting,7,1,-1.28,0.0,1.28
2025-06-16,Cabai Merah Keriting,7,2,-1.28,0.0,1.28
2025-06-16,Cabai Merah Keriting,7,3,-1.28,0.0,1.28
2025-06-16,Cabai Merah Keriting,14,1,-1.28,0.0,1.28
2025-06-16,Cabai Merah Keriting,14,2,-1.28,0.0,1.28
2025-06-16,Cabai Merah Keriting,14,3,-1.28,0.0,1.28
2025-06-23,Cabai Merah Keriting,7,1,-1.28,0.0,1.28
2025-06-23,Cabai Merah Keriting,7,2,-1.28,0.0,1.28
2025-06-23,Cabai Merah Keriting,7,3,-1.28,0.0,1.28
2025-06-23,Cabai Merah Keriting,14,1,-1.28,0.0,1.28
2025-06-23,Cabai Merah Keriting,14,2,-1.28,0.0,1.28
2025-06-23,Cabai Merah Keriting,14,3,-1.28,0.0,1.28
2025-06-30,Cabai Merah Keriting,7,1,-1.28,0.0,1.28
2025-06-30,Cabai Merah Keriting,7,2,-1.28,0.0,1.28
2025-06-30,Cabai Merah Keriting,7,3,-1.28,0.0,1.28
2025-06-30,Cabai Merah Keriting,14,1,-1.28,0.0,1.28
2025-06-30,Cabai Merah Keriting,14,2,-1.28,0.0,1.28
2025-06-30,Cabai Merah Keriting,14,3,-1.28,0.0,1.28
2025-07-07,Cabai Merah Keriting,7,1,-1.28,0.0,1.28
2025-07-07,Cabai Merah Keriting,7,2,-1.28,0.0,1.28
2025-07-07,Cabai Merah Keriting,7,3,-1.28,0.0,1.28
2025-07-07,Cabai Merah Keriting,14,1,-1.28,0.0,1.28
2025-07-07,Cabai Merah Keriting,14,2,-1.28,0.0,1.28
2025-07-07,Cabai Merah Keriting,14,3,-1.28,0.0,1.28
2025-07-14,Cabai Merah Keriting,7,1,-1.28,0.0,1.28
2025-07-14,Cabai Merah Keriting,7,2,-1.28,0.0,1.28
2025-07-14,Cabai Merah Keriting,7,3,-1.28,0.0,1.28
2025-07-14,Cabai Merah Keriting,14,1,-1.28,0.0,1.28
2025-07-14,Cabai Merah Keriting,14,2,-1.28,0.0,1.28
2025-07-14,Cabai Merah Keriting,14,3,-1.28,0.0,1.28
2025-07-21,Cabai Merah Keriting,7,1,-1.28,0.0,1.28
2025-07-21,Cabai Merah Keriting,7,2,-1.28,0.0,1.28
2025-07-21,Cabai Merah Keriting,7,3,-1.28,0.0,1.28
2025-07-21,Cabai Merah Keriting,14,1,-1.28,0.0,1.28
2025-07-21,Cabai Merah Keriting,14,2,-1.28,0.0,1.28
2025-07-21,Cabai Merah Keriting,14,3,-1.28,0.0,1.28
2025-07-28,Cabai Merah Keriting,7,1,-1.28,0.0,1.28
2025-07-28,Cabai Merah Keriting,7,2,-1.28,0.0,1.28
2025-07-28,Cabai Merah Keriting,7,3,-1.28,0.0,1.28
2025-07-28,Cabai Merah Keriting,14,1,-1.28,0.0,1.28
2025-07-28,Cabai Merah Keriting,14,2,-1.28,0.0,1.28
2025-07-28,Cabai Merah Keriting,14,3,-1.28,0.0,1.28
2025-08-04,Cabai Merah Keriting,7,1,-1.28,0.0,1.28
2025-08-04,Cabai Merah Keriting,7,2,-1.28,0.0,1.28
2025-08-04,Cabai Merah Keriting,7,3,-1.28,0.0,1.28
2025-08-04,Cabai Merah Keriting,14,1,-1.28,0.0,1.28
2025-08-04,Cabai Merah Keriting,14,2,-1.28,0.0,1.28
2025-08-04,Cabai Merah Keriting,14,3,-1.28,0.0,1.28
2025-08-11,Cabai Merah Keriting,7,1,-1.28,0.0,1.28
2025-08-11,Cabai Merah Keriting,7,2,-1.28,0.0,1.28
2025-08-11,Cabai Merah Keriting,7,3,-1.28,0.0,1.28
2025-08-11,Cabai Merah Keriting,14,1,-1.28,0.0,1.28
2025-08-11,Cabai Merah Keriting,14,2,-1.28,0.0,1.28
2025-08-11,Cabai Merah Keriting,14,3,-1.28,0.0,1.28
2025-08-18,Cabai Merah Keriting,7,1,-1.28,0.0,1.28
2025-08-18,Cabai Merah Keriting,7,2,-1.28,0.0,1.28
2025-08-18,Cabai Merah Keriting,7,3,-1.28,0.0,1.28
2025-08-18,Cabai Merah Keriting,14,1,-1.28,0.0,1.28
2025-08-18,Cabai Merah Keriting,14,2,-1.28,0.0,1.28
2025-08-18,Cabai Merah Keriting,14,3,-1.28,0.0,1.28
2025-08-25,Cabai Merah Keriting,7,1,-1.28,0.0,1.28
2025-08-25,Cabai Merah Keriting,7,2,-1.28,0.0,1.28
2025-08-25,Cabai Merah Keriting,7,3,-1.28,0.0,1.28
2025-08-25,Cabai Merah Keriting,14,1,-1.28,0.0,1.28
2025-08-25,Cabai Merah Keriting,14,2,-1.28,0.0,1.28
2025-08-25,Cabai Merah Keriting,14,3,-1.28,0.0,1.28
2025-09-08,Cabai Merah Keriting,7,1,-1.28,0.0,1.28
2025-09-08,Cabai Merah Keriting,7,2,-1.28,0.0,1.28
2025-09-08,Cabai Merah Keriting,7,3,-1.28,0.0,1.28
2025-09-08,Cabai Merah Keriting,14,1,-1.28,0.0,1.28
2025-09-08,Cabai Merah Keriting,14,2,-1.28,0.0,1.28
2025-09-08,Cabai Merah Keriting,14,3,-1.28,0.0,1.28
2025-09-15,Cabai Merah Keriting,7,1,-1.28,0.0,1.28
2025-09-15,Cabai Merah Keriting,7,2,-1.28,0.0,1.28
2025-09-15,Cabai Merah Keriting,7,3,-1.28,0.0,1.28
2025-09-15,Cabai Merah Keriting,14,1,-1.28,0.0,1.28
2025-09-15,Cabai Merah Keriting,14,2,-1.28,0.0,1.28
2025-09-15,Cabai Merah Keriting,14,3,-1.28,0.0,1.28
2025-09-22,Cabai Merah Keriting,7,1,-1.28,0.0,1.28
2025-09-22,Cabai Merah Keriting,7,2,-1.28,0.0,1.28
2025-09-22,Cabai Merah Keriting,7,3,-1.28,0.0,1.28
2025-09-22,Cabai Merah Keriting,14,1,-1.28,0.0,1.28
2025-09-22,Cabai Merah Keriting,14,2,-1.28,0.0,1.28
2025-09-22,Cabai Merah Keriting,14,3,-1.28,0.0,1.28
2025-09-29,Cabai Merah Keriting,7,1,-1.28,0.0,1.28
2025-09-29,Cabai Merah Keriting,7,2,-1.28,0.0,1.28
2025-09-29,Cabai Merah Keriting,7,3,-1.28,0.0,1.28
2025-09-29,Cabai Merah Keriting,14,1,-1.28,0.0,1.28
2025-09-29,Cabai Merah Keriting,14,2,-1.28,0.0,1.28
2025-09-29,Cabai Merah Keriting,14,3,-1.28,0.0,1.28
2025-10-06,Cabai Merah Keriting,7,1,-1.28,0.0,1.28
2025-10-06,Cabai Merah Keriting,7,2,-1.28,0.0,1.28
2025-10-06,Cabai Merah Keriting,7,3,-1.28,0.0,1.28
2025-10-06,Cabai Merah Keriting,14,1,-1.28,0.0,1.28
2025-10-06,Cabai Merah Keriting,14,2,-1.28,0.0,1.28
2025-10-06,Cabai Merah Keriting,14,3,-1.28,0.0,1.28
2025-10-13,Cabai Merah Keriting,7,1,-1.28,0.0,1.28
2025-10-13,Cabai Merah Keriting,7,2,-1.28,0.0,1.28
2025-10-13,Cabai Merah Keriting,7,3,-1.28,0.0,1.28
2025-10-13,Cabai Merah Keriting,14,1,-1.28,0.0,1.28
2025-10-13,Cabai Merah Keriting,14,2,-1.28,0.0,1.28
2025-10-13,Cabai Merah Keriting,14,3,-1.28,0.0,1.28
2025-10-27,Cabai Merah Keriting,7,1,-1.28,0.0,1.28
2025-10-27,Cabai Merah Keriting,7,2,-1.28,0.0,1.28
2025-10-27,Cabai Merah Keriting,7,3,-1.28,0.0,1.28
2025-10-27,Cabai Merah Keriting,14,1,-1.28,0.0,1.28
2025-10-27,Cabai Merah Keriting,14,2,-1.28,0.0,1.28
2025-10-27,Cabai Merah Keriting,14,3,-1.28,0.0,1.28
2025-11-03,Cabai Merah Keriting,7,1,-1.28,0.0,1.28
2025-11-03,Cabai Merah Keriting,7,2,-1.28,0.0,1.28
2025-11-03,Cabai Merah Keriting,7,3,-1.28,0.0,1.28
2025-11-03,Cabai Merah Keriting,14,1,-1.28,0.0,1.28
2025-11-03,Cabai Merah Keriting,14,2,-1.28,0.0,1.28
2025-11-03,Cabai Merah Keriting,14,3,-1.28,0.0,1.28
2025-11-10,Cabai Merah Keriting,7,1,-1.28,0.0,1.28
2025-11-10,Cabai Merah Keriting,7,2,-1.28,0.0,1.28
2025-11-10,Cabai Merah Keriting,7,3,-1.28,0.0,1.28
2025-11-10,Cabai Merah Keriting,14,1,-1.28,0.0,1.28
2025-11-10,Cabai Merah Keriting,14,2,-1.28,0.0,1.28
2025-11-10,Cabai Merah Keriting,14,3,-1.28,0.0,1.28
2025-11-17,Cabai Merah Keriting,7,1,-1.28,0.0,1.28
2025-11-17,Cabai Merah Keriting,7,2,-1.28,0.0,1.28
2025-11-17,Cabai Merah Keriting,7,3,-1.28,0.0,1.28
2025-11-17,Cabai Merah Keriting,14,1,-1.28,0.0,1.28
2025-11-17,Cabai Merah Keriting,14,2,-1.28,0.0,1.28
2025-11-17,Cabai Merah Keriting,14,3,-1.28,0.0,1.28
2025-11-24,Cabai Merah Keriting,7,1,-1.28,0.0,1.28
2025-11-24,Cabai Merah Keriting,7,2,-1.28,0.0,1.28
2025-11-24,Cabai Merah Keriting,7,3,-1.28,0.0,1.28
2025-11-24,Cabai Merah Keriting,14,1,-1.28,0.0,1.28
2025-11-24,Cabai Merah Keriting,14,2,-1.28,0.0,1.28
2025-11-24,Cabai Merah Keriting,14,3,-1.28,0.0,1.28
2025-12-08,Cabai Merah Keriting,7,1,-1.28,0.0,1.28
2025-12-08,Cabai Merah Keriting,7,2,-1.28,0.0,1.28
2025-12-08,Cabai Merah Keriting,7,3,-1.28,0.0,1.28
2025-12-08,Cabai Merah Keriting,14,1,-1.28,0.0,1.28
2025-12-08,Cabai Merah Keriting,14,2,-1.28,0.0,1.28
2025-12-08,Cabai Merah Keriting,14,3,-1.28,0.0,1.28
2025-12-15,Cabai Merah Keriting,7,1,-1.28,0.0,1.28
2025-12-15,Cabai Merah Keriting,7,2,-1.28,0.0,1.28
2025-12-15,Cabai Merah Keriting,7,3,-1.28,0.0,1.28
2025-12-15,Cabai Merah Keriting,14,1,-1.28,0.0,1.28
2025-12-15,Cabai Merah Keriting,14,2,-1.28,0.0,1.28
2025-12-15,Cabai Merah Keriting,14,3,-1.28,0.0,1.28
2025-12-22,Cabai Merah Keriting,7,1,-1.28,0.0,1.28
2025-12-22,Cabai Merah Keriting,7,2,-1.28,0.0,1.28
2025-12-22,Cabai Merah Keriting,7,3,-1.28,0.0,1.28
2025-12-22,Cabai Merah Keriting,14,1,-1.28,0.0,1.28
2025-12-22,Cabai Merah Keriting,14,2,-1.28,0.0,1.28
2025-12-22,Cabai Merah Keriting,14,3,-1.28,0.0,1.28
2025-12-29,Cabai Merah Keriting,7,1,-1.28,0.0,1.28
2025-12-29,Cabai Merah Keriting,7,2,-1.28,0.0,1.28
2025-12-29,Cabai Merah Keriting,7,3,-1.28,0.0,1.28
2025-12-29,Cabai Merah Keriting,14,1,-1.28,0.0,1.28
2025-12-29,Cabai Merah Keriting,14,2,-1.28,0.0,1.28
2025-12-29,Cabai Merah Keriting,14,3,-1.28,0.0,1.28
2026-01-05,Cabai Merah Keriting,7,1,-1.28,0.0,1.28
2026-01-05,Cabai Merah Keriting,7,2,-1.28,0.0,1.28
2026-01-05,Cabai Merah Keriting,7,3,-1.28,0.0,1.28
2026-01-05,Cabai Merah Keriting,14,1,-1.28,0.0,1.28
2026-01-05,Cabai Merah Keriting,14,2,-1.28,0.0,1.28
2026-01-05,Cabai Merah Keriting,14,3,-1.28,0.0,1.28
2026-01-12,Cabai Merah Keriting,7,1,-1.28,0.0,1.28
2026-01-12,Cabai Merah Keriting,7,2,-1.28,0.0,1.28
2026-01-12,Cabai Merah Keriting,7,3,-1.28,0.0,1.28
2026-01-12,Cabai Merah Keriting,14,1,-1.28,0.0,1.28
2026-01-12,Cabai Merah Keriting,14,2,-1.28,0.0,1.28
2026-01-12,Cabai Merah Keriting,14,3,-1.28,0.0,1.28
2026-01-19,Cabai Merah Keriting,7,1,-1.28,0.0,1.28
2026-01-19,Cabai Merah Keriting,7,2,-1.28,0.0,1.28
2026-01-19,Cabai Merah Keriting,7,3,-1.28,0.0,1.28
2026-01-19,Cabai Merah Keriting,14,1,-1.28,0.0,1.28
2026-01-19,Cabai Merah Keriting,14,2,-1.28,0.0,1.28
2026-01-19,Cabai Merah Keriting,14,3,-1.28,0.0,1.28
2026-01-26,Cabai Merah Keriting,7,1,-1.28,0.0,1.28
2026-01-26,Cabai Merah Keriting,7,2,-1.28,0.0,1.28
2026-01-26,Cabai Merah Keriting,7,3,-1.28,0.0,1.28
2026-01-26,Cabai Merah Keriting,14,1,-1.28,0.0,1.28
2026-01-26,Cabai Merah Keriting,14,2,-1.28,0.0,1.28
2026-01-26,Cabai Merah Keriting,14,3,-1.28,0.0,1.28
2026-02-02,Cabai Merah Keriting,7,1,-1.28,0.0,1.28
2026-02-02,Cabai Merah Keriting,7,2,-1.28,0.0,1.28
2026-02-02,Cabai Merah Keriting,7,3,-1.28,0.0,1.28
2026-02-02,Cabai Merah Keriting,14,1,-1.28,0.0,1.28
2026-02-02,Cabai Merah Keriting,14,2,-1.28,0.0,1.28
2026-02-02,Cabai Merah Keriting,14,3,-1.28,0.0,1.28
2026-02-09,Cabai Merah Keriting,7,1,-1.28,0.0,1.28
2026-02-09,Cabai Merah Keriting,7,2,-1.28,0.0,1.28
2026-02-09,Cabai Merah Keriting,7,3,-1.28,0.0,1.28
2026-02-09,Cabai Merah Keriting,14,1,-1.28,0.0,1.28
2026-02-09,Cabai Merah Keriting,14,2,-1.28,0.0,1.28
2026-02-09,Cabai Merah Keriting,14,3,-1.28,0.0,1.28
2026-02-16,Cabai Merah Keriting,7,1,-1.28,0.0,1.28
2026-02-16,Cabai Merah Keriting,7,2,-1.28,0.0,1.28
2026-02-16,Cabai Merah Keriting,7,3,-1.28,0.0,1.28
2026-02-16,Cabai Merah Keriting,14,1,-1.28,0.0,1.28
2026-02-16,Cabai Merah Keriting,14,2,-1.28,0.0,1.28
2026-02-16,Cabai Merah Keriting,14,3,-1.28,0.0,1.28
2026-02-23,Cabai Merah Keriting,7,1,-1.28,0.0,1.28
2026-02-23,Cabai Merah Keriting,7,2,-1.28,0.0,1.28
2026-02-23,Cabai Merah Keriting,7,3,-1.28,0.0,1.28
2026-02-23,Cabai Merah Keriting,14,1,-1.28,0.0,1.28
2026-02-23,Cabai Merah Keriting,14,2,-1.28,0.0,1.28
2026-02-23,Cabai Merah Keriting,14,3,-1.28,0.0,1.28
2026-03-02,Cabai Merah Keriting,7,1,-1.28,0.0,1.28
2026-03-02,Cabai Merah Keriting,7,2,-1.28,0.0,1.28
2026-03-02,Cabai Merah Keriting,7,3,-1.28,0.0,1.28
2026-03-02,Cabai Merah Keriting,14,1,-1.28,0.0,1.28
2026-03-02,Cabai Merah Keriting,14,2,-1.28,0.0,1.28
2026-03-02,Cabai Merah Keriting,14,3,-1.28,0.0,1.28
2026-03-09,Cabai Merah Keriting,7,1,-1.28,0.0,1.28
2026-03-09,Cabai Merah Keriting,7,2,-1.28,0.0,1.28
2026-03-09,Cabai Merah Keriting,7,3,-1.28,0.0,1.28
2026-03-09,Cabai Merah Keriting,14,1,-1.28,0.0,1.28
2026-03-09,Cabai Merah Keriting,14,2,-1.28,0.0,1.28
2026-03-09,Cabai Merah Keriting,14,3,-1.28,0.0,1.28
2026-03-16,Cabai Merah Keriting,7,1,-1.28,0.0,1.28
2026-03-16,Cabai Merah Keriting,7,2,-1.28,0.0,1.28
2026-03-16,Cabai Merah Keriting,7,3,-1.28,0.0,1.28
2026-03-16,Cabai Merah Keriting,14,1,-1.28,0.0,1.28
2026-03-16,Cabai Merah Keriting,14,2,-1.28,0.0,1.28
2026-03-16,Cabai Merah Keriting,14,3,-1.28,0.0,1.28
2026-03-23,Cabai Merah Keriting,7,1,-1.28,0.0,1.28
2026-03-23,Cabai Merah Keriting,7,2,-1.28,0.0,1.28
2026-03-23,Cabai Merah Keriting,7,3,-1.28,0.0,1.28
2026-03-23,Cabai Merah Keriting,14,1,-1.28,0.0,1.28
2026-03-23,Cabai Merah Keriting,14,2,-1.28,0.0,1.28
2026-03-23,Cabai Merah Keriting,14,3,-1.28,0.0,1.28
2026-03-30,Cabai Merah Keriting,7,1,-1.28,0.0,1.28
2026-03-30,Cabai Merah Keriting,7,2,-1.28,0.0,1.28
2026-03-30,Cabai Merah Keriting,7,3,-1.28,0.0,1.28
2026-03-30,Cabai Merah Keriting,14,1,-1.28,0.0,1.28
2026-03-30,Cabai Merah Keriting,14,2,-1.28,0.0,1.28
2026-03-30,Cabai Merah Keriting,14,3,-1.28,0.0,1.28
2026-04-06,Cabai Merah Keriting,7,1,-1.28,0.0,1.28
2026-04-06,Cabai Merah Keriting,7,2,-1.28,0.0,1.28
2026-04-06,Cabai Merah Keriting,7,3,-1.28,0.0,1.28
2026-04-06,Cabai Merah Keriting,14,1,-1.28,0.0,1.28
2026-04-06,Cabai Merah Keriting,14,2,-1.28,0.0,1.28
2026-04-06,Cabai Merah Keriting,14,3,-1.28,0.0,1.28
2026-04-13,Cabai Merah Keriting,7,1,-1.28,0.0,1.28
2026-04-13,Cabai Merah Keriting,7,2,-1.28,0.0,1.28
2026-04-13,Cabai Merah Keriting,7,3,-1.28,0.0,1.28
2026-04-13,Cabai Merah Keriting,14,1,-1.28,0.0,1.28
2026-04-13,Cabai Merah Keriting,14,2,-1.28,0.0,1.28
2026-04-13,Cabai Merah Keriting,14,3,-1.28,0.0,1.28
2026-04-20,Cabai Merah Keriting,7,1,-1.28,0.0,1.28
2026-04-20,Cabai Merah Keriting,7,2,-1.28,0.0,1.28
2026-04-20,Cabai Merah Keriting,7,3,-1.28,0.0,1.28
2026-04-20,Cabai Merah Keriting,14,1,-1.28,0.0,1.28
2026-04-20,Cabai Merah Keriting,14,2,-1.28,0.0,1.28
2026-04-20,Cabai Merah Keriting,14,3,-1.28,0.0,1.28
2026-05-04,Cabai Merah Keriting,7,1,-1.28,0.0,1.28
2026-05-04,Cabai Merah Keriting,7,2,-1.28,0.0,1.28
2026-05-04,Cabai Merah Keriting,7,3,-1.28,0.0,1.28
2026-05-04,Cabai Merah Keriting,14,1,-1.28,0.0,1.28
2026-05-04,Cabai Merah Keriting,14,2,-1.28,0.0,1.28
2026-05-04,Cabai Merah Keriting,14,3,-1.28,0.0,1.28
2026-05-11,Cabai Merah Keriting,7,1,-1.28,0.0,1.28
2026-05-11,Cabai Merah Keriting,7,2,-1.28,0.0,1.28
2026-05-11,Cabai Merah Keriting,7,3,-1.28,0.0,1.28
2026-05-11,Cabai Merah Keriting,14,1,-1.28,0.0,1.28
2026-05-11,Cabai Merah Keriting,14,2,-1.28,0.0,1.28
2026-05-11,Cabai Merah Keriting,14,3,-1.28,0.0,1.28
2026-05-25,Cabai Merah Keriting,7,1,-1.28,0.0,1.28
2026-05-25,Cabai Merah Keriting,7,2,-1.28,0.0,1.28
2026-05-25,Cabai Merah Keriting,7,3,-1.28,0.0,1.28
2026-05-25,Cabai Merah Keriting,14,1,-1.28,0.0,1.28
2026-05-25,Cabai Merah Keriting,14,2,-1.28,0.0,1.28
2026-05-25,Cabai Merah Keriting,14,3,-1.28,0.0,1.28
2026-06-01,Cabai Merah Keriting,7,1,-1.28,0.0,1.28
2026-06-01,Cabai Merah Keriting,7,2,-1.28,0.0,1.28
2026-06-01,Cabai Merah Keriting,7,3,-1.28,0.0,1.28
2026-06-01,Cabai Merah Keriting,14,1,-1.28,0.0,1.28
2026-06-01,Cabai Merah Keriting,14,2,-1.28,0.0,1.28
2026-06-01,Cabai Merah Keriting,14,3,-1.28,0.0,1.28
2026-06-08,Cabai Merah Keriting,7,1,-1.28,0.0,1.28
2026-06-08,Cabai Merah Keriting,7,2,-1.28,0.0,1.28
2026-06-08,Cabai Merah Keriting,7,3,-1.28,0.0,1.28
2026-06-08,Cabai Merah Keriting,14,1,-1.28,0.0,1.28
2026-06-08,Cabai Merah Keriting,14,2,-1.28,0.0,1.28
2026-06-08,Cabai Merah Keriting,14,3,-1.28,0.0,1.28
2026-06-15,Cabai Merah Keriting,7,1,-1.28,0.0,1.28
2026-06-15,Cabai Merah Keriting,7,2,-1.28,0.0,1.28
2026-06-15,Cabai Merah Keriting,7,3,-1.28,0.0,1.28
2026-06-15,Cabai Merah Keriting,14,1,-1.28,0.0,1.28
2026-06-15,Cabai Merah Keriting,14,2,-1.28,0.0,1.28
2026-06-15,Cabai Merah Keriting,14,3,-1.28,0.0,1.28
2026-06-22,Cabai Merah Keriting,7,1,-1.28,0.0,1.28
2026-06-22,Cabai Merah Keriting,7,2,-1.28,0.0,1.28
2026-06-22,Cabai Merah Keriting,7,3,-1.28,0.0,1.28
2026-06-22,Cabai Merah Keriting,14,1,-1.28,0.0,1.28
2026-06-22,Cabai Merah Keriting,14,2,-1.28,0.0,1.28
2026-06-22,Cabai Merah Keriting,14,3,-1.28,0.0,1.28
2026-06-29,Cabai Merah Keriting,7,1,-1.28,0.0,1.28
2026-06-29,Cabai Merah Keriting,7,2,-1.28,0.0,1.28
2026-06-29,Cabai Merah Keriting,7,3,-1.28,0.0,1.28
2026-06-29,Cabai Merah Keriting,14,1,-1.28,0.0,1.28
2026-06-29,Cabai Merah Keriting,14,2,-1.28,0.0,1.28
2026-06-29,Cabai Merah Keriting,14,3,-1.28,0.0,1.28
2026-07-06,Cabai Merah Keriting,7,1,-1.28,0.0,1.28
2026-07-06,Cabai Merah Keriting,7,2,-1.28,0.0,1.28
2026-07-06,Cabai Merah Keriting,7,3,-1.28,0.0,1.28
2026-07-06,Cabai Merah Keriting,14,1,-1.28,0.0,1.28
2026-07-06,Cabai Merah Keriting,14,2,-1.28,0.0,1.28
2026-07-06,Cabai Merah Keriting,14,3,-1.28,0.0,1.28
2026-07-13,Cabai Merah Keriting,7,1,-1.28,0.0,1.28
2026-07-13,Cabai Merah Keriting,7,2,-1.28,0.0,1.28
2026-07-13,Cabai Merah Keriting,7,3,-1.28,0.0,1.28
2026-07-13,Cabai Merah Keriting,14,1,-1.28,0.0,1.28
2026-07-13,Cabai Merah Keriting,14,2,-1.28,0.0,1.28
2026-07-13,Cabai Merah Keriting,14,3,-1.28,0.0,1.28
2026-07-20,Cabai Merah Keriting,7,1,-1.28,0.0,1.28
2026-07-20,Cabai Merah Keriting,7,2,-1.28,0.0,1.28
2026-07-20,Cabai Merah Keriting,7,3,-1.28,0.0,1.28
2026-07-20,Cabai Merah Keriting,14,1,-1.28,0.0,1.28
2026-07-20,Cabai Merah Keriting,14,2,-1.28,0.0,1.28
2026-07-20,Cabai Merah Keriting,14,3,-1.28,0.0,1.28
2026-08-03,Cabai Merah Keriting,7,1,-1.28,0.0,1.28
2026-08-03,Cabai Merah Keriting,7,2,-1.28,0.0,1.28
2026-08-03,Cabai Merah Keriting,7,3,-1.28,0.0,1.28
2026-08-03,Cabai Merah Keriting,14,1,-1.28,0.0,1.28
2026-08-03,Cabai Merah Keriting,14,2,-1.28,0.0,1.28
2026-08-03,Cabai Merah Keriting,14,3,-1.28,0.0,1.28
2026-08-10,Cabai Merah Keriting,7,1,-1.28,0.0,1.28
2026-08-10,Cabai Merah Keriting,7,2,-1.28,0.0,1.28
2026-08-10,Cabai Merah Keriting,7,3,-1.28,0.0,1.28
2026-08-10,Cabai Merah Keriting,14,1,-1.28,0.0,1.28
2026-08-10,Cabai Merah Keriting,14,2,-1.28,0.0,1.28
2026-08-10,Cabai Merah Keriting,14,3,-1.28,0.0,1.28
2026-08-17,Cabai Merah Keriting,7,1,-1.28,0.0,1.28
2026-08-17,Cabai Merah Keriting,7,2,-1.28,0.0,1.28
2026-08-17,Cabai Merah Keriting,7,3,-1.28,0.0,1.28
2026-08-17,Cabai Merah Keriting,14,1,-1.28,0.0,1.28
2026-08-17,Cabai Merah Keriting,14,2,-1.28,0.0,1.28
2026-08-17,Cabai Merah Keriting,14,3,-1.28,0.0,1.28
2026-08-24,Cabai Merah Keriting,7,1,-1.28,0.0,1.28
2026-08-24,Cabai Merah Keriting,7,2,-1.28,0.0,1.28
2026-08-24,Cabai Merah Keriting,7,3,-1.28,0.0,1.28
2026-08-24,Cabai Merah Keriting,14,1,-1.28,0.0,1.28
2026-08-24,Cabai Merah Keriting,14,2,-1.28,0.0,1.28
2026-08-24,Cabai Merah Keriting,14,3,-1.28,0.0,1.28
2018-09-17,Cabai Rawit Hijau,7,1,-1.28,0.0,1.28
2018-09-17,Cabai Rawit Hijau,7,2,-1.28,0.0,1.28
2018-09-17,Cabai Rawit Hijau,7,3,-1.28,0.0,1.28
2018-09-17,Cabai Rawit Hijau,14,1,-1.28,0.0,1.28
2018-09-17,Cabai Rawit Hijau,14,2,-1.28,0.0,1.28
2018-09-17,Cabai Rawit Hijau,14,3,-1.28,0.0,1.28
2018-09-24,Cabai Rawit Hijau,7,1,-1.28,0.0,1.28
2018-09-24,Cabai Rawit Hijau,7,2,-1.28,0.0,1.28
2018-09-24,Cabai Rawit Hijau,7,3,-1.28,0.0,1.28
2018-09-24,Cabai Rawit Hijau,14,1,-1.28,0.0,1.28
2018-09-24,Cabai Rawit Hijau,14,2,-1.28,0.0,1.28
2018-09-24,Cabai Rawit Hijau,14,3,-1.28,0.0,1.28
2018-10-01,Cabai Rawit Hijau,7,1,-1.28,0.0,1.28
2018-10-01,Cabai Rawit Hijau,7,2,-1.28,0.0,1.28
2018-10-01,Cabai Rawit Hijau,7,3,-1.28,0.0,1.28
2018-10-01,Cabai Rawit Hijau,14,1,-1.28,0.0,1.28
2018-10-01,Cabai Rawit Hijau,14,2,-1.28,0.0,1.28
2018-10-01,Cabai Rawit Hijau,14,3,-1.28,0.0,1.28
2018-10-15,Cabai Rawit Hijau,7,1,-1.28,0.0,1.28
2018-10-15,Cabai Rawit Hijau,7,2,-1.28,0.0,1.28
2018-10-15,Cabai Rawit Hijau,7,3,-1.28,0.0,1.28
2018-10-15,Cabai Rawit Hijau,14,1,-1.28,0.0,1.28
2018-10-15,Cabai Rawit Hijau,14,2,-1.28,0.0,1.28
2018-10-15,Cabai Rawit Hijau,14,3,-1.28,0.0,1.28
2018-10-22,Cabai Rawit Hijau,7,1,-1.28,0.0,1.28
2018-10-22,Cabai Rawit Hijau,7,2,-1.28,0.0,1.28
2018-10-22,Cabai Rawit Hijau,7,3,-1.28,0.0,1.28
2018-10-22,Cabai Rawit Hijau,14,1,-1.28,0.0,1.28
2018-10-22,Cabai Rawit Hijau,14,2,-1.28,0.0,1.28
2018-10-22,Cabai Rawit Hijau,14,3,-1.28,0.0,1.28
2018-10-29,Cabai Rawit Hijau,7,1,-1.28,0.0,1.28
2018-10-29,Cabai Rawit Hijau,7,2,-1.28,0.0,1.28
2018-10-29,Cabai Rawit Hijau,7,3,-1.28,0.0,1.28
2018-10-29,Cabai Rawit Hijau,14,1,-1.28,0.0,1.28
2018-10-29,Cabai Rawit Hijau,14,2,-1.28,0.0,1.28
2018-10-29,Cabai Rawit Hijau,14,3,-1.28,0.0,1.28
2018-11-05,Cabai Rawit Hijau,7,1,-1.28,0.0,1.28
2018-11-05,Cabai Rawit Hijau,7,2,-1.28,0.0,1.28
2018-11-05,Cabai Rawit Hijau,7,3,-1.28,0.0,1.28
2018-11-05,Cabai Rawit Hijau,14,1,-1.28,0.0,1.28
2018-11-05,Cabai Rawit Hijau,14,2,-1.28,0.0,1.28
2018-11-05,Cabai Rawit Hijau,14,3,-1.28,0.0,1.28
2018-11-12,Cabai Rawit Hijau,7,1,-1.28,0.0,1.28
2018-11-12,Cabai Rawit Hijau,7,2,-1.28,0.0,1.28
2018-11-12,Cabai Rawit Hijau,7,3,-1.28,0.0,1.28
2018-11-12,Cabai Rawit Hijau,14,1,-1.28,0.0,1.28
2018-11-12,Cabai Rawit Hijau,14,2,-1.28,0.0,1.28
2018-11-12,Cabai Rawit Hijau,14,3,-1.28,0.0,1.28
2018-11-19,Cabai Rawit Hijau,7,1,-1.28,0.0,1.28
2018-11-19,Cabai Rawit Hijau,7,2,-1.28,0.0,1.28
2018-11-19,Cabai Rawit Hijau,7,3,-1.28,0.0,1.28
2018-11-19,Cabai Rawit Hijau,14,1,-1.28,0.0,1.28
2018-11-19,Cabai Rawit Hijau,14,2,-1.28,0.0,1.28
2018-11-19,Cabai Rawit Hijau,14,3,-1.28,0.0,1.28
2018-11-26,Cabai Rawit Hijau,7,1,-1.28,0.0,1.28
2018-11-26,Cabai Rawit Hijau,7,2,-1.28,0.0,1.28
2018-11-26,Cabai Rawit Hijau,7,3,-1.28,0.0,1.28
2018-11-26,Cabai Rawit Hijau,14,1,-1.28,0.0,1.28
2018-11-26,Cabai Rawit Hijau,14,2,-1.28,0.0,1.28
2018-11-26,Cabai Rawit Hijau,14,3,-1.28,0.0,1.28
2018-12-03,Cabai Rawit Hijau,7,1,-1.28,0.0,1.28
2018-12-03,Cabai Rawit Hijau,7,2,-1.28,0.0,1.28
2018-12-03,Cabai Rawit Hijau,7,3,-1.28,0.0,1.28
2018-12-03,Cabai Rawit Hijau,14,1,-1.28,0.0,1.28
2018-12-03,Cabai Rawit Hijau,14,2,-1.28,0.0,1.28
2018-12-03,Cabai Rawit Hijau,14,3,-1.28,0.0,1.28
2018-12-10,Cabai Rawit Hijau,7,1,-1.28,0.0,1.28
2018-12-10,Cabai Rawit Hijau,7,2,-1.28,0.0,1.28
2018-12-10,Cabai Rawit Hijau,7,3,-1.28,0.0,1.28
2018-12-10,Cabai Rawit Hijau,14,1,-1.28,0.0,1.28
2018-12-10,Cabai Rawit Hijau,14,2,-1.28,0.0,1.28
2018-12-10,Cabai Rawit Hijau,14,3,-1.28,0.0,1.28
2018-12-17,Cabai Rawit Hijau,7,1,-1.28,0.0,1.28
2018-12-17,Cabai Rawit Hijau,7,2,-1.28,0.0,1.28
2018-12-17,Cabai Rawit Hijau,7,3,-1.28,0.0,1.28
2018-12-17,Cabai Rawit Hijau,14,1,-1.28,0.0,1.28
2018-12-17,Cabai Rawit Hijau,14,2,-1.28,0.0,1.28
2018-12-17,Cabai Rawit Hijau,14,3,-1.28,0.0,1.28
2018-12-24,Cabai Rawit Hijau,7,1,-1.28,0.0,1.28
2018-12-24,Cabai Rawit Hijau,7,2,-1.28,0.0,1.28
2018-12-24,Cabai Rawit Hijau,7,3,-1.28,0.0,1.28
2018-12-24,Cabai Rawit Hijau,14,1,-1.28,0.0,1.28
2018-12-24,Cabai Rawit Hijau,14,2,-1.28,0.0,1.28
2018-12-24,Cabai Rawit Hijau,14,3,-1.28,0.0,1.28
2018-12-31,Cabai Rawit Hijau,7,1,-1.28,0.0,1.28
2018-12-31,Cabai Rawit Hijau,7,2,-1.28,0.0,1.28
2018-12-31,Cabai Rawit Hijau,7,3,-1.28,0.0,1.28
2018-12-31,Cabai Rawit Hijau,14,1,-1.28,0.0,1.28
2018-12-31,Cabai Rawit Hijau,14,2,-1.28,0.0,1.28
2018-12-31,Cabai Rawit Hijau,14,3,-1.28,0.0,1.28
2019-01-07,Cabai Rawit Hijau,7,1,-1.28,0.0,1.28
2019-01-07,Cabai Rawit Hijau,7,2,-1.28,0.0,1.28
2019-01-07,Cabai Rawit Hijau,7,3,-1.28,0.0,1.28
2019-01-07,Cabai Rawit Hijau,14,1,-1.28,0.0,1.28
2019-01-07,Cabai Rawit Hijau,14,2,-1.28,0.0,1.28
2019-01-07,Cabai Rawit Hijau,14,3,-1.28,0.0,1.28
2019-01-14,Cabai Rawit Hijau,7,1,-1.28,0.0,1.28
2019-01-14,Cabai Rawit Hijau,7,2,-1.28,0.0,1.28
2019-01-14,Cabai Rawit Hijau,7,3,-1.28,0.0,1.28
2019-01-14,Cabai Rawit Hijau,14,1,-1.28,0.0,1.28
2019-01-14,Cabai Rawit Hijau,14,2,-1.28,0.0,1.28
2019-01-14,Cabai Rawit Hijau,14,3,-1.28,0.0,1.28
2019-01-21,Cabai Rawit Hijau,7,1,-1.28,0.0,1.28
2019-01-21,Cabai Rawit Hijau,7,2,-1.28,0.0,1.28
2019-01-21,Cabai Rawit Hijau,7,3,-1.28,0.0,1.28
2019-01-21,Cabai Rawit Hijau,14,1,-1.28,0.0,1.28
2019-01-21,Cabai Rawit Hijau,14,2,-1.28,0.0,1.28
2019-01-21,Cabai Rawit Hijau,14,3,-1.28,0.0,1.28
2019-01-28,Cabai Rawit Hijau,7,1,-1.28,0.0,1.28
2019-01-28,Cabai Rawit Hijau,7,2,-1.28,0.0,1.28
2019-01-28,Cabai Rawit Hijau,7,3,-1.28,0.0,1.28
2019-01-28,Cabai Rawit Hijau,14,1,-1.28,0.0,1.28
2019-01-28,Cabai Rawit Hijau,14,2,-1.28,0.0,1.28
2019-01-28,Cabai Rawit Hijau,14,3,-1.28,0.0,1.28
2019-02-04,Cabai Rawit Hijau,7,1,-1.28,0.0,1.28
2019-02-04,Cabai Rawit Hijau,7,2,-1.28,0.0,1.28
2019-02-04,Cabai Rawit Hijau,7,3,-1.28,0.0,1.28
2019-02-04,Cabai Rawit Hijau,14,1,-1.28,0.0,1.28
2019-02-04,Cabai Rawit Hijau,14,2,-1.28,0.0,1.28
2019-02-04,Cabai Rawit Hijau,14,3,-1.28,0.0,1.28
2019-02-11,Cabai Rawit Hijau,7,1,-1.28,0.0,1.28
2019-02-11,Cabai Rawit Hijau,7,2,-1.28,0.0,1.28
2019-02-11,Cabai Rawit Hijau,7,3,-1.28,0.0,1.28
2019-02-11,Cabai Rawit Hijau,14,1,-1.28,0.0,1.28
2019-02-11,Cabai Rawit Hijau,14,2,-1.28,0.0,1.28
2019-02-11,Cabai Rawit Hijau,14,3,-1.28,0.0,1.28
2019-02-18,Cabai Rawit Hijau,7,1,-1.28,0.0,1.28
2019-02-18,Cabai Rawit Hijau,7,2,-1.28,0.0,1.28
2019-02-18,Cabai Rawit Hijau,7,3,-1.28,0.0,1.28
2019-02-18,Cabai Rawit Hijau,14,1,-1.28,0.0,1.28
2019-02-18,Cabai Rawit Hijau,14,2,-1.28,0.0,1.28
2019-02-18,Cabai Rawit Hijau,14,3,-1.28,0.0,1.28
2019-02-25,Cabai Rawit Hijau,7,1,-1.28,0.0,1.28
2019-02-25,Cabai Rawit Hijau,7,2,-1.28,0.0,1.28
2019-02-25,Cabai Rawit Hijau,7,3,-1.28,0.0,1.28
2019-02-25,Cabai Rawit Hijau,14,1,-1.28,0.0,1.28
2019-02-25,Cabai Rawit Hijau,14,2,-1.28,0.0,1.28
2019-02-25,Cabai Rawit Hijau,14,3,-1.28,0.0,1.28
2019-03-04,Cabai Rawit Hijau,7,1,-1.28,0.0,1.28
2019-03-04,Cabai Rawit Hijau,7,2,-1.28,0.0,1.28
2019-03-04,Cabai Rawit Hijau,7,3,-1.28,0.0,1.28
2019-03-04,Cabai Rawit Hijau,14,1,-1.28,0.0,1.28
2019-03-04,Cabai Rawit Hijau,14,2,-1.28,0.0,1.28
2019-03-04,Cabai Rawit Hijau,14,3,-1.28,0.0,1.28
2019-03-11,Cabai Rawit Hijau,7,1,-1.28,0.0,1.28
2019-03-11,Cabai Rawit Hijau,7,2,-1.28,0.0,1.28
2019-03-11,Cabai Rawit Hijau,7,3,-1.28,0.0,1.28
2019-03-11,Cabai Rawit Hijau,14,1,-1.28,0.0,1.28
2019-03-11,Cabai Rawit Hijau,14,2,-1.28,0.0,1.28
2019-03-11,Cabai Rawit Hijau,14,3,-1.28,0.0,1.28
2019-03-18,Cabai Rawit Hijau,7,1,-1.28,0.0,1.28
2019-03-18,Cabai Rawit Hijau,7,2,-1.28,0.0,1.28
2019-03-18,Cabai Rawit Hijau,7,3,-1.28,0.0,1.28
2019-03-18,Cabai Rawit Hijau,14,1,-1.28,0.0,1.28
2019-03-18,Cabai Rawit Hijau,14,2,-1.28,0.0,1.28
2019-03-18,Cabai Rawit Hijau,14,3,-1.28,0.0,1.28
2019-03-25,Cabai Rawit Hijau,7,1,-1.28,0.0,1.28
2019-03-25,Cabai Rawit Hijau,7,2,-1.28,0.0,1.28
2019-03-25,Cabai Rawit Hijau,7,3,-1.28,0.0,1.28
2019-03-25,Cabai Rawit Hijau,14,1,-1.28,0.0,1.28
2019-03-25,Cabai Rawit Hijau,14,2,-1.28,0.0,1.28
2019-03-25,Cabai Rawit Hijau,14,3,-1.28,0.0,1.28
2019-04-01,Cabai Rawit Hijau,7,1,-1.28,0.0,1.28
2019-04-01,Cabai Rawit Hijau,7,2,-1.28,0.0,1.28
2019-04-01,Cabai Rawit Hijau,7,3,-1.28,0.0,1.28
2019-04-01,Cabai Rawit Hijau,14,1,-1.28,0.0,1.28
2019-04-01,Cabai Rawit Hijau,14,2,-1.28,0.0,1.28
2019-04-01,Cabai Rawit Hijau,14,3,-1.28,0.0,1.28
2019-04-08,Cabai Rawit Hijau,7,1,-1.28,0.0,1.28
2019-04-08,Cabai Rawit Hijau,7,2,-1.28,0.0,1.28
2019-04-08,Cabai Rawit Hijau,7,3,-1.28,0.0,1.28
2019-04-08,Cabai Rawit Hijau,14,1,-1.28,0.0,1.28
2019-04-08,Cabai Rawit Hijau,14,2,-1.28,0.0,1.28
2019-04-08,Cabai Rawit Hijau,14,3,-1.28,0.0,1.28
2019-04-15,Cabai Rawit Hijau,7,1,-1.28,0.0,1.28
2019-04-15,Cabai Rawit Hijau,7,2,-1.28,0.0,1.28
2019-04-15,Cabai Rawit Hijau,7,3,-1.28,0.0,1.28
2019-04-15,Cabai Rawit Hijau,14,1,-1.28,0.0,1.28
2019-04-15,Cabai Rawit Hijau,14,2,-1.28,0.0,1.28
2019-04-15,Cabai Rawit Hijau,14,3,-1.28,0.0,1.28
2019-04-22,Cabai Rawit Hijau,7,1,-1.28,0.0,1.28
2019-04-22,Cabai Rawit Hijau,7,2,-1.28,0.0,1.28
2019-04-22,Cabai Rawit Hijau,7,3,-1.28,0.0,1.28
2019-04-22,Cabai Rawit Hijau,14,1,-1.28,0.0,1.28
2019-04-22,Cabai Rawit Hijau,14,2,-1.28,0.0,1.28
2019-04-22,Cabai Rawit Hijau,14,3,-1.28,0.0,1.28
2019-04-29,Cabai Rawit Hijau,7,1,-1.28,0.0,1.28
2019-04-29,Cabai Rawit Hijau,7,2,-1.28,0.0,1.28
2019-04-29,Cabai Rawit Hijau,7,3,-1.28,0.0,1.28
2019-04-29,Cabai Rawit Hijau,14,1,-1.28,0.0,1.28
2019-04-29,Cabai Rawit Hijau,14,2,-1.28,0.0,1.28
2019-04-29,Cabai Rawit Hijau,14,3,-1.28,0.0,1.28
2019-05-06,Cabai Rawit Hijau,7,1,-1.28,0.0,1.28
2019-05-06,Cabai Rawit Hijau,7,2,-1.28,0.0,1.28
2019-05-06,Cabai Rawit Hijau,7,3,-1.28,0.0,1.28
2019-05-06,Cabai Rawit Hijau,14,1,-1.28,0.0,1.28
2019-05-06,Cabai Rawit Hijau,14,2,-1.28,0.0,1.28
2019-05-06,Cabai Rawit Hijau,14,3,-1.28,0.0,1.28
2019-05-13,Cabai Rawit Hijau,7,1,-1.28,0.0,1.28
2019-05-13,Cabai Rawit Hijau,7,2,-1.28,0.0,1.28
2019-05-13,Cabai Rawit Hijau,7,3,-1.28,0.0,1.28
2019-05-13,Cabai Rawit Hijau,14,1,-1.28,0.0,1.28
2019-05-13,Cabai Rawit Hijau,14,2,-1.28,0.0,1.28
2019-05-13,Cabai Rawit Hijau,14,3,-1.28,0.0,1.28
2019-05-20,Cabai Rawit Hijau,7,1,-1.28,0.0,1.28
2019-05-20,Cabai Rawit Hijau,7,2,-1.28,0.0,1.28
2019-05-20,Cabai Rawit Hijau,7,3,-1.28,0.0,1.28
2019-05-20,Cabai Rawit Hijau,14,1,-1.28,0.0,1.28
2019-05-20,Cabai Rawit Hijau,14,2,-1.28,0.0,1.28
2019-05-20,Cabai Rawit Hijau,14,3,-1.28,0.0,1.28
2019-05-27,Cabai Rawit Hijau,7,1,-1.28,0.0,1.28
2019-05-27,Cabai Rawit Hijau,7,2,-1.28,0.0,1.28
2019-05-27,Cabai Rawit Hijau,7,3,-1.28,0.0,1.28
2019-05-27,Cabai Rawit Hijau,14,1,-1.28,0.0,1.28
2019-05-27,Cabai Rawit Hijau,14,2,-1.28,0.0,1.28
2019-05-27,Cabai Rawit Hijau,14,3,-1.28,0.0,1.28
2019-06-10,Cabai Rawit Hijau,7,1,-1.28,0.0,1.28
2019-06-10,Cabai Rawit Hijau,7,2,-1.28,0.0,1.28
2019-06-10,Cabai Rawit Hijau,7,3,-1.28,0.0,1.28
2019-06-10,Cabai Rawit Hijau,14,1,-1.28,0.0,1.28
2019-06-10,Cabai Rawit Hijau,14,2,-1.28,0.0,1.28
2019-06-10,Cabai Rawit Hijau,14,3,-1.28,0.0,1.28
2019-06-17,Cabai Rawit Hijau,7,1,-1.28,0.0,1.28
2019-06-17,Cabai Rawit Hijau,7,2,-1.28,0.0,1.28
2019-06-17,Cabai Rawit Hijau,7,3,-1.28,0.0,1.28
2019-06-17,Cabai Rawit Hijau,14,1,-1.28,0.0,1.28
2019-06-17,Cabai Rawit Hijau,14,2,-1.28,0.0,1.28
2019-06-17,Cabai Rawit Hijau,14,3,-1.28,0.0,1.28
2019-06-24,Cabai Rawit Hijau,7,1,-1.28,0.0,1.28
2019-06-24,Cabai Rawit Hijau,7,2,-1.28,0.0,1.28
2019-06-24,Cabai Rawit Hijau,7,3,-1.28,0.0,1.28
2019-06-24,Cabai Rawit Hijau,14,1,-1.28,0.0,1.28
2019-06-24,Cabai Rawit Hijau,14,2,-1.28,0.0,1.28
2019-06-24,Cabai Rawit Hijau,14,3,-1.28,0.0,1.28
2019-07-01,Cabai Rawit Hijau,7,1,-1.28,0.0,1.28
2019-07-01,Cabai Rawit Hijau,7,2,-1.28,0.0,1.28
2019-07-01,Cabai Rawit Hijau,7,3,-1.28,0.0,1.28
2019-07-01,Cabai Rawit Hijau,14,1,-1.28,0.0,1.28
2019-07-01,Cabai Rawit Hijau,14,2,-1.28,0.0,1.28
2019-07-01,Cabai Rawit Hijau,14,3,-1.28,0.0,1.28
2019-07-08,Cabai Rawit Hijau,7,1,-1.28,0.0,1.28
2019-07-08,Cabai Rawit Hijau,7,2,-1.28,0.0,1.28
2019-07-08,Cabai Rawit Hijau,7,3,-1.28,0.0,1.28
2019-07-08,Cabai Rawit Hijau,14,1,-1.28,0.0,1.28
2019-07-08,Cabai Rawit Hijau,14,2,-1.28,0.0,1.28
2019-07-08,Cabai Rawit Hijau,14,3,-1.28,0.0,1.28
2019-07-15,Cabai Rawit Hijau,7,1,-1.28,0.0,1.28
2019-07-15,Cabai Rawit Hijau,7,2,-1.28,0.0,1.28
2019-07-15,Cabai Rawit Hijau,7,3,-1.28,0.0,1.28
2019-07-15,Cabai Rawit Hijau,14,1,-1.28,0.0,1.28
2019-07-15,Cabai Rawit Hijau,14,2,-1.28,0.0,1.28
2019-07-15,Cabai Rawit Hijau,14,3,-1.28,0.0,1.28
2019-07-22,Cabai Rawit Hijau,7,1,-1.28,0.0,1.28
2019-07-22,Cabai Rawit Hijau,7,2,-1.28,0.0,1.28
2019-07-22,Cabai Rawit Hijau,7,3,-1.28,0.0,1.28
2019-07-22,Cabai Rawit Hijau,14,1,-1.28,0.0,1.28
2019-07-22,Cabai Rawit Hijau,14,2,-1.28,0.0,1.28
2019-07-22,Cabai Rawit Hijau,14,3,-1.28,0.0,1.28
2019-07-29,Cabai Rawit Hijau,7,1,-1.28,0.0,1.28
2019-07-29,Cabai Rawit Hijau,7,2,-1.28,0.0,1.28
2019-07-29,Cabai Rawit Hijau,7,3,-1.28,0.0,1.28
2019-07-29,Cabai Rawit Hijau,14,1,-1.28,0.0,1.28
2019-07-29,Cabai Rawit Hijau,14,2,-1.28,0.0,1.28
2019-07-29,Cabai Rawit Hijau,14,3,-1.28,0.0,1.28
2019-08-05,Cabai Rawit Hijau,7,1,-1.28,0.0,1.28
2019-08-05,Cabai Rawit Hijau,7,2,-1.28,0.0,1.28
2019-08-05,Cabai Rawit Hijau,7,3,-1.28,0.0,1.28
2019-08-05,Cabai Rawit Hijau,14,1,-1.28,0.0,1.28
2019-08-05,Cabai Rawit Hijau,14,2,-1.28,0.0,1.28
2019-08-05,Cabai Rawit Hijau,14,3,-1.28,0.0,1.28
2019-08-12,Cabai Rawit Hijau,7,1,-1.28,0.0,1.28
2019-08-12,Cabai Rawit Hijau,7,2,-1.28,0.0,1.28
2019-08-12,Cabai Rawit Hijau,7,3,-1.28,0.0,1.28
2019-08-12,Cabai Rawit Hijau,14,1,-1.28,0.0,1.28
2019-08-12,Cabai Rawit Hijau,14,2,-1.28,0.0,1.28
2019-08-12,Cabai Rawit Hijau,14,3,-1.28,0.0,1.28
2019-08-19,Cabai Rawit Hijau,7,1,-1.28,0.0,1.28
2019-08-19,Cabai Rawit Hijau,7,2,-1.28,0.0,1.28
2019-08-19,Cabai Rawit Hijau,7,3,-1.28,0.0,1.28
2019-08-19,Cabai Rawit Hijau,14,1,-1.28,0.0,1.28
2019-08-19,Cabai Rawit Hijau,14,2,-1.28,0.0,1.28
2019-08-19,Cabai Rawit Hijau,14,3,-1.28,0.0,1.28
2019-08-26,Cabai Rawit Hijau,7,1,-1.28,0.0,1.28
2019-08-26,Cabai Rawit Hijau,7,2,-1.28,0.0,1.28
2019-08-26,Cabai Rawit Hijau,7,3,-1.28,0.0,1.28
2019-08-26,Cabai Rawit Hijau,14,1,-1.28,0.0,1.28
2019-08-26,Cabai Rawit Hijau,14,2,-1.28,0.0,1.28
2019-08-26,Cabai Rawit Hijau,14,3,-1.28,0.0,1.28
2019-09-02,Cabai Rawit Hijau,7,1,-1.28,0.0,1.28
2019-09-02,Cabai Rawit Hijau,7,2,-1.28,0.0,1.28
2019-09-02,Cabai Rawit Hijau,7,3,-1.28,0.0,1.28
2019-09-02,Cabai Rawit Hijau,14,1,-1.28,0.0,1.28
2019-09-02,Cabai Rawit Hijau,14,2,-1.28,0.0,1.28
2019-09-02,Cabai Rawit Hijau,14,3,-1.28,0.0,1.28
2019-09-09,Cabai Rawit Hijau,7,1,-1.28,0.0,1.28
2019-09-09,Cabai Rawit Hijau,7,2,-1.28,0.0,1.28
2019-09-09,Cabai Rawit Hijau,7,3,-1.28,0.0,1.28
2019-09-09,Cabai Rawit Hijau,14,1,-1.28,0.0,1.28
2019-09-09,Cabai Rawit Hijau,14,2,-1.28,0.0,1.28
2019-09-09,Cabai Rawit Hijau,14,3,-1.28,0.0,1.28
2019-09-16,Cabai Rawit Hijau,7,1,-1.28,0.0,1.28
2019-09-16,Cabai Rawit Hijau,7,2,-1.28,0.0,1.28
2019-09-16,Cabai Rawit Hijau,7,3,-1.28,0.0,1.28
2019-09-16,Cabai Rawit Hijau,14,1,-1.28,0.0,1.28
2019-09-16,Cabai Rawit Hijau,14,2,-1.28,0.0,1.28
2019-09-16,Cabai Rawit Hijau,14,3,-1.28,0.0,1.28
2019-09-23,Cabai Rawit Hijau,7,1,-1.28,0.0,1.28
2019-09-23,Cabai Rawit Hijau,7,2,-1.28,0.0,1.28
2019-09-23,Cabai Rawit Hijau,7,3,-1.28,0.0,1.28
2019-09-23,Cabai Rawit Hijau,14,1,-1.28,0.0,1.28
2019-09-23,Cabai Rawit Hijau,14,2,-1.28,0.0,1.28
2019-09-23,Cabai Rawit Hijau,14,3,-1.28,0.0,1.28
2019-09-30,Cabai Rawit Hijau,7,1,-1.28,0.0,1.28
2019-09-30,Cabai Rawit Hijau,7,2,-1.28,0.0,1.28
2019-09-30,Cabai Rawit Hijau,7,3,-1.28,0.0,1.28
2019-09-30,Cabai Rawit Hijau,14,1,-1.28,0.0,1.28
2019-09-30,Cabai Rawit Hijau,14,2,-1.28,0.0,1.28
2019-09-30,Cabai Rawit Hijau,14,3,-1.28,0.0,1.28
2019-10-07,Cabai Rawit Hijau,7,1,-1.28,0.0,1.28
2019-10-07,Cabai Rawit Hijau,7,2,-1.28,0.0,1.28
2019-10-07,Cabai Rawit Hijau,7,3,-1.28,0.0,1.28
2019-10-07,Cabai Rawit Hijau,14,1,-1.28,0.0,1.28
2019-10-07,Cabai Rawit Hijau,14,2,-1.28,0.0,1.28
2019-10-07,Cabai Rawit Hijau,14,3,-1.28,0.0,1.28
2019-10-14,Cabai Rawit Hijau,7,1,-1.28,0.0,1.28
2019-10-14,Cabai Rawit Hijau,7,2,-1.28,0.0,1.28
2019-10-14,Cabai Rawit Hijau,7,3,-1.28,0.0,1.28
2019-10-14,Cabai Rawit Hijau,14,1,-1.28,0.0,1.28
2019-10-14,Cabai Rawit Hijau,14,2,-1.28,0.0,1.28
2019-10-14,Cabai Rawit Hijau,14,3,-1.28,0.0,1.28
2019-10-21,Cabai Rawit Hijau,7,1,-1.28,0.0,1.28
2019-10-21,Cabai Rawit Hijau,7,2,-1.28,0.0,1.28
2019-10-21,Cabai Rawit Hijau,7,3,-1.28,0.0,1.28
2019-10-21,Cabai Rawit Hijau,14,1,-1.28,0.0,1.28
2019-10-21,Cabai Rawit Hijau,14,2,-1.28,0.0,1.28
2019-10-21,Cabai Rawit Hijau,14,3,-1.28,0.0,1.28
2019-10-28,Cabai Rawit Hijau,7,1,-1.28,0.0,1.28
2019-10-28,Cabai Rawit Hijau,7,2,-1.28,0.0,1.28
2019-10-28,Cabai Rawit Hijau,7,3,-1.28,0.0,1.28
2019-10-28,Cabai Rawit Hijau,14,1,-1.28,0.0,1.28
2019-10-28,Cabai Rawit Hijau,14,2,-1.28,0.0,1.28
2019-10-28,Cabai Rawit Hijau,14,3,-1.28,0.0,1.28
2019-11-04,Cabai Rawit Hijau,7,1,-1.28,0.0,1.28
2019-11-04,Cabai Rawit Hijau,7,2,-1.28,0.0,1.28
2019-11-04,Cabai Rawit Hijau,7,3,-1.28,0.0,1.28
2019-11-04,Cabai Rawit Hijau,14,1,-1.28,0.0,1.28
2019-11-04,Cabai Rawit Hijau,14,2,-1.28,0.0,1.28
2019-11-04,Cabai Rawit Hijau,14,3,-1.28,0.0,1.28
2019-11-18,Cabai Rawit Hijau,7,1,-1.28,0.0,1.28
2019-11-18,Cabai Rawit Hijau,7,2,-1.28,0.0,1.28
2019-11-18,Cabai Rawit Hijau,7,3,-1.28,0.0,1.28
2019-11-18,Cabai Rawit Hijau,14,1,-1.28,0.0,1.28
2019-11-18,Cabai Rawit Hijau,14,2,-1.28,0.0,1.28
2019-11-18,Cabai Rawit Hijau,14,3,-1.28,0.0,1.28
2019-11-25,Cabai Rawit Hijau,7,1,-1.28,0.0,1.28
2019-11-25,Cabai Rawit Hijau,7,2,-1.28,0.0,1.28
2019-11-25,Cabai Rawit Hijau,7,3,-1.28,0.0,1.28
2019-11-25,Cabai Rawit Hijau,14,1,-1.28,0.0,1.28
2019-11-25,Cabai Rawit Hijau,14,2,-1.28,0.0,1.28
2019-11-25,Cabai Rawit Hijau,14,3,-1.28,0.0,1.28
2019-12-02,Cabai Rawit Hijau,7,1,-1.28,0.0,1.28
2019-12-02,Cabai Rawit Hijau,7,2,-1.28,0.0,1.28
2019-12-02,Cabai Rawit Hijau,7,3,-1.28,0.0,1.28
2019-12-02,Cabai Rawit Hijau,14,1,-1.28,0.0,1.28
2019-12-02,Cabai Rawit Hijau,14,2,-1.28,0.0,1.28
2019-12-02,Cabai Rawit Hijau,14,3,-1.28,0.0,1.28
2019-12-09,Cabai Rawit Hijau,7,1,-1.28,0.0,1.28
2019-12-09,Cabai Rawit Hijau,7,2,-1.28,0.0,1.28
2019-12-09,Cabai Rawit Hijau,7,3,-1.28,0.0,1.28
2019-12-09,Cabai Rawit Hijau,14,1,-1.28,0.0,1.28
2019-12-09,Cabai Rawit Hijau,14,2,-1.28,0.0,1.28
2019-12-09,Cabai Rawit Hijau,14,3,-1.28,0.0,1.28
2019-12-16,Cabai Rawit Hijau,7,1,-1.28,0.0,1.28
2019-12-16,Cabai Rawit Hijau,7,2,-1.28,0.0,1.28
2019-12-16,Cabai Rawit Hijau,7,3,-1.28,0.0,1.28
2019-12-16,Cabai Rawit Hijau,14,1,-1.28,0.0,1.28
2019-12-16,Cabai Rawit Hijau,14,2,-1.28,0.0,1.28
2019-12-16,Cabai Rawit Hijau,14,3,-1.28,0.0,1.28
2019-12-23,Cabai Rawit Hijau,7,1,-1.28,0.0,1.28
2019-12-23,Cabai Rawit Hijau,7,2,-1.28,0.0,1.28
2019-12-23,Cabai Rawit Hijau,7,3,-1.28,0.0,1.28
2019-12-23,Cabai Rawit Hijau,14,1,-1.28,0.0,1.28
2019-12-23,Cabai Rawit Hijau,14,2,-1.28,0.0,1.28
2019-12-23,Cabai Rawit Hijau,14,3,-1.28,0.0,1.28
2019-12-30,Cabai Rawit Hijau,7,1,-1.28,0.0,1.28
2019-12-30,Cabai Rawit Hijau,7,2,-1.28,0.0,1.28
2019-12-30,Cabai Rawit Hijau,7,3,-1.28,0.0,1.28
2019-12-30,Cabai Rawit Hijau,14,1,-1.28,0.0,1.28
2019-12-30,Cabai Rawit Hijau,14,2,-1.28,0.0,1.28
2019-12-30,Cabai Rawit Hijau,14,3,-1.28,0.0,1.28
2020-01-06,Cabai Rawit Hijau,7,1,-1.28,0.0,1.28
2020-01-06,Cabai Rawit Hijau,7,2,-1.28,0.0,1.28
2020-01-06,Cabai Rawit Hijau,7,3,-1.28,0.0,1.28
2020-01-06,Cabai Rawit Hijau,14,1,-1.28,0.0,1.28
2020-01-06,Cabai Rawit Hijau,14,2,-1.28,0.0,1.28
2020-01-06,Cabai Rawit Hijau,14,3,-1.28,0.0,1.28
2020-01-13,Cabai Rawit Hijau,7,1,-1.28,0.0,1.28
2020-01-13,Cabai Rawit Hijau,7,2,-1.28,0.0,1.28
2020-01-13,Cabai Rawit Hijau,7,3,-1.28,0.0,1.28
2020-01-13,Cabai Rawit Hijau,14,1,-1.28,0.0,1.28
2020-01-13,Cabai Rawit Hijau,14,2,-1.28,0.0,1.28
2020-01-13,Cabai Rawit Hijau,14,3,-1.28,0.0,1.28
2020-01-20,Cabai Rawit Hijau,7,1,-1.28,0.0,1.28
2020-01-20,Cabai Rawit Hijau,7,2,-1.28,0.0,1.28
2020-01-20,Cabai Rawit Hijau,7,3,-1.28,0.0,1.28
2020-01-20,Cabai Rawit Hijau,14,1,-1.28,0.0,1.28
2020-01-20,Cabai Rawit Hijau,14,2,-1.28,0.0,1.28
2020-01-20,Cabai Rawit Hijau,14,3,-1.28,0.0,1.28
2020-01-27,Cabai Rawit Hijau,7,1,-1.28,0.0,1.28
2020-01-27,Cabai Rawit Hijau,7,2,-1.28,0.0,1.28
2020-01-27,Cabai Rawit Hijau,7,3,-1.28,0.0,1.28
2020-01-27,Cabai Rawit Hijau,14,1,-1.28,0.0,1.28
2020-01-27,Cabai Rawit Hijau,14,2,-1.28,0.0,1.28
2020-01-27,Cabai Rawit Hijau,14,3,-1.28,0.0,1.28
2020-02-03,Cabai Rawit Hijau,7,1,-1.28,0.0,1.28
2020-02-03,Cabai Rawit Hijau,7,2,-1.28,0.0,1.28
2020-02-03,Cabai Rawit Hijau,7,3,-1.28,0.0,1.28
2020-02-03,Cabai Rawit Hijau,14,1,-1.28,0.0,1.28
2020-02-03,Cabai Rawit Hijau,14,2,-1.28,0.0,1.28
2020-02-03,Cabai Rawit Hijau,14,3,-1.28,0.0,1.28
2020-02-10,Cabai Rawit Hijau,7,1,-1.28,0.0,1.28
2020-02-10,Cabai Rawit Hijau,7,2,-1.28,0.0,1.28
2020-02-10,Cabai Rawit Hijau,7,3,-1.28,0.0,1.28
2020-02-10,Cabai Rawit Hijau,14,1,-1.28,0.0,1.28
2020-02-10,Cabai Rawit Hijau,14,2,-1.28,0.0,1.28
2020-02-10,Cabai Rawit Hijau,14,3,-1.28,0.0,1.28
2020-02-17,Cabai Rawit Hijau,7,1,-1.28,0.0,1.28
2020-02-17,Cabai Rawit Hijau,7,2,-1.28,0.0,1.28
2020-02-17,Cabai Rawit Hijau,7,3,-1.28,0.0,1.28
2020-02-17,Cabai Rawit Hijau,14,1,-1.28,0.0,1.28
2020-02-17,Cabai Rawit Hijau,14,2,-1.28,0.0,1.28
2020-02-17,Cabai Rawit Hijau,14,3,-1.28,0.0,1.28
2020-02-24,Cabai Rawit Hijau,7,1,-1.28,0.0,1.28
2020-02-24,Cabai Rawit Hijau,7,2,-1.28,0.0,1.28
2020-02-24,Cabai Rawit Hijau,7,3,-1.28,0.0,1.28
2020-02-24,Cabai Rawit Hijau,14,1,-1.28,0.0,1.28
2020-02-24,Cabai Rawit Hijau,14,2,-1.28,0.0,1.28
2020-02-24,Cabai Rawit Hijau,14,3,-1.28,0.0,1.28
2020-03-02,Cabai Rawit Hijau,7,1,-1.28,0.0,1.28
2020-03-02,Cabai Rawit Hijau,7,2,-1.28,0.0,1.28
2020-03-02,Cabai Rawit Hijau,7,3,-1.28,0.0,1.28
2020-03-02,Cabai Rawit Hijau,14,1,-1.28,0.0,1.28
2020-03-02,Cabai Rawit Hijau,14,2,-1.28,0.0,1.28
2020-03-02,Cabai Rawit Hijau,14,3,-1.28,0.0,1.28
2020-03-09,Cabai Rawit Hijau,7,1,-1.28,0.0,1.28
2020-03-09,Cabai Rawit Hijau,7,2,-1.28,0.0,1.28
2020-03-09,Cabai Rawit Hijau,7,3,-1.28,0.0,1.28
2020-03-09,Cabai Rawit Hijau,14,1,-1.28,0.0,1.28
2020-03-09,Cabai Rawit Hijau,14,2,-1.28,0.0,1.28
2020-03-09,Cabai Rawit Hijau,14,3,-1.28,0.0,1.28
2020-03-16,Cabai Rawit Hijau,7,1,-1.28,0.0,1.28
2020-03-16,Cabai Rawit Hijau,7,2,-1.28,0.0,1.28
2020-03-16,Cabai Rawit Hijau,7,3,-1.28,0.0,1.28
2020-03-16,Cabai Rawit Hijau,14,1,-1.28,0.0,1.28
2020-03-16,Cabai Rawit Hijau,14,2,-1.28,0.0,1.28
2020-03-16,Cabai Rawit Hijau,14,3,-1.28,0.0,1.28
2020-03-23,Cabai Rawit Hijau,7,1,-1.28,0.0,1.28
2020-03-23,Cabai Rawit Hijau,7,2,-1.28,0.0,1.28
2020-03-23,Cabai Rawit Hijau,7,3,-1.28,0.0,1.28
2020-03-23,Cabai Rawit Hijau,14,1,-1.28,0.0,1.28
2020-03-23,Cabai Rawit Hijau,14,2,-1.28,0.0,1.28
2020-03-23,Cabai Rawit Hijau,14,3,-1.28,0.0,1.28
2020-03-30,Cabai Rawit Hijau,7,1,-1.28,0.0,1.28
2020-03-30,Cabai Rawit Hijau,7,2,-1.28,0.0,1.28
2020-03-30,Cabai Rawit Hijau,7,3,-1.28,0.0,1.28
2020-03-30,Cabai Rawit Hijau,14,1,-1.28,0.0,1.28
2020-03-30,Cabai Rawit Hijau,14,2,-1.28,0.0,1.28
2020-03-30,Cabai Rawit Hijau,14,3,-1.28,0.0,1.28
2020-04-06,Cabai Rawit Hijau,7,1,-1.28,0.0,1.28
2020-04-06,Cabai Rawit Hijau,7,2,-1.28,0.0,1.28
2020-04-06,Cabai Rawit Hijau,7,3,-1.28,0.0,1.28
2020-04-06,Cabai Rawit Hijau,14,1,-1.28,0.0,1.28
2020-04-06,Cabai Rawit Hijau,14,2,-1.28,0.0,1.28
2020-04-06,Cabai Rawit Hijau,14,3,-1.28,0.0,1.28
2020-04-13,Cabai Rawit Hijau,7,1,-1.28,0.0,1.28
2020-04-13,Cabai Rawit Hijau,7,2,-1.28,0.0,1.28
2020-04-13,Cabai Rawit Hijau,7,3,-1.28,0.0,1.28
2020-04-13,Cabai Rawit Hijau,14,1,-1.28,0.0,1.28
2020-04-13,Cabai Rawit Hijau,14,2,-1.28,0.0,1.28
2020-04-13,Cabai Rawit Hijau,14,3,-1.28,0.0,1.28
2020-04-20,Cabai Rawit Hijau,7,1,-1.28,0.0,1.28
2020-04-20,Cabai Rawit Hijau,7,2,-1.28,0.0,1.28
2020-04-20,Cabai Rawit Hijau,7,3,-1.28,0.0,1.28
2020-04-20,Cabai Rawit Hijau,14,1,-1.28,0.0,1.28
2020-04-20,Cabai Rawit Hijau,14,2,-1.28,0.0,1.28
2020-04-20,Cabai Rawit Hijau,14,3,-1.28,0.0,1.28
2020-04-27,Cabai Rawit Hijau,7,1,-1.28,0.0,1.28
2020-04-27,Cabai Rawit Hijau,7,2,-1.28,0.0,1.28
2020-04-27,Cabai Rawit Hijau,7,3,-1.28,0.0,1.28
2020-04-27,Cabai Rawit Hijau,14,1,-1.28,0.0,1.28
2020-04-27,Cabai Rawit Hijau,14,2,-1.28,0.0,1.28
2020-04-27,Cabai Rawit Hijau,14,3,-1.28,0.0,1.28
2020-05-04,Cabai Rawit Hijau,7,1,-1.28,0.0,1.28
2020-05-04,Cabai Rawit Hijau,7,2,-1.28,0.0,1.28
2020-05-04,Cabai Rawit Hijau,7,3,-1.28,0.0,1.28
2020-05-04,Cabai Rawit Hijau,14,1,-1.28,0.0,1.28
2020-05-04,Cabai Rawit Hijau,14,2,-1.28,0.0,1.28
2020-05-04,Cabai Rawit Hijau,14,3,-1.28,0.0,1.28
2020-05-11,Cabai Rawit Hijau,7,1,-1.28,0.0,1.28
2020-05-11,Cabai Rawit Hijau,7,2,-1.28,0.0,1.28
2020-05-11,Cabai Rawit Hijau,7,3,-1.28,0.0,1.28
2020-05-11,Cabai Rawit Hijau,14,1,-1.28,0.0,1.28
2020-05-11,Cabai Rawit Hijau,14,2,-1.28,0.0,1.28
2020-05-11,Cabai Rawit Hijau,14,3,-1.28,0.0,1.28
2020-05-18,Cabai Rawit Hijau,7,1,-1.28,0.0,1.28
2020-05-18,Cabai Rawit Hijau,7,2,-1.28,0.0,1.28
2020-05-18,Cabai Rawit Hijau,7,3,-1.28,0.0,1.28
2020-05-18,Cabai Rawit Hijau,14,1,-1.28,0.0,1.28
2020-05-18,Cabai Rawit Hijau,14,2,-1.28,0.0,1.28
2020-05-18,Cabai Rawit Hijau,14,3,-1.28,0.0,1.28
2020-05-25,Cabai Rawit Hijau,7,1,-1.28,0.0,1.28
2020-05-25,Cabai Rawit Hijau,7,2,-1.28,0.0,1.28
2020-05-25,Cabai Rawit Hijau,7,3,-1.28,0.0,1.28
2020-05-25,Cabai Rawit Hijau,14,1,-1.28,0.0,1.28
2020-05-25,Cabai Rawit Hijau,14,2,-1.28,0.0,1.28
2020-05-25,Cabai Rawit Hijau,14,3,-1.28,0.0,1.28
2020-06-01,Cabai Rawit Hijau,7,1,-1.28,0.0,1.28
2020-06-01,Cabai Rawit Hijau,7,2,-1.28,0.0,1.28
2020-06-01,Cabai Rawit Hijau,7,3,-1.28,0.0,1.28
2020-06-01,Cabai Rawit Hijau,14,1,-1.28,0.0,1.28
2020-06-01,Cabai Rawit Hijau,14,2,-1.28,0.0,1.28
2020-06-01,Cabai Rawit Hijau,14,3,-1.28,0.0,1.28
2020-06-08,Cabai Rawit Hijau,7,1,-1.28,0.0,1.28
2020-06-08,Cabai Rawit Hijau,7,2,-1.28,0.0,1.28
2020-06-08,Cabai Rawit Hijau,7,3,-1.28,0.0,1.28
2020-06-08,Cabai Rawit Hijau,14,1,-1.28,0.0,1.28
2020-06-08,Cabai Rawit Hijau,14,2,-1.28,0.0,1.28
2020-06-08,Cabai Rawit Hijau,14,3,-1.28,0.0,1.28
2020-06-15,Cabai Rawit Hijau,7,1,-1.28,0.0,1.28
2020-06-15,Cabai Rawit Hijau,7,2,-1.28,0.0,1.28
2020-06-15,Cabai Rawit Hijau,7,3,-1.28,0.0,1.28
2020-06-15,Cabai Rawit Hijau,14,1,-1.28,0.0,1.28
2020-06-15,Cabai Rawit Hijau,14,2,-1.28,0.0,1.28
2020-06-15,Cabai Rawit Hijau,14,3,-1.28,0.0,1.28
2020-06-22,Cabai Rawit Hijau,7,1,-1.28,0.0,1.28
2020-06-22,Cabai Rawit Hijau,7,2,-1.28,0.0,1.28
2020-06-22,Cabai Rawit Hijau,7,3,-1.28,0.0,1.28
2020-06-22,Cabai Rawit Hijau,14,1,-1.28,0.0,1.28
2020-06-22,Cabai Rawit Hijau,14,2,-1.28,0.0,1.28
2020-06-22,Cabai Rawit Hijau,14,3,-1.28,0.0,1.28
2020-06-29,Cabai Rawit Hijau,7,1,-1.28,0.0,1.28
2020-06-29,Cabai Rawit Hijau,7,2,-1.28,0.0,1.28
2020-06-29,Cabai Rawit Hijau,7,3,-1.28,0.0,1.28
2020-06-29,Cabai Rawit Hijau,14,1,-1.28,0.0,1.28
2020-06-29,Cabai Rawit Hijau,14,2,-1.28,0.0,1.28
2020-06-29,Cabai Rawit Hijau,14,3,-1.28,0.0,1.28
2020-07-06,Cabai Rawit Hijau,7,1,-1.28,0.0,1.28
2020-07-06,Cabai Rawit Hijau,7,2,-1.28,0.0,1.28
2020-07-06,Cabai Rawit Hijau,7,3,-1.28,0.0,1.28
2020-07-06,Cabai Rawit Hijau,14,1,-1.28,0.0,1.28
2020-07-06,Cabai Rawit Hijau,14,2,-1.28,0.0,1.28
2020-07-06,Cabai Rawit Hijau,14,3,-1.28,0.0,1.28
2020-07-13,Cabai Rawit Hijau,7,1,-1.28,0.0,1.28
2020-07-13,Cabai Rawit Hijau,7,2,-1.28,0.0,1.28
2020-07-13,Cabai Rawit Hijau,7,3,-1.28,0.0,1.28
2020-07-13,Cabai Rawit Hijau,14,1,-1.28,0.0,1.28
2020-07-13,Cabai Rawit Hijau,14,2,-1.28,0.0,1.28
2020-07-13,Cabai Rawit Hijau,14,3,-1.28,0.0,1.28
2020-07-20,Cabai Rawit Hijau,7,1,-1.28,0.0,1.28
2020-07-20,Cabai Rawit Hijau,7,2,-1.28,0.0,1.28
2020-07-20,Cabai Rawit Hijau,7,3,-1.28,0.0,1.28
2020-07-20,Cabai Rawit Hijau,14,1,-1.28,0.0,1.28
2020-07-20,Cabai Rawit Hijau,14,2,-1.28,0.0,1.28
2020-07-20,Cabai Rawit Hijau,14,3,-1.28,0.0,1.28
2020-07-27,Cabai Rawit Hijau,7,1,-1.28,0.0,1.28
2020-07-27,Cabai Rawit Hijau,7,2,-1.28,0.0,1.28
2020-07-27,Cabai Rawit Hijau,7,3,-1.28,0.0,1.28
2020-07-27,Cabai Rawit Hijau,14,1,-1.28,0.0,1.28
2020-07-27,Cabai Rawit Hijau,14,2,-1.28,0.0,1.28
2020-07-27,Cabai Rawit Hijau,14,3,-1.28,0.0,1.28
2020-08-03,Cabai Rawit Hijau,7,1,-1.28,0.0,1.28
2020-08-03,Cabai Rawit Hijau,7,2,-1.28,0.0,1.28
2020-08-03,Cabai Rawit Hijau,7,3,-1.28,0.0,1.28
2020-08-03,Cabai Rawit Hijau,14,1,-1.28,0.0,1.28
2020-08-03,Cabai Rawit Hijau,14,2,-1.28,0.0,1.28
2020-08-03,Cabai Rawit Hijau,14,3,-1.28,0.0,1.28
2020-08-10,Cabai Rawit Hijau,7,1,-1.28,0.0,1.28
2020-08-10,Cabai Rawit Hijau,7,2,-1.28,0.0,1.28
2020-08-10,Cabai Rawit Hijau,7,3,-1.28,0.0,1.28
2020-08-10,Cabai Rawit Hijau,14,1,-1.28,0.0,1.28
2020-08-10,Cabai Rawit Hijau,14,2,-1.28,0.0,1.28
2020-08-10,Cabai Rawit Hijau,14,3,-1.28,0.0,1.28
2020-08-17,Cabai Rawit Hijau,7,1,-1.28,0.0,1.28
2020-08-17,Cabai Rawit Hijau,7,2,-1.28,0.0,1.28
2020-08-17,Cabai Rawit Hijau,7,3,-1.28,0.0,1.28
2020-08-17,Cabai Rawit Hijau,14,1,-1.28,0.0,1.28
2020-08-17,Cabai Rawit Hijau,14,2,-1.28,0.0,1.28
2020-08-17,Cabai Rawit Hijau,14,3,-1.28,0.0,1.28
2020-08-24,Cabai Rawit Hijau,7,1,-1.28,0.0,1.28
2020-08-24,Cabai Rawit Hijau,7,2,-1.28,0.0,1.28
2020-08-24,Cabai Rawit Hijau,7,3,-1.28,0.0,1.28
2020-08-24,Cabai Rawit Hijau,14,1,-1.28,0.0,1.28
2020-08-24,Cabai Rawit Hijau,14,2,-1.28,0.0,1.28
2020-08-24,Cabai Rawit Hijau,14,3,-1.28,0.0,1.28
2020-08-31,Cabai Rawit Hijau,7,1,-1.28,0.0,1.28
2020-08-31,Cabai Rawit Hijau,7,2,-1.28,0.0,1.28
2020-08-31,Cabai Rawit Hijau,7,3,-1.28,0.0,1.28
2020-08-31,Cabai Rawit Hijau,14,1,-1.28,0.0,1.28
2020-08-31,Cabai Rawit Hijau,14,2,-1.28,0.0,1.28
2020-08-31,Cabai Rawit Hijau,14,3,-1.28,0.0,1.28
2020-09-07,Cabai Rawit Hijau,7,1,-1.28,0.0,1.28
2020-09-07,Cabai Rawit Hijau,7,2,-1.28,0.0,1.28
2020-09-07,Cabai Rawit Hijau,7,3,-1.28,0.0,1.28
2020-09-07,Cabai Rawit Hijau,14,1,-1.28,0.0,1.28
2020-09-07,Cabai Rawit Hijau,14,2,-1.28,0.0,1.28
2020-09-07,Cabai Rawit Hijau,14,3,-1.28,0.0,1.28
2020-09-14,Cabai Rawit Hijau,7,1,-1.28,0.0,1.28
2020-09-14,Cabai Rawit Hijau,7,2,-1.28,0.0,1.28
2020-09-14,Cabai Rawit Hijau,7,3,-1.28,0.0,1.28
2020-09-14,Cabai Rawit Hijau,14,1,-1.28,0.0,1.28
2020-09-14,Cabai Rawit Hijau,14,2,-1.28,0.0,1.28
2020-09-14,Cabai Rawit Hijau,14,3,-1.28,0.0,1.28
2020-09-21,Cabai Rawit Hijau,7,1,-1.28,0.0,1.28
2020-09-21,Cabai Rawit Hijau,7,2,-1.28,0.0,1.28
2020-09-21,Cabai Rawit Hijau,7,3,-1.28,0.0,1.28
2020-09-21,Cabai Rawit Hijau,14,1,-1.28,0.0,1.28
2020-09-21,Cabai Rawit Hijau,14,2,-1.28,0.0,1.28
2020-09-21,Cabai Rawit Hijau,14,3,-1.28,0.0,1.28
2020-09-28,Cabai Rawit Hijau,7,1,-1.28,0.0,1.28
2020-09-28,Cabai Rawit Hijau,7,2,-1.28,0.0,1.28
2020-09-28,Cabai Rawit Hijau,7,3,-1.28,0.0,1.28
2020-09-28,Cabai Rawit Hijau,14,1,-1.28,0.0,1.28
2020-09-28,Cabai Rawit Hijau,14,2,-1.28,0.0,1.28
2020-09-28,Cabai Rawit Hijau,14,3,-1.28,0.0,1.28
2020-10-05,Cabai Rawit Hijau,7,1,-1.28,0.0,1.28
2020-10-05,Cabai Rawit Hijau,7,2,-1.28,0.0,1.28
2020-10-05,Cabai Rawit Hijau,7,3,-1.28,0.0,1.28
2020-10-05,Cabai Rawit Hijau,14,1,-1.28,0.0,1.28
2020-10-05,Cabai Rawit Hijau,14,2,-1.28,0.0,1.28
2020-10-05,Cabai Rawit Hijau,14,3,-1.28,0.0,1.28
2020-10-12,Cabai Rawit Hijau,7,1,-1.28,0.0,1.28
2020-10-12,Cabai Rawit Hijau,7,2,-1.28,0.0,1.28
2020-10-12,Cabai Rawit Hijau,7,3,-1.28,0.0,1.28
2020-10-12,Cabai Rawit Hijau,14,1,-1.28,0.0,1.28
2020-10-12,Cabai Rawit Hijau,14,2,-1.28,0.0,1.28
2020-10-12,Cabai Rawit Hijau,14,3,-1.28,0.0,1.28
2020-10-19,Cabai Rawit Hijau,7,1,-1.28,0.0,1.28
2020-10-19,Cabai Rawit Hijau,7,2,-1.28,0.0,1.28
2020-10-19,Cabai Rawit Hijau,7,3,-1.28,0.0,1.28
2020-10-19,Cabai Rawit Hijau,14,1,-1.28,0.0,1.28
2020-10-19,Cabai Rawit Hijau,14,2,-1.28,0.0,1.28
2020-10-19,Cabai Rawit Hijau,14,3,-1.28,0.0,1.28
2020-10-26,Cabai Rawit Hijau,7,1,-1.28,0.0,1.28
2020-10-26,Cabai Rawit Hijau,7,2,-1.28,0.0,1.28
2020-10-26,Cabai Rawit Hijau,7,3,-1.28,0.0,1.28
2020-10-26,Cabai Rawit Hijau,14,1,-1.28,0.0,1.28
2020-10-26,Cabai Rawit Hijau,14,2,-1.28,0.0,1.28
2020-10-26,Cabai Rawit Hijau,14,3,-1.28,0.0,1.28
2020-11-02,Cabai Rawit Hijau,7,1,-1.28,0.0,1.28
2020-11-02,Cabai Rawit Hijau,7,2,-1.28,0.0,1.28
2020-11-02,Cabai Rawit Hijau,7,3,-1.28,0.0,1.28
2020-11-02,Cabai Rawit Hijau,14,1,-1.28,0.0,1.28
2020-11-02,Cabai Rawit Hijau,14,2,-1.28,0.0,1.28
2020-11-02,Cabai Rawit Hijau,14,3,-1.28,0.0,1.28
2020-11-09,Cabai Rawit Hijau,7,1,-1.28,0.0,1.28
2020-11-09,Cabai Rawit Hijau,7,2,-1.28,0.0,1.28
2020-11-09,Cabai Rawit Hijau,7,3,-1.28,0.0,1.28
2020-11-09,Cabai Rawit Hijau,14,1,-1.28,0.0,1.28
2020-11-09,Cabai Rawit Hijau,14,2,-1.28,0.0,1.28
2020-11-09,Cabai Rawit Hijau,14,3,-1.28,0.0,1.28
2020-11-16,Cabai Rawit Hijau,7,1,-1.28,0.0,1.28
2020-11-16,Cabai Rawit Hijau,7,2,-1.28,0.0,1.28
2020-11-16,Cabai Rawit Hijau,7,3,-1.28,0.0,1.28
2020-11-16,Cabai Rawit Hijau,14,1,-1.28,0.0,1.28
2020-11-16,Cabai Rawit Hijau,14,2,-1.28,0.0,1.28
2020-11-16,Cabai Rawit Hijau,14,3,-1.28,0.0,1.28
2020-11-23,Cabai Rawit Hijau,7,1,-1.28,0.0,1.28
2020-11-23,Cabai Rawit Hijau,7,2,-1.28,0.0,1.28
2020-11-23,Cabai Rawit Hijau,7,3,-1.28,0.0,1.28
2020-11-23,Cabai Rawit Hijau,14,1,-1.28,0.0,1.28
2020-11-23,Cabai Rawit Hijau,14,2,-1.28,0.0,1.28
2020-11-23,Cabai Rawit Hijau,14,3,-1.28,0.0,1.28
2020-11-30,Cabai Rawit Hijau,7,1,-1.28,0.0,1.28
2020-11-30,Cabai Rawit Hijau,7,2,-1.28,0.0,1.28
2020-11-30,Cabai Rawit Hijau,7,3,-1.28,0.0,1.28
2020-11-30,Cabai Rawit Hijau,14,1,-1.28,0.0,1.28
2020-11-30,Cabai Rawit Hijau,14,2,-1.28,0.0,1.28
2020-11-30,Cabai Rawit Hijau,14,3,-1.28,0.0,1.28
2020-12-07,Cabai Rawit Hijau,7,1,-1.28,0.0,1.28
2020-12-07,Cabai Rawit Hijau,7,2,-1.28,0.0,1.28
2020-12-07,Cabai Rawit Hijau,7,3,-1.28,0.0,1.28
2020-12-07,Cabai Rawit Hijau,14,1,-1.28,0.0,1.28
2020-12-07,Cabai Rawit Hijau,14,2,-1.28,0.0,1.28
2020-12-07,Cabai Rawit Hijau,14,3,-1.28,0.0,1.28
2020-12-14,Cabai Rawit Hijau,7,1,-1.28,0.0,1.28
2020-12-14,Cabai Rawit Hijau,7,2,-1.28,0.0,1.28
2020-12-14,Cabai Rawit Hijau,7,3,-1.28,0.0,1.28
2020-12-14,Cabai Rawit Hijau,14,1,-1.28,0.0,1.28
2020-12-14,Cabai Rawit Hijau,14,2,-1.28,0.0,1.28
2020-12-14,Cabai Rawit Hijau,14,3,-1.28,0.0,1.28
2020-12-21,Cabai Rawit Hijau,7,1,-1.28,0.0,1.28
2020-12-21,Cabai Rawit Hijau,7,2,-1.28,0.0,1.28
2020-12-21,Cabai Rawit Hijau,7,3,-1.28,0.0,1.28
2020-12-21,Cabai Rawit Hijau,14,1,-1.28,0.0,1.28
2020-12-21,Cabai Rawit Hijau,14,2,-1.28,0.0,1.28
2020-12-21,Cabai Rawit Hijau,14,3,-1.28,0.0,1.28
2020-12-28,Cabai Rawit Hijau,7,1,-1.28,0.0,1.28
2020-12-28,Cabai Rawit Hijau,7,2,-1.28,0.0,1.28
2020-12-28,Cabai Rawit Hijau,7,3,-1.28,0.0,1.28
2020-12-28,Cabai Rawit Hijau,14,1,-1.28,0.0,1.28
2020-12-28,Cabai Rawit Hijau,14,2,-1.28,0.0,1.28
2020-12-28,Cabai Rawit Hijau,14,3,-1.28,0.0,1.28
2021-01-04,Cabai Rawit Hijau,7,1,-1.28,0.0,1.28
2021-01-04,Cabai Rawit Hijau,7,2,-1.28,0.0,1.28
2021-01-04,Cabai Rawit Hijau,7,3,-1.28,0.0,1.28
2021-01-04,Cabai Rawit Hijau,14,1,-1.28,0.0,1.28
2021-01-04,Cabai Rawit Hijau,14,2,-1.28,0.0,1.28
2021-01-04,Cabai Rawit Hijau,14,3,-1.28,0.0,1.28
2021-01-11,Cabai Rawit Hijau,7,1,-1.28,0.0,1.28
2021-01-11,Cabai Rawit Hijau,7,2,-1.28,0.0,1.28
2021-01-11,Cabai Rawit Hijau,7,3,-1.28,0.0,1.28
2021-01-11,Cabai Rawit Hijau,14,1,-1.28,0.0,1.28
2021-01-11,Cabai Rawit Hijau,14,2,-1.28,0.0,1.28
2021-01-11,Cabai Rawit Hijau,14,3,-1.28,0.0,1.28
2021-01-18,Cabai Rawit Hijau,7,1,-1.28,0.0,1.28
2021-01-18,Cabai Rawit Hijau,7,2,-1.28,0.0,1.28
2021-01-18,Cabai Rawit Hijau,7,3,-1.28,0.0,1.28
2021-01-18,Cabai Rawit Hijau,14,1,-1.28,0.0,1.28
2021-01-18,Cabai Rawit Hijau,14,2,-1.28,0.0,1.28
2021-01-18,Cabai Rawit Hijau,14,3,-1.28,0.0,1.28
2021-01-25,Cabai Rawit Hijau,7,1,-1.28,0.0,1.28
2021-01-25,Cabai Rawit Hijau,7,2,-1.28,0.0,1.28
2021-01-25,Cabai Rawit Hijau,7,3,-1.28,0.0,1.28
2021-01-25,Cabai Rawit Hijau,14,1,-1.28,0.0,1.28
2021-01-25,Cabai Rawit Hijau,14,2,-1.28,0.0,1.28
2021-01-25,Cabai Rawit Hijau,14,3,-1.28,0.0,1.28
2021-02-01,Cabai Rawit Hijau,7,1,-1.28,0.0,1.28
2021-02-01,Cabai Rawit Hijau,7,2,-1.28,0.0,1.28
2021-02-01,Cabai Rawit Hijau,7,3,-1.28,0.0,1.28
2021-02-01,Cabai Rawit Hijau,14,1,-1.28,0.0,1.28
2021-02-01,Cabai Rawit Hijau,14,2,-1.28,0.0,1.28
2021-02-01,Cabai Rawit Hijau,14,3,-1.28,0.0,1.28
2021-02-08,Cabai Rawit Hijau,7,1,-1.28,0.0,1.28
2021-02-08,Cabai Rawit Hijau,7,2,-1.28,0.0,1.28
2021-02-08,Cabai Rawit Hijau,7,3,-1.28,0.0,1.28
2021-02-08,Cabai Rawit Hijau,14,1,-1.28,0.0,1.28
2021-02-08,Cabai Rawit Hijau,14,2,-1.28,0.0,1.28
2021-02-08,Cabai Rawit Hijau,14,3,-1.28,0.0,1.28
2021-02-15,Cabai Rawit Hijau,7,1,-1.28,0.0,1.28
2021-02-15,Cabai Rawit Hijau,7,2,-1.28,0.0,1.28
2021-02-15,Cabai Rawit Hijau,7,3,-1.28,0.0,1.28
2021-02-15,Cabai Rawit Hijau,14,1,-1.28,0.0,1.28
2021-02-15,Cabai Rawit Hijau,14,2,-1.28,0.0,1.28
2021-02-15,Cabai Rawit Hijau,14,3,-1.28,0.0,1.28
2021-02-22,Cabai Rawit Hijau,7,1,-1.28,0.0,1.28
2021-02-22,Cabai Rawit Hijau,7,2,-1.28,0.0,1.28
2021-02-22,Cabai Rawit Hijau,7,3,-1.28,0.0,1.28
2021-02-22,Cabai Rawit Hijau,14,1,-1.28,0.0,1.28
2021-02-22,Cabai Rawit Hijau,14,2,-1.28,0.0,1.28
2021-02-22,Cabai Rawit Hijau,14,3,-1.28,0.0,1.28
2021-03-01,Cabai Rawit Hijau,7,1,-1.28,0.0,1.28
2021-03-01,Cabai Rawit Hijau,7,2,-1.28,0.0,1.28
2021-03-01,Cabai Rawit Hijau,7,3,-1.28,0.0,1.28
2021-03-01,Cabai Rawit Hijau,14,1,-1.28,0.0,1.28
2021-03-01,Cabai Rawit Hijau,14,2,-1.28,0.0,1.28
2021-03-01,Cabai Rawit Hijau,14,3,-1.28,0.0,1.28
2021-03-08,Cabai Rawit Hijau,7,1,-1.28,0.0,1.28
2021-03-08,Cabai Rawit Hijau,7,2,-1.28,0.0,1.28
2021-03-08,Cabai Rawit Hijau,7,3,-1.28,0.0,1.28
2021-03-08,Cabai Rawit Hijau,14,1,-1.28,0.0,1.28
2021-03-08,Cabai Rawit Hijau,14,2,-1.28,0.0,1.28
2021-03-08,Cabai Rawit Hijau,14,3,-1.28,0.0,1.28
2021-03-15,Cabai Rawit Hijau,7,1,-1.28,0.0,1.28
2021-03-15,Cabai Rawit Hijau,7,2,-1.28,0.0,1.28
2021-03-15,Cabai Rawit Hijau,7,3,-1.28,0.0,1.28
2021-03-15,Cabai Rawit Hijau,14,1,-1.28,0.0,1.28
2021-03-15,Cabai Rawit Hijau,14,2,-1.28,0.0,1.28
2021-03-15,Cabai Rawit Hijau,14,3,-1.28,0.0,1.28
2021-03-22,Cabai Rawit Hijau,7,1,-1.28,0.0,1.28
2021-03-22,Cabai Rawit Hijau,7,2,-1.28,0.0,1.28
2021-03-22,Cabai Rawit Hijau,7,3,-1.28,0.0,1.28
2021-03-22,Cabai Rawit Hijau,14,1,-1.28,0.0,1.28
2021-03-22,Cabai Rawit Hijau,14,2,-1.28,0.0,1.28
2021-03-22,Cabai Rawit Hijau,14,3,-1.28,0.0,1.28
2021-03-29,Cabai Rawit Hijau,7,1,-1.28,0.0,1.28
2021-03-29,Cabai Rawit Hijau,7,2,-1.28,0.0,1.28
2021-03-29,Cabai Rawit Hijau,7,3,-1.28,0.0,1.28
2021-03-29,Cabai Rawit Hijau,14,1,-1.28,0.0,1.28
2021-03-29,Cabai Rawit Hijau,14,2,-1.28,0.0,1.28
2021-03-29,Cabai Rawit Hijau,14,3,-1.28,0.0,1.28
2021-04-05,Cabai Rawit Hijau,7,1,-1.28,0.0,1.28
2021-04-05,Cabai Rawit Hijau,7,2,-1.28,0.0,1.28
2021-04-05,Cabai Rawit Hijau,7,3,-1.28,0.0,1.28
2021-04-05,Cabai Rawit Hijau,14,1,-1.28,0.0,1.28
2021-04-05,Cabai Rawit Hijau,14,2,-1.28,0.0,1.28
2021-04-05,Cabai Rawit Hijau,14,3,-1.28,0.0,1.28
2021-04-12,Cabai Rawit Hijau,7,1,-1.28,0.0,1.28
2021-04-12,Cabai Rawit Hijau,7,2,-1.28,0.0,1.28
2021-04-12,Cabai Rawit Hijau,7,3,-1.28,0.0,1.28
2021-04-12,Cabai Rawit Hijau,14,1,-1.28,0.0,1.28
2021-04-12,Cabai Rawit Hijau,14,2,-1.28,0.0,1.28
2021-04-12,Cabai Rawit Hijau,14,3,-1.28,0.0,1.28
2021-04-19,Cabai Rawit Hijau,7,1,-1.28,0.0,1.28
2021-04-19,Cabai Rawit Hijau,7,2,-1.28,0.0,1.28
2021-04-19,Cabai Rawit Hijau,7,3,-1.28,0.0,1.28
2021-04-19,Cabai Rawit Hijau,14,1,-1.28,0.0,1.28
2021-04-19,Cabai Rawit Hijau,14,2,-1.28,0.0,1.28
2021-04-19,Cabai Rawit Hijau,14,3,-1.28,0.0,1.28
2021-04-26,Cabai Rawit Hijau,7,1,-1.28,0.0,1.28
2021-04-26,Cabai Rawit Hijau,7,2,-1.28,0.0,1.28
2021-04-26,Cabai Rawit Hijau,7,3,-1.28,0.0,1.28
2021-04-26,Cabai Rawit Hijau,14,1,-1.28,0.0,1.28
2021-04-26,Cabai Rawit Hijau,14,2,-1.28,0.0,1.28
2021-04-26,Cabai Rawit Hijau,14,3,-1.28,0.0,1.28
2021-05-03,Cabai Rawit Hijau,7,1,-1.28,0.0,1.28
2021-05-03,Cabai Rawit Hijau,7,2,-1.28,0.0,1.28
2021-05-03,Cabai Rawit Hijau,7,3,-1.28,0.0,1.28
2021-05-03,Cabai Rawit Hijau,14,1,-1.28,0.0,1.28
2021-05-03,Cabai Rawit Hijau,14,2,-1.28,0.0,1.28
2021-05-03,Cabai Rawit Hijau,14,3,-1.28,0.0,1.28
2021-05-10,Cabai Rawit Hijau,7,1,-1.28,0.0,1.28
2021-05-10,Cabai Rawit Hijau,7,2,-1.28,0.0,1.28
2021-05-10,Cabai Rawit Hijau,7,3,-1.28,0.0,1.28
2021-05-10,Cabai Rawit Hijau,14,1,-1.28,0.0,1.28
2021-05-10,Cabai Rawit Hijau,14,2,-1.28,0.0,1.28
2021-05-10,Cabai Rawit Hijau,14,3,-1.28,0.0,1.28
2021-05-17,Cabai Rawit Hijau,7,1,-1.28,0.0,1.28
2021-05-17,Cabai Rawit Hijau,7,2,-1.28,0.0,1.28
2021-05-17,Cabai Rawit Hijau,7,3,-1.28,0.0,1.28
2021-05-17,Cabai Rawit Hijau,14,1,-1.28,0.0,1.28
2021-05-17,Cabai Rawit Hijau,14,2,-1.28,0.0,1.28
2021-05-17,Cabai Rawit Hijau,14,3,-1.28,0.0,1.28
2021-05-24,Cabai Rawit Hijau,7,1,-1.28,0.0,1.28
2021-05-24,Cabai Rawit Hijau,7,2,-1.28,0.0,1.28
2021-05-24,Cabai Rawit Hijau,7,3,-1.28,0.0,1.28
2021-05-24,Cabai Rawit Hijau,14,1,-1.28,0.0,1.28
2021-05-24,Cabai Rawit Hijau,14,2,-1.28,0.0,1.28
2021-05-24,Cabai Rawit Hijau,14,3,-1.28,0.0,1.28
2021-05-31,Cabai Rawit Hijau,7,1,-1.28,0.0,1.28
2021-05-31,Cabai Rawit Hijau,7,2,-1.28,0.0,1.28
2021-05-31,Cabai Rawit Hijau,7,3,-1.28,0.0,1.28
2021-05-31,Cabai Rawit Hijau,14,1,-1.28,0.0,1.28
2021-05-31,Cabai Rawit Hijau,14,2,-1.28,0.0,1.28
2021-05-31,Cabai Rawit Hijau,14,3,-1.28,0.0,1.28
2021-06-07,Cabai Rawit Hijau,7,1,-1.28,0.0,1.28
2021-06-07,Cabai Rawit Hijau,7,2,-1.28,0.0,1.28
2021-06-07,Cabai Rawit Hijau,7,3,-1.28,0.0,1.28
2021-06-07,Cabai Rawit Hijau,14,1,-1.28,0.0,1.28
2021-06-07,Cabai Rawit Hijau,14,2,-1.28,0.0,1.28
2021-06-07,Cabai Rawit Hijau,14,3,-1.28,0.0,1.28
2021-06-14,Cabai Rawit Hijau,7,1,-1.28,0.0,1.28
2021-06-14,Cabai Rawit Hijau,7,2,-1.28,0.0,1.28
2021-06-14,Cabai Rawit Hijau,7,3,-1.28,0.0,1.28
2021-06-14,Cabai Rawit Hijau,14,1,-1.28,0.0,1.28
2021-06-14,Cabai Rawit Hijau,14,2,-1.28,0.0,1.28
2021-06-14,Cabai Rawit Hijau,14,3,-1.28,0.0,1.28
2021-06-21,Cabai Rawit Hijau,7,1,-1.28,0.0,1.28
2021-06-21,Cabai Rawit Hijau,7,2,-1.28,0.0,1.28
2021-06-21,Cabai Rawit Hijau,7,3,-1.28,0.0,1.28
2021-06-21,Cabai Rawit Hijau,14,1,-1.28,0.0,1.28
2021-06-21,Cabai Rawit Hijau,14,2,-1.28,0.0,1.28
2021-06-21,Cabai Rawit Hijau,14,3,-1.28,0.0,1.28
2021-06-28,Cabai Rawit Hijau,7,1,-1.28,0.0,1.28
2021-06-28,Cabai Rawit Hijau,7,2,-1.28,0.0,1.28
2021-06-28,Cabai Rawit Hijau,7,3,-1.28,0.0,1.28
2021-06-28,Cabai Rawit Hijau,14,1,-1.28,0.0,1.28
2021-06-28,Cabai Rawit Hijau,14,2,-1.28,0.0,1.28
2021-06-28,Cabai Rawit Hijau,14,3,-1.28,0.0,1.28
2021-07-05,Cabai Rawit Hijau,7,1,-1.28,0.0,1.28
2021-07-05,Cabai Rawit Hijau,7,2,-1.28,0.0,1.28
2021-07-05,Cabai Rawit Hijau,7,3,-1.28,0.0,1.28
2021-07-05,Cabai Rawit Hijau,14,1,-1.28,0.0,1.28
2021-07-05,Cabai Rawit Hijau,14,2,-1.28,0.0,1.28
2021-07-05,Cabai Rawit Hijau,14,3,-1.28,0.0,1.28
2021-07-12,Cabai Rawit Hijau,7,1,-1.28,0.0,1.28
2021-07-12,Cabai Rawit Hijau,7,2,-1.28,0.0,1.28
2021-07-12,Cabai Rawit Hijau,7,3,-1.28,0.0,1.28
2021-07-12,Cabai Rawit Hijau,14,1,-1.28,0.0,1.28
2021-07-12,Cabai Rawit Hijau,14,2,-1.28,0.0,1.28
2021-07-12,Cabai Rawit Hijau,14,3,-1.28,0.0,1.28
2021-07-19,Cabai Rawit Hijau,7,1,-1.28,0.0,1.28
2021-07-19,Cabai Rawit Hijau,7,2,-1.28,0.0,1.28
2021-07-19,Cabai Rawit Hijau,7,3,-1.28,0.0,1.28
2021-07-19,Cabai Rawit Hijau,14,1,-1.28,0.0,1.28
2021-07-19,Cabai Rawit Hijau,14,2,-1.28,0.0,1.28
2021-07-19,Cabai Rawit Hijau,14,3,-1.28,0.0,1.28
2021-07-26,Cabai Rawit Hijau,7,1,-1.28,0.0,1.28
2021-07-26,Cabai Rawit Hijau,7,2,-1.28,0.0,1.28
2021-07-26,Cabai Rawit Hijau,7,3,-1.28,0.0,1.28
2021-07-26,Cabai Rawit Hijau,14,1,-1.28,0.0,1.28
2021-07-26,Cabai Rawit Hijau,14,2,-1.28,0.0,1.28
2021-07-26,Cabai Rawit Hijau,14,3,-1.28,0.0,1.28
2021-08-02,Cabai Rawit Hijau,7,1,-1.28,0.0,1.28
2021-08-02,Cabai Rawit Hijau,7,2,-1.28,0.0,1.28
2021-08-02,Cabai Rawit Hijau,7,3,-1.28,0.0,1.28
2021-08-02,Cabai Rawit Hijau,14,1,-1.28,0.0,1.28
2021-08-02,Cabai Rawit Hijau,14,2,-1.28,0.0,1.28
2021-08-02,Cabai Rawit Hijau,14,3,-1.28,0.0,1.28
2021-08-09,Cabai Rawit Hijau,7,1,-1.28,0.0,1.28
2021-08-09,Cabai Rawit Hijau,7,2,-1.28,0.0,1.28
2021-08-09,Cabai Rawit Hijau,7,3,-1.28,0.0,1.28
2021-08-09,Cabai Rawit Hijau,14,1,-1.28,0.0,1.28
2021-08-09,Cabai Rawit Hijau,14,2,-1.28,0.0,1.28
2021-08-09,Cabai Rawit Hijau,14,3,-1.28,0.0,1.28
2021-08-16,Cabai Rawit Hijau,7,1,-1.28,0.0,1.28
2021-08-16,Cabai Rawit Hijau,7,2,-1.28,0.0,1.28
2021-08-16,Cabai Rawit Hijau,7,3,-1.28,0.0,1.28
2021-08-16,Cabai Rawit Hijau,14,1,-1.28,0.0,1.28
2021-08-16,Cabai Rawit Hijau,14,2,-1.28,0.0,1.28
2021-08-16,Cabai Rawit Hijau,14,3,-1.28,0.0,1.28
2021-08-23,Cabai Rawit Hijau,7,1,-1.28,0.0,1.28
2021-08-23,Cabai Rawit Hijau,7,2,-1.28,0.0,1.28
2021-08-23,Cabai Rawit Hijau,7,3,-1.28,0.0,1.28
2021-08-23,Cabai Rawit Hijau,14,1,-1.28,0.0,1.28
2021-08-23,Cabai Rawit Hijau,14,2,-1.28,0.0,1.28
2021-08-23,Cabai Rawit Hijau,14,3,-1.28,0.0,1.28
2021-08-30,Cabai Rawit Hijau,7,1,-1.28,0.0,1.28
2021-08-30,Cabai Rawit Hijau,7,2,-1.28,0.0,1.28
2021-08-30,Cabai Rawit Hijau,7,3,-1.28,0.0,1.28
2021-08-30,Cabai Rawit Hijau,14,1,-1.28,0.0,1.28
2021-08-30,Cabai Rawit Hijau,14,2,-1.28,0.0,1.28
2021-08-30,Cabai Rawit Hijau,14,3,-1.28,0.0,1.28
2021-09-06,Cabai Rawit Hijau,7,1,-1.28,0.0,1.28
2021-09-06,Cabai Rawit Hijau,7,2,-1.28,0.0,1.28
2021-09-06,Cabai Rawit Hijau,7,3,-1.28,0.0,1.28
2021-09-06,Cabai Rawit Hijau,14,1,-1.28,0.0,1.28
2021-09-06,Cabai Rawit Hijau,14,2,-1.28,0.0,1.28
2021-09-06,Cabai Rawit Hijau,14,3,-1.28,0.0,1.28
2021-09-13,Cabai Rawit Hijau,7,1,-1.28,0.0,1.28
2021-09-13,Cabai Rawit Hijau,7,2,-1.28,0.0,1.28
2021-09-13,Cabai Rawit Hijau,7,3,-1.28,0.0,1.28
2021-09-13,Cabai Rawit Hijau,14,1,-1.28,0.0,1.28
2021-09-13,Cabai Rawit Hijau,14,2,-1.28,0.0,1.28
2021-09-13,Cabai Rawit Hijau,14,3,-1.28,0.0,1.28
2021-09-20,Cabai Rawit Hijau,7,1,-1.28,0.0,1.28
2021-09-20,Cabai Rawit Hijau,7,2,-1.28,0.0,1.28
2021-09-20,Cabai Rawit Hijau,7,3,-1.28,0.0,1.28
2021-09-20,Cabai Rawit Hijau,14,1,-1.28,0.0,1.28
2021-09-20,Cabai Rawit Hijau,14,2,-1.28,0.0,1.28
2021-09-20,Cabai Rawit Hijau,14,3,-1.28,0.0,1.28
2021-09-27,Cabai Rawit Hijau,7,1,-1.28,0.0,1.28
2021-09-27,Cabai Rawit Hijau,7,2,-1.28,0.0,1.28
2021-09-27,Cabai Rawit Hijau,7,3,-1.28,0.0,1.28
2021-09-27,Cabai Rawit Hijau,14,1,-1.28,0.0,1.28
2021-09-27,Cabai Rawit Hijau,14,2,-1.28,0.0,1.28
2021-09-27,Cabai Rawit Hijau,14,3,-1.28,0.0,1.28
2021-10-04,Cabai Rawit Hijau,7,1,-1.28,0.0,1.28
2021-10-04,Cabai Rawit Hijau,7,2,-1.28,0.0,1.28
2021-10-04,Cabai Rawit Hijau,7,3,-1.28,0.0,1.28
2021-10-04,Cabai Rawit Hijau,14,1,-1.28,0.0,1.28
2021-10-04,Cabai Rawit Hijau,14,2,-1.28,0.0,1.28
2021-10-04,Cabai Rawit Hijau,14,3,-1.28,0.0,1.28
2021-10-11,Cabai Rawit Hijau,7,1,-1.28,0.0,1.28
2021-10-11,Cabai Rawit Hijau,7,2,-1.28,0.0,1.28
2021-10-11,Cabai Rawit Hijau,7,3,-1.28,0.0,1.28
2021-10-11,Cabai Rawit Hijau,14,1,-1.28,0.0,1.28
2021-10-11,Cabai Rawit Hijau,14,2,-1.28,0.0,1.28
2021-10-11,Cabai Rawit Hijau,14,3,-1.28,0.0,1.28
2021-10-25,Cabai Rawit Hijau,7,1,-1.28,0.0,1.28
2021-10-25,Cabai Rawit Hijau,7,2,-1.28,0.0,1.28
2021-10-25,Cabai Rawit Hijau,7,3,-1.28,0.0,1.28
2021-10-25,Cabai Rawit Hijau,14,1,-1.28,0.0,1.28
2021-10-25,Cabai Rawit Hijau,14,2,-1.28,0.0,1.28
2021-10-25,Cabai Rawit Hijau,14,3,-1.28,0.0,1.28
2021-11-01,Cabai Rawit Hijau,7,1,-1.28,0.0,1.28
2021-11-01,Cabai Rawit Hijau,7,2,-1.28,0.0,1.28
2021-11-01,Cabai Rawit Hijau,7,3,-1.28,0.0,1.28
2021-11-01,Cabai Rawit Hijau,14,1,-1.28,0.0,1.28
2021-11-01,Cabai Rawit Hijau,14,2,-1.28,0.0,1.28
2021-11-01,Cabai Rawit Hijau,14,3,-1.28,0.0,1.28
2021-11-08,Cabai Rawit Hijau,7,1,-1.28,0.0,1.28
2021-11-08,Cabai Rawit Hijau,7,2,-1.28,0.0,1.28
2021-11-08,Cabai Rawit Hijau,7,3,-1.28,0.0,1.28
2021-11-08,Cabai Rawit Hijau,14,1,-1.28,0.0,1.28
2021-11-08,Cabai Rawit Hijau,14,2,-1.28,0.0,1.28
2021-11-08,Cabai Rawit Hijau,14,3,-1.28,0.0,1.28
2021-11-15,Cabai Rawit Hijau,7,1,-1.28,0.0,1.28
2021-11-15,Cabai Rawit Hijau,7,2,-1.28,0.0,1.28
2021-11-15,Cabai Rawit Hijau,7,3,-1.28,0.0,1.28
2021-11-15,Cabai Rawit Hijau,14,1,-1.28,0.0,1.28
2021-11-15,Cabai Rawit Hijau,14,2,-1.28,0.0,1.28
2021-11-15,Cabai Rawit Hijau,14,3,-1.28,0.0,1.28
2021-11-22,Cabai Rawit Hijau,7,1,-1.28,0.0,1.28
2021-11-22,Cabai Rawit Hijau,7,2,-1.28,0.0,1.28
2021-11-22,Cabai Rawit Hijau,7,3,-1.28,0.0,1.28
2021-11-22,Cabai Rawit Hijau,14,1,-1.28,0.0,1.28
2021-11-22,Cabai Rawit Hijau,14,2,-1.28,0.0,1.28
2021-11-22,Cabai Rawit Hijau,14,3,-1.28,0.0,1.28
2021-11-29,Cabai Rawit Hijau,7,1,-1.28,0.0,1.28
2021-11-29,Cabai Rawit Hijau,7,2,-1.28,0.0,1.28
2021-11-29,Cabai Rawit Hijau,7,3,-1.28,0.0,1.28
2021-11-29,Cabai Rawit Hijau,14,1,-1.28,0.0,1.28
2021-11-29,Cabai Rawit Hijau,14,2,-1.28,0.0,1.28
2021-11-29,Cabai Rawit Hijau,14,3,-1.28,0.0,1.28
2021-12-06,Cabai Rawit Hijau,7,1,-1.28,0.0,1.28
2021-12-06,Cabai Rawit Hijau,7,2,-1.28,0.0,1.28
2021-12-06,Cabai Rawit Hijau,7,3,-1.28,0.0,1.28
2021-12-06,Cabai Rawit Hijau,14,1,-1.28,0.0,1.28
2021-12-06,Cabai Rawit Hijau,14,2,-1.28,0.0,1.28
2021-12-06,Cabai Rawit Hijau,14,3,-1.28,0.0,1.28
2021-12-13,Cabai Rawit Hijau,7,1,-1.28,0.0,1.28
2021-12-13,Cabai Rawit Hijau,7,2,-1.28,0.0,1.28
2021-12-13,Cabai Rawit Hijau,7,3,-1.28,0.0,1.28
2021-12-13,Cabai Rawit Hijau,14,1,-1.28,0.0,1.28
2021-12-13,Cabai Rawit Hijau,14,2,-1.28,0.0,1.28
2021-12-13,Cabai Rawit Hijau,14,3,-1.28,0.0,1.28
2021-12-20,Cabai Rawit Hijau,7,1,-1.28,0.0,1.28
2021-12-20,Cabai Rawit Hijau,7,2,-1.28,0.0,1.28
2021-12-20,Cabai Rawit Hijau,7,3,-1.28,0.0,1.28
2021-12-20,Cabai Rawit Hijau,14,1,-1.28,0.0,1.28
2021-12-20,Cabai Rawit Hijau,14,2,-1.28,0.0,1.28
2021-12-20,Cabai Rawit Hijau,14,3,-1.28,0.0,1.28
2021-12-27,Cabai Rawit Hijau,7,1,-1.28,0.0,1.28
2021-12-27,Cabai Rawit Hijau,7,2,-1.28,0.0,1.28
2021-12-27,Cabai Rawit Hijau,7,3,-1.28,0.0,1.28
2021-12-27,Cabai Rawit Hijau,14,1,-1.28,0.0,1.28
2021-12-27,Cabai Rawit Hijau,14,2,-1.28,0.0,1.28
2021-12-27,Cabai Rawit Hijau,14,3,-1.28,0.0,1.28
2022-01-03,Cabai Rawit Hijau,7,1,-1.28,0.0,1.28
2022-01-03,Cabai Rawit Hijau,7,2,-1.28,0.0,1.28
2022-01-03,Cabai Rawit Hijau,7,3,-1.28,0.0,1.28
2022-01-03,Cabai Rawit Hijau,14,1,-1.28,0.0,1.28
2022-01-03,Cabai Rawit Hijau,14,2,-1.28,0.0,1.28
2022-01-03,Cabai Rawit Hijau,14,3,-1.28,0.0,1.28
2022-01-10,Cabai Rawit Hijau,7,1,-1.28,0.0,1.28
2022-01-10,Cabai Rawit Hijau,7,2,-1.28,0.0,1.28
2022-01-10,Cabai Rawit Hijau,7,3,-1.28,0.0,1.28
2022-01-10,Cabai Rawit Hijau,14,1,-1.28,0.0,1.28
2022-01-10,Cabai Rawit Hijau,14,2,-1.28,0.0,1.28
2022-01-10,Cabai Rawit Hijau,14,3,-1.28,0.0,1.28
2022-01-17,Cabai Rawit Hijau,7,1,-1.28,0.0,1.28
2022-01-17,Cabai Rawit Hijau,7,2,-1.28,0.0,1.28
2022-01-17,Cabai Rawit Hijau,7,3,-1.28,0.0,1.28
2022-01-17,Cabai Rawit Hijau,14,1,-1.28,0.0,1.28
2022-01-17,Cabai Rawit Hijau,14,2,-1.28,0.0,1.28
2022-01-17,Cabai Rawit Hijau,14,3,-1.28,0.0,1.28
2022-01-24,Cabai Rawit Hijau,7,1,-1.28,0.0,1.28
2022-01-24,Cabai Rawit Hijau,7,2,-1.28,0.0,1.28
2022-01-24,Cabai Rawit Hijau,7,3,-1.28,0.0,1.28
2022-01-24,Cabai Rawit Hijau,14,1,-1.28,0.0,1.28
2022-01-24,Cabai Rawit Hijau,14,2,-1.28,0.0,1.28
2022-01-24,Cabai Rawit Hijau,14,3,-1.28,0.0,1.28
2022-01-31,Cabai Rawit Hijau,7,1,-1.28,0.0,1.28
2022-01-31,Cabai Rawit Hijau,7,2,-1.28,0.0,1.28
2022-01-31,Cabai Rawit Hijau,7,3,-1.28,0.0,1.28
2022-01-31,Cabai Rawit Hijau,14,1,-1.28,0.0,1.28
2022-01-31,Cabai Rawit Hijau,14,2,-1.28,0.0,1.28
2022-01-31,Cabai Rawit Hijau,14,3,-1.28,0.0,1.28
2022-02-07,Cabai Rawit Hijau,7,1,-1.28,0.0,1.28
2022-02-07,Cabai Rawit Hijau,7,2,-1.28,0.0,1.28
2022-02-07,Cabai Rawit Hijau,7,3,-1.28,0.0,1.28
2022-02-07,Cabai Rawit Hijau,14,1,-1.28,0.0,1.28
2022-02-07,Cabai Rawit Hijau,14,2,-1.28,0.0,1.28
2022-02-07,Cabai Rawit Hijau,14,3,-1.28,0.0,1.28
2022-02-14,Cabai Rawit Hijau,7,1,-1.28,0.0,1.28
2022-02-14,Cabai Rawit Hijau,7,2,-1.28,0.0,1.28
2022-02-14,Cabai Rawit Hijau,7,3,-1.28,0.0,1.28
2022-02-14,Cabai Rawit Hijau,14,1,-1.28,0.0,1.28
2022-02-14,Cabai Rawit Hijau,14,2,-1.28,0.0,1.28
2022-02-14,Cabai Rawit Hijau,14,3,-1.28,0.0,1.28
2022-02-21,Cabai Rawit Hijau,7,1,-1.28,0.0,1.28
2022-02-21,Cabai Rawit Hijau,7,2,-1.28,0.0,1.28
2022-02-21,Cabai Rawit Hijau,7,3,-1.28,0.0,1.28
2022-02-21,Cabai Rawit Hijau,14,1,-1.28,0.0,1.28
2022-02-21,Cabai Rawit Hijau,14,2,-1.28,0.0,1.28
2022-02-21,Cabai Rawit Hijau,14,3,-1.28,0.0,1.28
2022-02-28,Cabai Rawit Hijau,7,1,-1.28,0.0,1.28
2022-02-28,Cabai Rawit Hijau,7,2,-1.28,0.0,1.28
2022-02-28,Cabai Rawit Hijau,7,3,-1.28,0.0,1.28
2022-02-28,Cabai Rawit Hijau,14,1,-1.28,0.0,1.28
2022-02-28,Cabai Rawit Hijau,14,2,-1.28,0.0,1.28
2022-02-28,Cabai Rawit Hijau,14,3,-1.28,0.0,1.28
2022-03-07,Cabai Rawit Hijau,7,1,-1.28,0.0,1.28
2022-03-07,Cabai Rawit Hijau,7,2,-1.28,0.0,1.28
2022-03-07,Cabai Rawit Hijau,7,3,-1.28,0.0,1.28
2022-03-07,Cabai Rawit Hijau,14,1,-1.28,0.0,1.28
2022-03-07,Cabai Rawit Hijau,14,2,-1.28,0.0,1.28
2022-03-07,Cabai Rawit Hijau,14,3,-1.28,0.0,1.28
2022-03-14,Cabai Rawit Hijau,7,1,-1.28,0.0,1.28
2022-03-14,Cabai Rawit Hijau,7,2,-1.28,0.0,1.28
2022-03-14,Cabai Rawit Hijau,7,3,-1.28,0.0,1.28
2022-03-14,Cabai Rawit Hijau,14,1,-1.28,0.0,1.28
2022-03-14,Cabai Rawit Hijau,14,2,-1.28,0.0,1.28
2022-03-14,Cabai Rawit Hijau,14,3,-1.28,0.0,1.28
2022-03-21,Cabai Rawit Hijau,7,1,-1.28,0.0,1.28
2022-03-21,Cabai Rawit Hijau,7,2,-1.28,0.0,1.28
2022-03-21,Cabai Rawit Hijau,7,3,-1.28,0.0,1.28
2022-03-21,Cabai Rawit Hijau,14,1,-1.28,0.0,1.28
2022-03-21,Cabai Rawit Hijau,14,2,-1.28,0.0,1.28
2022-03-21,Cabai Rawit Hijau,14,3,-1.28,0.0,1.28
2022-03-28,Cabai Rawit Hijau,7,1,-1.28,0.0,1.28
2022-03-28,Cabai Rawit Hijau,7,2,-1.28,0.0,1.28
2022-03-28,Cabai Rawit Hijau,7,3,-1.28,0.0,1.28
2022-03-28,Cabai Rawit Hijau,14,1,-1.28,0.0,1.28
2022-03-28,Cabai Rawit Hijau,14,2,-1.28,0.0,1.28
2022-03-28,Cabai Rawit Hijau,14,3,-1.28,0.0,1.28
2022-04-04,Cabai Rawit Hijau,7,1,-1.28,0.0,1.28
2022-04-04,Cabai Rawit Hijau,7,2,-1.28,0.0,1.28
2022-04-04,Cabai Rawit Hijau,7,3,-1.28,0.0,1.28
2022-04-04,Cabai Rawit Hijau,14,1,-1.28,0.0,1.28
2022-04-04,Cabai Rawit Hijau,14,2,-1.28,0.0,1.28
2022-04-04,Cabai Rawit Hijau,14,3,-1.28,0.0,1.28
2022-04-11,Cabai Rawit Hijau,7,1,-1.28,0.0,1.28
2022-04-11,Cabai Rawit Hijau,7,2,-1.28,0.0,1.28
2022-04-11,Cabai Rawit Hijau,7,3,-1.28,0.0,1.28
2022-04-11,Cabai Rawit Hijau,14,1,-1.28,0.0,1.28
2022-04-11,Cabai Rawit Hijau,14,2,-1.28,0.0,1.28
2022-04-11,Cabai Rawit Hijau,14,3,-1.28,0.0,1.28
2022-04-18,Cabai Rawit Hijau,7,1,-1.28,0.0,1.28
2022-04-18,Cabai Rawit Hijau,7,2,-1.28,0.0,1.28
2022-04-18,Cabai Rawit Hijau,7,3,-1.28,0.0,1.28
2022-04-18,Cabai Rawit Hijau,14,1,-1.28,0.0,1.28
2022-04-18,Cabai Rawit Hijau,14,2,-1.28,0.0,1.28
2022-04-18,Cabai Rawit Hijau,14,3,-1.28,0.0,1.28
2022-04-25,Cabai Rawit Hijau,7,1,-1.28,0.0,1.28
2022-04-25,Cabai Rawit Hijau,7,2,-1.28,0.0,1.28
2022-04-25,Cabai Rawit Hijau,7,3,-1.28,0.0,1.28
2022-04-25,Cabai Rawit Hijau,14,1,-1.28,0.0,1.28
2022-04-25,Cabai Rawit Hijau,14,2,-1.28,0.0,1.28
2022-04-25,Cabai Rawit Hijau,14,3,-1.28,0.0,1.28
2022-05-02,Cabai Rawit Hijau,7,1,-1.28,0.0,1.28
2022-05-02,Cabai Rawit Hijau,7,2,-1.28,0.0,1.28
2022-05-02,Cabai Rawit Hijau,7,3,-1.28,0.0,1.28
2022-05-02,Cabai Rawit Hijau,14,1,-1.28,0.0,1.28
2022-05-02,Cabai Rawit Hijau,14,2,-1.28,0.0,1.28
2022-05-02,Cabai Rawit Hijau,14,3,-1.28,0.0,1.28
2022-05-09,Cabai Rawit Hijau,7,1,-1.28,0.0,1.28
2022-05-09,Cabai Rawit Hijau,7,2,-1.28,0.0,1.28
2022-05-09,Cabai Rawit Hijau,7,3,-1.28,0.0,1.28
2022-05-09,Cabai Rawit Hijau,14,1,-1.28,0.0,1.28
2022-05-09,Cabai Rawit Hijau,14,2,-1.28,0.0,1.28
2022-05-09,Cabai Rawit Hijau,14,3,-1.28,0.0,1.28
2022-05-16,Cabai Rawit Hijau,7,1,-1.28,0.0,1.28
2022-05-16,Cabai Rawit Hijau,7,2,-1.28,0.0,1.28
2022-05-16,Cabai Rawit Hijau,7,3,-1.28,0.0,1.28
2022-05-16,Cabai Rawit Hijau,14,1,-1.28,0.0,1.28
2022-05-16,Cabai Rawit Hijau,14,2,-1.28,0.0,1.28
2022-05-16,Cabai Rawit Hijau,14,3,-1.28,0.0,1.28
2022-05-23,Cabai Rawit Hijau,7,1,-1.28,0.0,1.28
2022-05-23,Cabai Rawit Hijau,7,2,-1.28,0.0,1.28
2022-05-23,Cabai Rawit Hijau,7,3,-1.28,0.0,1.28
2022-05-23,Cabai Rawit Hijau,14,1,-1.28,0.0,1.28
2022-05-23,Cabai Rawit Hijau,14,2,-1.28,0.0,1.28
2022-05-23,Cabai Rawit Hijau,14,3,-1.28,0.0,1.28
2022-05-30,Cabai Rawit Hijau,7,1,-1.28,0.0,1.28
2022-05-30,Cabai Rawit Hijau,7,2,-1.28,0.0,1.28
2022-05-30,Cabai Rawit Hijau,7,3,-1.28,0.0,1.28
2022-05-30,Cabai Rawit Hijau,14,1,-1.28,0.0,1.28
2022-05-30,Cabai Rawit Hijau,14,2,-1.28,0.0,1.28
2022-05-30,Cabai Rawit Hijau,14,3,-1.28,0.0,1.28
2022-06-06,Cabai Rawit Hijau,7,1,-1.28,0.0,1.28
2022-06-06,Cabai Rawit Hijau,7,2,-1.28,0.0,1.28
2022-06-06,Cabai Rawit Hijau,7,3,-1.28,0.0,1.28
2022-06-06,Cabai Rawit Hijau,14,1,-1.28,0.0,1.28
2022-06-06,Cabai Rawit Hijau,14,2,-1.28,0.0,1.28
2022-06-06,Cabai Rawit Hijau,14,3,-1.28,0.0,1.28
2022-06-13,Cabai Rawit Hijau,7,1,-1.28,0.0,1.28
2022-06-13,Cabai Rawit Hijau,7,2,-1.28,0.0,1.28
2022-06-13,Cabai Rawit Hijau,7,3,-1.28,0.0,1.28
2022-06-13,Cabai Rawit Hijau,14,1,-1.28,0.0,1.28
2022-06-13,Cabai Rawit Hijau,14,2,-1.28,0.0,1.28
2022-06-13,Cabai Rawit Hijau,14,3,-1.28,0.0,1.28
2022-06-20,Cabai Rawit Hijau,7,1,-1.28,0.0,1.28
2022-06-20,Cabai Rawit Hijau,7,2,-1.28,0.0,1.28
2022-06-20,Cabai Rawit Hijau,7,3,-1.28,0.0,1.28
2022-06-20,Cabai Rawit Hijau,14,1,-1.28,0.0,1.28
2022-06-20,Cabai Rawit Hijau,14,2,-1.28,0.0,1.28
2022-06-20,Cabai Rawit Hijau,14,3,-1.28,0.0,1.28
2022-06-27,Cabai Rawit Hijau,7,1,-1.28,0.0,1.28
2022-06-27,Cabai Rawit Hijau,7,2,-1.28,0.0,1.28
2022-06-27,Cabai Rawit Hijau,7,3,-1.28,0.0,1.28
2022-06-27,Cabai Rawit Hijau,14,1,-1.28,0.0,1.28
2022-06-27,Cabai Rawit Hijau,14,2,-1.28,0.0,1.28
2022-06-27,Cabai Rawit Hijau,14,3,-1.28,0.0,1.28
2022-07-04,Cabai Rawit Hijau,7,1,-1.28,0.0,1.28
2022-07-04,Cabai Rawit Hijau,7,2,-1.28,0.0,1.28
2022-07-04,Cabai Rawit Hijau,7,3,-1.28,0.0,1.28
2022-07-04,Cabai Rawit Hijau,14,1,-1.28,0.0,1.28
2022-07-04,Cabai Rawit Hijau,14,2,-1.28,0.0,1.28
2022-07-04,Cabai Rawit Hijau,14,3,-1.28,0.0,1.28
2022-07-11,Cabai Rawit Hijau,7,1,-1.28,0.0,1.28
2022-07-11,Cabai Rawit Hijau,7,2,-1.28,0.0,1.28
2022-07-11,Cabai Rawit Hijau,7,3,-1.28,0.0,1.28
2022-07-11,Cabai Rawit Hijau,14,1,-1.28,0.0,1.28
2022-07-11,Cabai Rawit Hijau,14,2,-1.28,0.0,1.28
2022-07-11,Cabai Rawit Hijau,14,3,-1.28,0.0,1.28
2022-07-18,Cabai Rawit Hijau,7,1,-1.28,0.0,1.28
2022-07-18,Cabai Rawit Hijau,7,2,-1.28,0.0,1.28
2022-07-18,Cabai Rawit Hijau,7,3,-1.28,0.0,1.28
2022-07-18,Cabai Rawit Hijau,14,1,-1.28,0.0,1.28
2022-07-18,Cabai Rawit Hijau,14,2,-1.28,0.0,1.28
2022-07-18,Cabai Rawit Hijau,14,3,-1.28,0.0,1.28
2022-07-25,Cabai Rawit Hijau,7,1,-1.28,0.0,1.28
2022-07-25,Cabai Rawit Hijau,7,2,-1.28,0.0,1.28
2022-07-25,Cabai Rawit Hijau,7,3,-1.28,0.0,1.28
2022-07-25,Cabai Rawit Hijau,14,1,-1.28,0.0,1.28
2022-07-25,Cabai Rawit Hijau,14,2,-1.28,0.0,1.28
2022-07-25,Cabai Rawit Hijau,14,3,-1.28,0.0,1.28
2022-08-01,Cabai Rawit Hijau,7,1,-1.28,0.0,1.28
2022-08-01,Cabai Rawit Hijau,7,2,-1.28,0.0,1.28
2022-08-01,Cabai Rawit Hijau,7,3,-1.28,0.0,1.28
2022-08-01,Cabai Rawit Hijau,14,1,-1.28,0.0,1.28
2022-08-01,Cabai Rawit Hijau,14,2,-1.28,0.0,1.28
2022-08-01,Cabai Rawit Hijau,14,3,-1.28,0.0,1.28
2022-08-08,Cabai Rawit Hijau,7,1,-1.28,0.0,1.28
2022-08-08,Cabai Rawit Hijau,7,2,-1.28,0.0,1.28
2022-08-08,Cabai Rawit Hijau,7,3,-1.28,0.0,1.28
2022-08-08,Cabai Rawit Hijau,14,1,-1.28,0.0,1.28
2022-08-08,Cabai Rawit Hijau,14,2,-1.28,0.0,1.28
2022-08-08,Cabai Rawit Hijau,14,3,-1.28,0.0,1.28
2022-08-15,Cabai Rawit Hijau,7,1,-1.28,0.0,1.28
2022-08-15,Cabai Rawit Hijau,7,2,-1.28,0.0,1.28
2022-08-15,Cabai Rawit Hijau,7,3,-1.28,0.0,1.28
2022-08-15,Cabai Rawit Hijau,14,1,-1.28,0.0,1.28
2022-08-15,Cabai Rawit Hijau,14,2,-1.28,0.0,1.28
2022-08-15,Cabai Rawit Hijau,14,3,-1.28,0.0,1.28
2022-08-22,Cabai Rawit Hijau,7,1,-1.28,0.0,1.28
2022-08-22,Cabai Rawit Hijau,7,2,-1.28,0.0,1.28
2022-08-22,Cabai Rawit Hijau,7,3,-1.28,0.0,1.28
2022-08-22,Cabai Rawit Hijau,14,1,-1.28,0.0,1.28
2022-08-22,Cabai Rawit Hijau,14,2,-1.28,0.0,1.28
2022-08-22,Cabai Rawit Hijau,14,3,-1.28,0.0,1.28
2022-08-29,Cabai Rawit Hijau,7,1,-1.28,0.0,1.28
2022-08-29,Cabai Rawit Hijau,7,2,-1.28,0.0,1.28
2022-08-29,Cabai Rawit Hijau,7,3,-1.28,0.0,1.28
2022-08-29,Cabai Rawit Hijau,14,1,-1.28,0.0,1.28
2022-08-29,Cabai Rawit Hijau,14,2,-1.28,0.0,1.28
2022-08-29,Cabai Rawit Hijau,14,3,-1.28,0.0,1.28
2022-09-05,Cabai Rawit Hijau,7,1,-1.28,0.0,1.28
2022-09-05,Cabai Rawit Hijau,7,2,-1.28,0.0,1.28
2022-09-05,Cabai Rawit Hijau,7,3,-1.28,0.0,1.28
2022-09-05,Cabai Rawit Hijau,14,1,-1.28,0.0,1.28
2022-09-05,Cabai Rawit Hijau,14,2,-1.28,0.0,1.28
2022-09-05,Cabai Rawit Hijau,14,3,-1.28,0.0,1.28
2022-09-12,Cabai Rawit Hijau,7,1,-1.28,0.0,1.28
2022-09-12,Cabai Rawit Hijau,7,2,-1.28,0.0,1.28
2022-09-12,Cabai Rawit Hijau,7,3,-1.28,0.0,1.28
2022-09-12,Cabai Rawit Hijau,14,1,-1.28,0.0,1.28
2022-09-12,Cabai Rawit Hijau,14,2,-1.28,0.0,1.28
2022-09-12,Cabai Rawit Hijau,14,3,-1.28,0.0,1.28
2022-09-19,Cabai Rawit Hijau,7,1,-1.28,0.0,1.28
2022-09-19,Cabai Rawit Hijau,7,2,-1.28,0.0,1.28
2022-09-19,Cabai Rawit Hijau,7,3,-1.28,0.0,1.28
2022-09-19,Cabai Rawit Hijau,14,1,-1.28,0.0,1.28
2022-09-19,Cabai Rawit Hijau,14,2,-1.28,0.0,1.28
2022-09-19,Cabai Rawit Hijau,14,3,-1.28,0.0,1.28
2022-09-26,Cabai Rawit Hijau,7,1,-1.28,0.0,1.28
2022-09-26,Cabai Rawit Hijau,7,2,-1.28,0.0,1.28
2022-09-26,Cabai Rawit Hijau,7,3,-1.28,0.0,1.28
2022-09-26,Cabai Rawit Hijau,14,1,-1.28,0.0,1.28
2022-09-26,Cabai Rawit Hijau,14,2,-1.28,0.0,1.28
2022-09-26,Cabai Rawit Hijau,14,3,-1.28,0.0,1.28
2022-10-03,Cabai Rawit Hijau,7,1,-1.28,0.0,1.28
2022-10-03,Cabai Rawit Hijau,7,2,-1.28,0.0,1.28
2022-10-03,Cabai Rawit Hijau,7,3,-1.28,0.0,1.28
2022-10-03,Cabai Rawit Hijau,14,1,-1.28,0.0,1.28
2022-10-03,Cabai Rawit Hijau,14,2,-1.28,0.0,1.28
2022-10-03,Cabai Rawit Hijau,14,3,-1.28,0.0,1.28
2022-10-10,Cabai Rawit Hijau,7,1,-1.28,0.0,1.28
2022-10-10,Cabai Rawit Hijau,7,2,-1.28,0.0,1.28
2022-10-10,Cabai Rawit Hijau,7,3,-1.28,0.0,1.28
2022-10-10,Cabai Rawit Hijau,14,1,-1.28,0.0,1.28
2022-10-10,Cabai Rawit Hijau,14,2,-1.28,0.0,1.28
2022-10-10,Cabai Rawit Hijau,14,3,-1.28,0.0,1.28
2022-10-17,Cabai Rawit Hijau,7,1,-1.28,0.0,1.28
2022-10-17,Cabai Rawit Hijau,7,2,-1.28,0.0,1.28
2022-10-17,Cabai Rawit Hijau,7,3,-1.28,0.0,1.28
2022-10-17,Cabai Rawit Hijau,14,1,-1.28,0.0,1.28
2022-10-17,Cabai Rawit Hijau,14,2,-1.28,0.0,1.28
2022-10-17,Cabai Rawit Hijau,14,3,-1.28,0.0,1.28
2022-10-24,Cabai Rawit Hijau,7,1,-1.28,0.0,1.28
2022-10-24,Cabai Rawit Hijau,7,2,-1.28,0.0,1.28
2022-10-24,Cabai Rawit Hijau,7,3,-1.28,0.0,1.28
2022-10-24,Cabai Rawit Hijau,14,1,-1.28,0.0,1.28
2022-10-24,Cabai Rawit Hijau,14,2,-1.28,0.0,1.28
2022-10-24,Cabai Rawit Hijau,14,3,-1.28,0.0,1.28
2022-10-31,Cabai Rawit Hijau,7,1,-1.28,0.0,1.28
2022-10-31,Cabai Rawit Hijau,7,2,-1.28,0.0,1.28
2022-10-31,Cabai Rawit Hijau,7,3,-1.28,0.0,1.28
2022-10-31,Cabai Rawit Hijau,14,1,-1.28,0.0,1.28
2022-10-31,Cabai Rawit Hijau,14,2,-1.28,0.0,1.28
2022-10-31,Cabai Rawit Hijau,14,3,-1.28,0.0,1.28
2022-11-07,Cabai Rawit Hijau,7,1,-1.28,0.0,1.28
2022-11-07,Cabai Rawit Hijau,7,2,-1.28,0.0,1.28
2022-11-07,Cabai Rawit Hijau,7,3,-1.28,0.0,1.28
2022-11-07,Cabai Rawit Hijau,14,1,-1.28,0.0,1.28
2022-11-07,Cabai Rawit Hijau,14,2,-1.28,0.0,1.28
2022-11-07,Cabai Rawit Hijau,14,3,-1.28,0.0,1.28
2022-11-14,Cabai Rawit Hijau,7,1,-1.28,0.0,1.28
2022-11-14,Cabai Rawit Hijau,7,2,-1.28,0.0,1.28
2022-11-14,Cabai Rawit Hijau,7,3,-1.28,0.0,1.28
2022-11-14,Cabai Rawit Hijau,14,1,-1.28,0.0,1.28
2022-11-14,Cabai Rawit Hijau,14,2,-1.28,0.0,1.28
2022-11-14,Cabai Rawit Hijau,14,3,-1.28,0.0,1.28
2022-11-21,Cabai Rawit Hijau,7,1,-1.28,0.0,1.28
2022-11-21,Cabai Rawit Hijau,7,2,-1.28,0.0,1.28
2022-11-21,Cabai Rawit Hijau,7,3,-1.28,0.0,1.28
2022-11-21,Cabai Rawit Hijau,14,1,-1.28,0.0,1.28
2022-11-21,Cabai Rawit Hijau,14,2,-1.28,0.0,1.28
2022-11-21,Cabai Rawit Hijau,14,3,-1.28,0.0,1.28
2022-11-28,Cabai Rawit Hijau,7,1,-1.28,0.0,1.28
2022-11-28,Cabai Rawit Hijau,7,2,-1.28,0.0,1.28
2022-11-28,Cabai Rawit Hijau,7,3,-1.28,0.0,1.28
2022-11-28,Cabai Rawit Hijau,14,1,-1.28,0.0,1.28
2022-11-28,Cabai Rawit Hijau,14,2,-1.28,0.0,1.28
2022-11-28,Cabai Rawit Hijau,14,3,-1.28,0.0,1.28
2022-12-05,Cabai Rawit Hijau,7,1,-1.28,0.0,1.28
2022-12-05,Cabai Rawit Hijau,7,2,-1.28,0.0,1.28
2022-12-05,Cabai Rawit Hijau,7,3,-1.28,0.0,1.28
2022-12-05,Cabai Rawit Hijau,14,1,-1.28,0.0,1.28
2022-12-05,Cabai Rawit Hijau,14,2,-1.28,0.0,1.28
2022-12-05,Cabai Rawit Hijau,14,3,-1.28,0.0,1.28
2022-12-12,Cabai Rawit Hijau,7,1,-1.28,0.0,1.28
2022-12-12,Cabai Rawit Hijau,7,2,-1.28,0.0,1.28
2022-12-12,Cabai Rawit Hijau,7,3,-1.28,0.0,1.28
2022-12-12,Cabai Rawit Hijau,14,1,-1.28,0.0,1.28
2022-12-12,Cabai Rawit Hijau,14,2,-1.28,0.0,1.28
2022-12-12,Cabai Rawit Hijau,14,3,-1.28,0.0,1.28
2022-12-19,Cabai Rawit Hijau,7,1,-1.28,0.0,1.28
2022-12-19,Cabai Rawit Hijau,7,2,-1.28,0.0,1.28
2022-12-19,Cabai Rawit Hijau,7,3,-1.28,0.0,1.28
2022-12-19,Cabai Rawit Hijau,14,1,-1.28,0.0,1.28
2022-12-19,Cabai Rawit Hijau,14,2,-1.28,0.0,1.28
2022-12-19,Cabai Rawit Hijau,14,3,-1.28,0.0,1.28
2022-12-26,Cabai Rawit Hijau,7,1,-1.28,0.0,1.28
2022-12-26,Cabai Rawit Hijau,7,2,-1.28,0.0,1.28
2022-12-26,Cabai Rawit Hijau,7,3,-1.28,0.0,1.28
2022-12-26,Cabai Rawit Hijau,14,1,-1.28,0.0,1.28
2022-12-26,Cabai Rawit Hijau,14,2,-1.28,0.0,1.28
2022-12-26,Cabai Rawit Hijau,14,3,-1.28,0.0,1.28
2023-01-02,Cabai Rawit Hijau,7,1,-1.28,0.0,1.28
2023-01-02,Cabai Rawit Hijau,7,2,-1.28,0.0,1.28
2023-01-02,Cabai Rawit Hijau,7,3,-1.28,0.0,1.28
2023-01-02,Cabai Rawit Hijau,14,1,-1.28,0.0,1.28
2023-01-02,Cabai Rawit Hijau,14,2,-1.28,0.0,1.28
2023-01-02,Cabai Rawit Hijau,14,3,-1.28,0.0,1.28
2023-01-09,Cabai Rawit Hijau,7,1,-1.28,0.0,1.28
2023-01-09,Cabai Rawit Hijau,7,2,-1.28,0.0,1.28
2023-01-09,Cabai Rawit Hijau,7,3,-1.28,0.0,1.28
2023-01-09,Cabai Rawit Hijau,14,1,-1.28,0.0,1.28
2023-01-09,Cabai Rawit Hijau,14,2,-1.28,0.0,1.28
2023-01-09,Cabai Rawit Hijau,14,3,-1.28,0.0,1.28
2023-01-16,Cabai Rawit Hijau,7,1,-1.28,0.0,1.28
2023-01-16,Cabai Rawit Hijau,7,2,-1.28,0.0,1.28
2023-01-16,Cabai Rawit Hijau,7,3,-1.28,0.0,1.28
2023-01-16,Cabai Rawit Hijau,14,1,-1.28,0.0,1.28
2023-01-16,Cabai Rawit Hijau,14,2,-1.28,0.0,1.28
2023-01-16,Cabai Rawit Hijau,14,3,-1.28,0.0,1.28
2023-01-23,Cabai Rawit Hijau,7,1,-1.28,0.0,1.28
2023-01-23,Cabai Rawit Hijau,7,2,-1.28,0.0,1.28
2023-01-23,Cabai Rawit Hijau,7,3,-1.28,0.0,1.28
2023-01-23,Cabai Rawit Hijau,14,1,-1.28,0.0,1.28
2023-01-23,Cabai Rawit Hijau,14,2,-1.28,0.0,1.28
2023-01-23,Cabai Rawit Hijau,14,3,-1.28,0.0,1.28
2023-01-30,Cabai Rawit Hijau,7,1,-1.28,0.0,1.28
2023-01-30,Cabai Rawit Hijau,7,2,-1.28,0.0,1.28
2023-01-30,Cabai Rawit Hijau,7,3,-1.28,0.0,1.28
2023-01-30,Cabai Rawit Hijau,14,1,-1.28,0.0,1.28
2023-01-30,Cabai Rawit Hijau,14,2,-1.28,0.0,1.28
2023-01-30,Cabai Rawit Hijau,14,3,-1.28,0.0,1.28
2023-02-06,Cabai Rawit Hijau,7,1,-1.28,0.0,1.28
2023-02-06,Cabai Rawit Hijau,7,2,-1.28,0.0,1.28
2023-02-06,Cabai Rawit Hijau,7,3,-1.28,0.0,1.28
2023-02-06,Cabai Rawit Hijau,14,1,-1.28,0.0,1.28
2023-02-06,Cabai Rawit Hijau,14,2,-1.28,0.0,1.28
2023-02-06,Cabai Rawit Hijau,14,3,-1.28,0.0,1.28
2023-02-13,Cabai Rawit Hijau,7,1,-1.28,0.0,1.28
2023-02-13,Cabai Rawit Hijau,7,2,-1.28,0.0,1.28
2023-02-13,Cabai Rawit Hijau,7,3,-1.28,0.0,1.28
2023-02-13,Cabai Rawit Hijau,14,1,-1.28,0.0,1.28
2023-02-13,Cabai Rawit Hijau,14,2,-1.28,0.0,1.28
2023-02-13,Cabai Rawit Hijau,14,3,-1.28,0.0,1.28
2023-02-20,Cabai Rawit Hijau,7,1,-1.28,0.0,1.28
2023-02-20,Cabai Rawit Hijau,7,2,-1.28,0.0,1.28
2023-02-20,Cabai Rawit Hijau,7,3,-1.28,0.0,1.28
2023-02-20,Cabai Rawit Hijau,14,1,-1.28,0.0,1.28
2023-02-20,Cabai Rawit Hijau,14,2,-1.28,0.0,1.28
2023-02-20,Cabai Rawit Hijau,14,3,-1.28,0.0,1.28
2023-02-27,Cabai Rawit Hijau,7,1,-1.28,0.0,1.28
2023-02-27,Cabai Rawit Hijau,7,2,-1.28,0.0,1.28
2023-02-27,Cabai Rawit Hijau,7,3,-1.28,0.0,1.28
2023-02-27,Cabai Rawit Hijau,14,1,-1.28,0.0,1.28
2023-02-27,Cabai Rawit Hijau,14,2,-1.28,0.0,1.28
2023-02-27,Cabai Rawit Hijau,14,3,-1.28,0.0,1.28
2023-03-06,Cabai Rawit Hijau,7,1,-1.28,0.0,1.28
2023-03-06,Cabai Rawit Hijau,7,2,-1.28,0.0,1.28
2023-03-06,Cabai Rawit Hijau,7,3,-1.28,0.0,1.28
2023-03-06,Cabai Rawit Hijau,14,1,-1.28,0.0,1.28
2023-03-06,Cabai Rawit Hijau,14,2,-1.28,0.0,1.28
2023-03-06,Cabai Rawit Hijau,14,3,-1.28,0.0,1.28
2023-03-13,Cabai Rawit Hijau,7,1,-1.28,0.0,1.28
2023-03-13,Cabai Rawit Hijau,7,2,-1.28,0.0,1.28
2023-03-13,Cabai Rawit Hijau,7,3,-1.28,0.0,1.28
2023-03-13,Cabai Rawit Hijau,14,1,-1.28,0.0,1.28
2023-03-13,Cabai Rawit Hijau,14,2,-1.28,0.0,1.28
2023-03-13,Cabai Rawit Hijau,14,3,-1.28,0.0,1.28
2023-03-20,Cabai Rawit Hijau,7,1,-1.28,0.0,1.28
2023-03-20,Cabai Rawit Hijau,7,2,-1.28,0.0,1.28
2023-03-20,Cabai Rawit Hijau,7,3,-1.28,0.0,1.28
2023-03-20,Cabai Rawit Hijau,14,1,-1.28,0.0,1.28
2023-03-20,Cabai Rawit Hijau,14,2,-1.28,0.0,1.28
2023-03-20,Cabai Rawit Hijau,14,3,-1.28,0.0,1.28
2023-03-27,Cabai Rawit Hijau,7,1,-1.28,0.0,1.28
2023-03-27,Cabai Rawit Hijau,7,2,-1.28,0.0,1.28
2023-03-27,Cabai Rawit Hijau,7,3,-1.28,0.0,1.28
2023-03-27,Cabai Rawit Hijau,14,1,-1.28,0.0,1.28
2023-03-27,Cabai Rawit Hijau,14,2,-1.28,0.0,1.28
2023-03-27,Cabai Rawit Hijau,14,3,-1.28,0.0,1.28
2023-04-03,Cabai Rawit Hijau,7,1,-1.28,0.0,1.28
2023-04-03,Cabai Rawit Hijau,7,2,-1.28,0.0,1.28
2023-04-03,Cabai Rawit Hijau,7,3,-1.28,0.0,1.28
2023-04-03,Cabai Rawit Hijau,14,1,-1.28,0.0,1.28
2023-04-03,Cabai Rawit Hijau,14,2,-1.28,0.0,1.28
2023-04-03,Cabai Rawit Hijau,14,3,-1.28,0.0,1.28
2023-04-10,Cabai Rawit Hijau,7,1,-1.28,0.0,1.28
2023-04-10,Cabai Rawit Hijau,7,2,-1.28,0.0,1.28
2023-04-10,Cabai Rawit Hijau,7,3,-1.28,0.0,1.28
2023-04-10,Cabai Rawit Hijau,14,1,-1.28,0.0,1.28
2023-04-10,Cabai Rawit Hijau,14,2,-1.28,0.0,1.28
2023-04-10,Cabai Rawit Hijau,14,3,-1.28,0.0,1.28
2023-04-17,Cabai Rawit Hijau,7,1,-1.28,0.0,1.28
2023-04-17,Cabai Rawit Hijau,7,2,-1.28,0.0,1.28
2023-04-17,Cabai Rawit Hijau,7,3,-1.28,0.0,1.28
2023-04-17,Cabai Rawit Hijau,14,1,-1.28,0.0,1.28
2023-04-17,Cabai Rawit Hijau,14,2,-1.28,0.0,1.28
2023-04-17,Cabai Rawit Hijau,14,3,-1.28,0.0,1.28
2023-04-24,Cabai Rawit Hijau,7,1,-1.28,0.0,1.28
2023-04-24,Cabai Rawit Hijau,7,2,-1.28,0.0,1.28
2023-04-24,Cabai Rawit Hijau,7,3,-1.28,0.0,1.28
2023-04-24,Cabai Rawit Hijau,14,1,-1.28,0.0,1.28
2023-04-24,Cabai Rawit Hijau,14,2,-1.28,0.0,1.28
2023-04-24,Cabai Rawit Hijau,14,3,-1.28,0.0,1.28
2023-05-01,Cabai Rawit Hijau,7,1,-1.28,0.0,1.28
2023-05-01,Cabai Rawit Hijau,7,2,-1.28,0.0,1.28
2023-05-01,Cabai Rawit Hijau,7,3,-1.28,0.0,1.28
2023-05-01,Cabai Rawit Hijau,14,1,-1.28,0.0,1.28
2023-05-01,Cabai Rawit Hijau,14,2,-1.28,0.0,1.28
2023-05-01,Cabai Rawit Hijau,14,3,-1.28,0.0,1.28
2023-05-08,Cabai Rawit Hijau,7,1,-1.28,0.0,1.28
2023-05-08,Cabai Rawit Hijau,7,2,-1.28,0.0,1.28
2023-05-08,Cabai Rawit Hijau,7,3,-1.28,0.0,1.28
2023-05-08,Cabai Rawit Hijau,14,1,-1.28,0.0,1.28
2023-05-08,Cabai Rawit Hijau,14,2,-1.28,0.0,1.28
2023-05-08,Cabai Rawit Hijau,14,3,-1.28,0.0,1.28
2023-05-15,Cabai Rawit Hijau,7,1,-1.28,0.0,1.28
2023-05-15,Cabai Rawit Hijau,7,2,-1.28,0.0,1.28
2023-05-15,Cabai Rawit Hijau,7,3,-1.28,0.0,1.28
2023-05-15,Cabai Rawit Hijau,14,1,-1.28,0.0,1.28
2023-05-15,Cabai Rawit Hijau,14,2,-1.28,0.0,1.28
2023-05-15,Cabai Rawit Hijau,14,3,-1.28,0.0,1.28
2023-05-22,Cabai Rawit Hijau,7,1,-1.28,0.0,1.28
2023-05-22,Cabai Rawit Hijau,7,2,-1.28,0.0,1.28
2023-05-22,Cabai Rawit Hijau,7,3,-1.28,0.0,1.28
2023-05-22,Cabai Rawit Hijau,14,1,-1.28,0.0,1.28
2023-05-22,Cabai Rawit Hijau,14,2,-1.28,0.0,1.28
2023-05-22,Cabai Rawit Hijau,14,3,-1.28,0.0,1.28
2023-05-29,Cabai Rawit Hijau,7,1,-1.28,0.0,1.28
2023-05-29,Cabai Rawit Hijau,7,2,-1.28,0.0,1.28
2023-05-29,Cabai Rawit Hijau,7,3,-1.28,0.0,1.28
2023-05-29,Cabai Rawit Hijau,14,1,-1.28,0.0,1.28
2023-05-29,Cabai Rawit Hijau,14,2,-1.28,0.0,1.28
2023-05-29,Cabai Rawit Hijau,14,3,-1.28,0.0,1.28
2023-06-05,Cabai Rawit Hijau,7,1,-1.28,0.0,1.28
2023-06-05,Cabai Rawit Hijau,7,2,-1.28,0.0,1.28
2023-06-05,Cabai Rawit Hijau,7,3,-1.28,0.0,1.28
2023-06-05,Cabai Rawit Hijau,14,1,-1.28,0.0,1.28
2023-06-05,Cabai Rawit Hijau,14,2,-1.28,0.0,1.28
2023-06-05,Cabai Rawit Hijau,14,3,-1.28,0.0,1.28
2023-06-12,Cabai Rawit Hijau,7,1,-1.28,0.0,1.28
2023-06-12,Cabai Rawit Hijau,7,2,-1.28,0.0,1.28
2023-06-12,Cabai Rawit Hijau,7,3,-1.28,0.0,1.28
2023-06-12,Cabai Rawit Hijau,14,1,-1.28,0.0,1.28
2023-06-12,Cabai Rawit Hijau,14,2,-1.28,0.0,1.28
2023-06-12,Cabai Rawit Hijau,14,3,-1.28,0.0,1.28
2023-06-19,Cabai Rawit Hijau,7,1,-1.28,0.0,1.28
2023-06-19,Cabai Rawit Hijau,7,2,-1.28,0.0,1.28
2023-06-19,Cabai Rawit Hijau,7,3,-1.28,0.0,1.28
2023-06-19,Cabai Rawit Hijau,14,1,-1.28,0.0,1.28
2023-06-19,Cabai Rawit Hijau,14,2,-1.28,0.0,1.28
2023-06-19,Cabai Rawit Hijau,14,3,-1.28,0.0,1.28
2023-06-26,Cabai Rawit Hijau,7,1,-1.28,0.0,1.28
2023-06-26,Cabai Rawit Hijau,7,2,-1.28,0.0,1.28
2023-06-26,Cabai Rawit Hijau,7,3,-1.28,0.0,1.28
2023-06-26,Cabai Rawit Hijau,14,1,-1.28,0.0,1.28
2023-06-26,Cabai Rawit Hijau,14,2,-1.28,0.0,1.28
2023-06-26,Cabai Rawit Hijau,14,3,-1.28,0.0,1.28
2023-07-03,Cabai Rawit Hijau,7,1,-1.28,0.0,1.28
2023-07-03,Cabai Rawit Hijau,7,2,-1.28,0.0,1.28
2023-07-03,Cabai Rawit Hijau,7,3,-1.28,0.0,1.28
2023-07-03,Cabai Rawit Hijau,14,1,-1.28,0.0,1.28
2023-07-03,Cabai Rawit Hijau,14,2,-1.28,0.0,1.28
2023-07-03,Cabai Rawit Hijau,14,3,-1.28,0.0,1.28
2023-07-10,Cabai Rawit Hijau,7,1,-1.28,0.0,1.28
2023-07-10,Cabai Rawit Hijau,7,2,-1.28,0.0,1.28
2023-07-10,Cabai Rawit Hijau,7,3,-1.28,0.0,1.28
2023-07-10,Cabai Rawit Hijau,14,1,-1.28,0.0,1.28
2023-07-10,Cabai Rawit Hijau,14,2,-1.28,0.0,1.28
2023-07-10,Cabai Rawit Hijau,14,3,-1.28,0.0,1.28
2023-07-24,Cabai Rawit Hijau,7,1,-1.28,0.0,1.28
2023-07-24,Cabai Rawit Hijau,7,2,-1.28,0.0,1.28
2023-07-24,Cabai Rawit Hijau,7,3,-1.28,0.0,1.28
2023-07-24,Cabai Rawit Hijau,14,1,-1.28,0.0,1.28
2023-07-24,Cabai Rawit Hijau,14,2,-1.28,0.0,1.28
2023-07-24,Cabai Rawit Hijau,14,3,-1.28,0.0,1.28
2023-07-31,Cabai Rawit Hijau,7,1,-1.28,0.0,1.28
2023-07-31,Cabai Rawit Hijau,7,2,-1.28,0.0,1.28
2023-07-31,Cabai Rawit Hijau,7,3,-1.28,0.0,1.28
2023-07-31,Cabai Rawit Hijau,14,1,-1.28,0.0,1.28
2023-07-31,Cabai Rawit Hijau,14,2,-1.28,0.0,1.28
2023-07-31,Cabai Rawit Hijau,14,3,-1.28,0.0,1.28
2023-08-07,Cabai Rawit Hijau,7,1,-1.28,0.0,1.28
2023-08-07,Cabai Rawit Hijau,7,2,-1.28,0.0,1.28
2023-08-07,Cabai Rawit Hijau,7,3,-1.28,0.0,1.28
2023-08-07,Cabai Rawit Hijau,14,1,-1.28,0.0,1.28
2023-08-07,Cabai Rawit Hijau,14,2,-1.28,0.0,1.28
2023-08-07,Cabai Rawit Hijau,14,3,-1.28,0.0,1.28
2023-08-14,Cabai Rawit Hijau,7,1,-1.28,0.0,1.28
2023-08-14,Cabai Rawit Hijau,7,2,-1.28,0.0,1.28
2023-08-14,Cabai Rawit Hijau,7,3,-1.28,0.0,1.28
2023-08-14,Cabai Rawit Hijau,14,1,-1.28,0.0,1.28
2023-08-14,Cabai Rawit Hijau,14,2,-1.28,0.0,1.28
2023-08-14,Cabai Rawit Hijau,14,3,-1.28,0.0,1.28
2023-08-21,Cabai Rawit Hijau,7,1,-1.28,0.0,1.28
2023-08-21,Cabai Rawit Hijau,7,2,-1.28,0.0,1.28
2023-08-21,Cabai Rawit Hijau,7,3,-1.28,0.0,1.28
2023-08-21,Cabai Rawit Hijau,14,1,-1.28,0.0,1.28
2023-08-21,Cabai Rawit Hijau,14,2,-1.28,0.0,1.28
2023-08-21,Cabai Rawit Hijau,14,3,-1.28,0.0,1.28
2023-08-28,Cabai Rawit Hijau,7,1,-1.28,0.0,1.28
2023-08-28,Cabai Rawit Hijau,7,2,-1.28,0.0,1.28
2023-08-28,Cabai Rawit Hijau,7,3,-1.28,0.0,1.28
2023-08-28,Cabai Rawit Hijau,14,1,-1.28,0.0,1.28
2023-08-28,Cabai Rawit Hijau,14,2,-1.28,0.0,1.28
2023-08-28,Cabai Rawit Hijau,14,3,-1.28,0.0,1.28
2023-09-04,Cabai Rawit Hijau,7,1,-1.28,0.0,1.28
2023-09-04,Cabai Rawit Hijau,7,2,-1.28,0.0,1.28
2023-09-04,Cabai Rawit Hijau,7,3,-1.28,0.0,1.28
2023-09-04,Cabai Rawit Hijau,14,1,-1.28,0.0,1.28
2023-09-04,Cabai Rawit Hijau,14,2,-1.28,0.0,1.28
2023-09-04,Cabai Rawit Hijau,14,3,-1.28,0.0,1.28
2023-09-11,Cabai Rawit Hijau,7,1,-1.28,0.0,1.28
2023-09-11,Cabai Rawit Hijau,7,2,-1.28,0.0,1.28
2023-09-11,Cabai Rawit Hijau,7,3,-1.28,0.0,1.28
2023-09-11,Cabai Rawit Hijau,14,1,-1.28,0.0,1.28
2023-09-11,Cabai Rawit Hijau,14,2,-1.28,0.0,1.28
2023-09-11,Cabai Rawit Hijau,14,3,-1.28,0.0,1.28
2023-09-18,Cabai Rawit Hijau,7,1,-1.28,0.0,1.28
2023-09-18,Cabai Rawit Hijau,7,2,-1.28,0.0,1.28
2023-09-18,Cabai Rawit Hijau,7,3,-1.28,0.0,1.28
2023-09-18,Cabai Rawit Hijau,14,1,-1.28,0.0,1.28
2023-09-18,Cabai Rawit Hijau,14,2,-1.28,0.0,1.28
2023-09-18,Cabai Rawit Hijau,14,3,-1.28,0.0,1.28
2023-09-25,Cabai Rawit Hijau,7,1,-1.28,0.0,1.28
2023-09-25,Cabai Rawit Hijau,7,2,-1.28,0.0,1.28
2023-09-25,Cabai Rawit Hijau,7,3,-1.28,0.0,1.28
2023-09-25,Cabai Rawit Hijau,14,1,-1.28,0.0,1.28
2023-09-25,Cabai Rawit Hijau,14,2,-1.28,0.0,1.28
2023-09-25,Cabai Rawit Hijau,14,3,-1.28,0.0,1.28
2023-10-02,Cabai Rawit Hijau,7,1,-1.28,0.0,1.28
2023-10-02,Cabai Rawit Hijau,7,2,-1.28,0.0,1.28
2023-10-02,Cabai Rawit Hijau,7,3,-1.28,0.0,1.28
2023-10-02,Cabai Rawit Hijau,14,1,-1.28,0.0,1.28
2023-10-02,Cabai Rawit Hijau,14,2,-1.28,0.0,1.28
2023-10-02,Cabai Rawit Hijau,14,3,-1.28,0.0,1.28
2023-10-09,Cabai Rawit Hijau,7,1,-1.28,0.0,1.28
2023-10-09,Cabai Rawit Hijau,7,2,-1.28,0.0,1.28
2023-10-09,Cabai Rawit Hijau,7,3,-1.28,0.0,1.28
2023-10-09,Cabai Rawit Hijau,14,1,-1.28,0.0,1.28
2023-10-09,Cabai Rawit Hijau,14,2,-1.28,0.0,1.28
2023-10-09,Cabai Rawit Hijau,14,3,-1.28,0.0,1.28
2023-10-16,Cabai Rawit Hijau,7,1,-1.28,0.0,1.28
2023-10-16,Cabai Rawit Hijau,7,2,-1.28,0.0,1.28
2023-10-16,Cabai Rawit Hijau,7,3,-1.28,0.0,1.28
2023-10-16,Cabai Rawit Hijau,14,1,-1.28,0.0,1.28
2023-10-16,Cabai Rawit Hijau,14,2,-1.28,0.0,1.28
2023-10-16,Cabai Rawit Hijau,14,3,-1.28,0.0,1.28
2023-10-23,Cabai Rawit Hijau,7,1,-1.28,0.0,1.28
2023-10-23,Cabai Rawit Hijau,7,2,-1.28,0.0,1.28
2023-10-23,Cabai Rawit Hijau,7,3,-1.28,0.0,1.28
2023-10-23,Cabai Rawit Hijau,14,1,-1.28,0.0,1.28
2023-10-23,Cabai Rawit Hijau,14,2,-1.28,0.0,1.28
2023-10-23,Cabai Rawit Hijau,14,3,-1.28,0.0,1.28
2023-10-30,Cabai Rawit Hijau,7,1,-1.28,0.0,1.28
2023-10-30,Cabai Rawit Hijau,7,2,-1.28,0.0,1.28
2023-10-30,Cabai Rawit Hijau,7,3,-1.28,0.0,1.28
2023-10-30,Cabai Rawit Hijau,14,1,-1.28,0.0,1.28
2023-10-30,Cabai Rawit Hijau,14,2,-1.28,0.0,1.28
2023-10-30,Cabai Rawit Hijau,14,3,-1.28,0.0,1.28
2023-11-06,Cabai Rawit Hijau,7,1,-1.28,0.0,1.28
2023-11-06,Cabai Rawit Hijau,7,2,-1.28,0.0,1.28
2023-11-06,Cabai Rawit Hijau,7,3,-1.28,0.0,1.28
2023-11-06,Cabai Rawit Hijau,14,1,-1.28,0.0,1.28
2023-11-06,Cabai Rawit Hijau,14,2,-1.28,0.0,1.28
2023-11-06,Cabai Rawit Hijau,14,3,-1.28,0.0,1.28
2023-11-13,Cabai Rawit Hijau,7,1,-1.28,0.0,1.28
2023-11-13,Cabai Rawit Hijau,7,2,-1.28,0.0,1.28
2023-11-13,Cabai Rawit Hijau,7,3,-1.28,0.0,1.28
2023-11-13,Cabai Rawit Hijau,14,1,-1.28,0.0,1.28
2023-11-13,Cabai Rawit Hijau,14,2,-1.28,0.0,1.28
2023-11-13,Cabai Rawit Hijau,14,3,-1.28,0.0,1.28
2023-11-20,Cabai Rawit Hijau,7,1,-1.28,0.0,1.28
2023-11-20,Cabai Rawit Hijau,7,2,-1.28,0.0,1.28
2023-11-20,Cabai Rawit Hijau,7,3,-1.28,0.0,1.28
2023-11-20,Cabai Rawit Hijau,14,1,-1.28,0.0,1.28
2023-11-20,Cabai Rawit Hijau,14,2,-1.28,0.0,1.28
2023-11-20,Cabai Rawit Hijau,14,3,-1.28,0.0,1.28
2023-11-27,Cabai Rawit Hijau,7,1,-1.28,0.0,1.28
2023-11-27,Cabai Rawit Hijau,7,2,-1.28,0.0,1.28
2023-11-27,Cabai Rawit Hijau,7,3,-1.28,0.0,1.28
2023-11-27,Cabai Rawit Hijau,14,1,-1.28,0.0,1.28
2023-11-27,Cabai Rawit Hijau,14,2,-1.28,0.0,1.28
2023-11-27,Cabai Rawit Hijau,14,3,-1.28,0.0,1.28
2023-12-04,Cabai Rawit Hijau,7,1,-1.28,0.0,1.28
2023-12-04,Cabai Rawit Hijau,7,2,-1.28,0.0,1.28
2023-12-04,Cabai Rawit Hijau,7,3,-1.28,0.0,1.28
2023-12-04,Cabai Rawit Hijau,14,1,-1.28,0.0,1.28
2023-12-04,Cabai Rawit Hijau,14,2,-1.28,0.0,1.28
2023-12-04,Cabai Rawit Hijau,14,3,-1.28,0.0,1.28
2023-12-11,Cabai Rawit Hijau,7,1,-1.28,0.0,1.28
2023-12-11,Cabai Rawit Hijau,7,2,-1.28,0.0,1.28
2023-12-11,Cabai Rawit Hijau,7,3,-1.28,0.0,1.28
2023-12-11,Cabai Rawit Hijau,14,1,-1.28,0.0,1.28
2023-12-11,Cabai Rawit Hijau,14,2,-1.28,0.0,1.28
2023-12-11,Cabai Rawit Hijau,14,3,-1.28,0.0,1.28
2023-12-18,Cabai Rawit Hijau,7,1,-1.28,0.0,1.28
2023-12-18,Cabai Rawit Hijau,7,2,-1.28,0.0,1.28
2023-12-18,Cabai Rawit Hijau,7,3,-1.28,0.0,1.28
2023-12-18,Cabai Rawit Hijau,14,1,-1.28,0.0,1.28
2023-12-18,Cabai Rawit Hijau,14,2,-1.28,0.0,1.28
2023-12-18,Cabai Rawit Hijau,14,3,-1.28,0.0,1.28
2023-12-25,Cabai Rawit Hijau,7,1,-1.28,0.0,1.28
2023-12-25,Cabai Rawit Hijau,7,2,-1.28,0.0,1.28
2023-12-25,Cabai Rawit Hijau,7,3,-1.28,0.0,1.28
2023-12-25,Cabai Rawit Hijau,14,1,-1.28,0.0,1.28
2023-12-25,Cabai Rawit Hijau,14,2,-1.28,0.0,1.28
2023-12-25,Cabai Rawit Hijau,14,3,-1.28,0.0,1.28
2024-01-01,Cabai Rawit Hijau,7,1,-1.28,0.0,1.28
2024-01-01,Cabai Rawit Hijau,7,2,-1.28,0.0,1.28
2024-01-01,Cabai Rawit Hijau,7,3,-1.28,0.0,1.28
2024-01-01,Cabai Rawit Hijau,14,1,-1.28,0.0,1.28
2024-01-01,Cabai Rawit Hijau,14,2,-1.28,0.0,1.28
2024-01-01,Cabai Rawit Hijau,14,3,-1.28,0.0,1.28
2024-01-08,Cabai Rawit Hijau,7,1,-1.28,0.0,1.28
2024-01-08,Cabai Rawit Hijau,7,2,-1.28,0.0,1.28
2024-01-08,Cabai Rawit Hijau,7,3,-1.28,0.0,1.28
2024-01-08,Cabai Rawit Hijau,14,1,-1.28,0.0,1.28
2024-01-08,Cabai Rawit Hijau,14,2,-1.28,0.0,1.28
2024-01-08,Cabai Rawit Hijau,14,3,-1.28,0.0,1.28
2024-01-15,Cabai Rawit Hijau,7,1,-1.28,0.0,1.28
2024-01-15,Cabai Rawit Hijau,7,2,-1.28,0.0,1.28
2024-01-15,Cabai Rawit Hijau,7,3,-1.28,0.0,1.28
2024-01-15,Cabai Rawit Hijau,14,1,-1.28,0.0,1.28
2024-01-15,Cabai Rawit Hijau,14,2,-1.28,0.0,1.28
2024-01-15,Cabai Rawit Hijau,14,3,-1.28,0.0,1.28
2024-01-22,Cabai Rawit Hijau,7,1,-1.28,0.0,1.28
2024-01-22,Cabai Rawit Hijau,7,2,-1.28,0.0,1.28
2024-01-22,Cabai Rawit Hijau,7,3,-1.28,0.0,1.28
2024-01-22,Cabai Rawit Hijau,14,1,-1.28,0.0,1.28
2024-01-22,Cabai Rawit Hijau,14,2,-1.28,0.0,1.28
2024-01-22,Cabai Rawit Hijau,14,3,-1.28,0.0,1.28
2024-01-29,Cabai Rawit Hijau,7,1,-1.28,0.0,1.28
2024-01-29,Cabai Rawit Hijau,7,2,-1.28,0.0,1.28
2024-01-29,Cabai Rawit Hijau,7,3,-1.28,0.0,1.28
2024-01-29,Cabai Rawit Hijau,14,1,-1.28,0.0,1.28
2024-01-29,Cabai Rawit Hijau,14,2,-1.28,0.0,1.28
2024-01-29,Cabai Rawit Hijau,14,3,-1.28,0.0,1.28
2024-02-05,Cabai Rawit Hijau,7,1,-1.28,0.0,1.28
2024-02-05,Cabai Rawit Hijau,7,2,-1.28,0.0,1.28
2024-02-05,Cabai Rawit Hijau,7,3,-1.28,0.0,1.28
2024-02-05,Cabai Rawit Hijau,14,1,-1.28,0.0,1.28
2024-02-05,Cabai Rawit Hijau,14,2,-1.28,0.0,1.28
2024-02-05,Cabai Rawit Hijau,14,3,-1.28,0.0,1.28
2024-02-12,Cabai Rawit Hijau,7,1,-1.28,0.0,1.28
2024-02-12,Cabai Rawit Hijau,7,2,-1.28,0.0,1.28
2024-02-12,Cabai Rawit Hijau,7,3,-1.28,0.0,1.28
2024-02-12,Cabai Rawit Hijau,14,1,-1.28,0.0,1.28
2024-02-12,Cabai Rawit Hijau,14,2,-1.28,0.0,1.28
2024-02-12,Cabai Rawit Hijau,14,3,-1.28,0.0,1.28
2024-02-19,Cabai Rawit Hijau,7,1,-1.28,0.0,1.28
2024-02-19,Cabai Rawit Hijau,7,2,-1.28,0.0,1.28
2024-02-19,Cabai Rawit Hijau,7,3,-1.28,0.0,1.28
2024-02-19,Cabai Rawit Hijau,14,1,-1.28,0.0,1.28
2024-02-19,Cabai Rawit Hijau,14,2,-1.28,0.0,1.28
2024-02-19,Cabai Rawit Hijau,14,3,-1.28,0.0,1.28
2024-02-26,Cabai Rawit Hijau,7,1,-1.28,0.0,1.28
2024-02-26,Cabai Rawit Hijau,7,2,-1.28,0.0,1.28
2024-02-26,Cabai Rawit Hijau,7,3,-1.28,0.0,1.28
2024-02-26,Cabai Rawit Hijau,14,1,-1.28,0.0,1.28
2024-02-26,Cabai Rawit Hijau,14,2,-1.28,0.0,1.28
2024-02-26,Cabai Rawit Hijau,14,3,-1.28,0.0,1.28
2024-03-04,Cabai Rawit Hijau,7,1,-1.28,0.0,1.28
2024-03-04,Cabai Rawit Hijau,7,2,-1.28,0.0,1.28
2024-03-04,Cabai Rawit Hijau,7,3,-1.28,0.0,1.28
2024-03-04,Cabai Rawit Hijau,14,1,-1.28,0.0,1.28
2024-03-04,Cabai Rawit Hijau,14,2,-1.28,0.0,1.28
2024-03-04,Cabai Rawit Hijau,14,3,-1.28,0.0,1.28
2024-03-11,Cabai Rawit Hijau,7,1,-1.28,0.0,1.28
2024-03-11,Cabai Rawit Hijau,7,2,-1.28,0.0,1.28
2024-03-11,Cabai Rawit Hijau,7,3,-1.28,0.0,1.28
2024-03-11,Cabai Rawit Hijau,14,1,-1.28,0.0,1.28
2024-03-11,Cabai Rawit Hijau,14,2,-1.28,0.0,1.28
2024-03-11,Cabai Rawit Hijau,14,3,-1.28,0.0,1.28
2024-03-18,Cabai Rawit Hijau,7,1,-1.28,0.0,1.28
2024-03-18,Cabai Rawit Hijau,7,2,-1.28,0.0,1.28
2024-03-18,Cabai Rawit Hijau,7,3,-1.28,0.0,1.28
2024-03-18,Cabai Rawit Hijau,14,1,-1.28,0.0,1.28
2024-03-18,Cabai Rawit Hijau,14,2,-1.28,0.0,1.28
2024-03-18,Cabai Rawit Hijau,14,3,-1.28,0.0,1.28
2024-03-25,Cabai Rawit Hijau,7,1,-1.28,0.0,1.28
2024-03-25,Cabai Rawit Hijau,7,2,-1.28,0.0,1.28
2024-03-25,Cabai Rawit Hijau,7,3,-1.28,0.0,1.28
2024-03-25,Cabai Rawit Hijau,14,1,-1.28,0.0,1.28
2024-03-25,Cabai Rawit Hijau,14,2,-1.28,0.0,1.28
2024-03-25,Cabai Rawit Hijau,14,3,-1.28,0.0,1.28
2024-04-01,Cabai Rawit Hijau,7,1,-1.28,0.0,1.28
2024-04-01,Cabai Rawit Hijau,7,2,-1.28,0.0,1.28
2024-04-01,Cabai Rawit Hijau,7,3,-1.28,0.0,1.28
2024-04-01,Cabai Rawit Hijau,14,1,-1.28,0.0,1.28
2024-04-01,Cabai Rawit Hijau,14,2,-1.28,0.0,1.28
2024-04-01,Cabai Rawit Hijau,14,3,-1.28,0.0,1.28
2024-04-08,Cabai Rawit Hijau,7,1,-1.28,0.0,1.28
2024-04-08,Cabai Rawit Hijau,7,2,-1.28,0.0,1.28
2024-04-08,Cabai Rawit Hijau,7,3,-1.28,0.0,1.28
2024-04-08,Cabai Rawit Hijau,14,1,-1.28,0.0,1.28
2024-04-08,Cabai Rawit Hijau,14,2,-1.28,0.0,1.28
2024-04-08,Cabai Rawit Hijau,14,3,-1.28,0.0,1.28
2024-04-15,Cabai Rawit Hijau,7,1,-1.28,0.0,1.28
2024-04-15,Cabai Rawit Hijau,7,2,-1.28,0.0,1.28
2024-04-15,Cabai Rawit Hijau,7,3,-1.28,0.0,1.28
2024-04-15,Cabai Rawit Hijau,14,1,-1.28,0.0,1.28
2024-04-15,Cabai Rawit Hijau,14,2,-1.28,0.0,1.28
2024-04-15,Cabai Rawit Hijau,14,3,-1.28,0.0,1.28
2024-04-22,Cabai Rawit Hijau,7,1,-1.28,0.0,1.28
2024-04-22,Cabai Rawit Hijau,7,2,-1.28,0.0,1.28
2024-04-22,Cabai Rawit Hijau,7,3,-1.28,0.0,1.28
2024-04-22,Cabai Rawit Hijau,14,1,-1.28,0.0,1.28
2024-04-22,Cabai Rawit Hijau,14,2,-1.28,0.0,1.28
2024-04-22,Cabai Rawit Hijau,14,3,-1.28,0.0,1.28
2024-04-29,Cabai Rawit Hijau,7,1,-1.28,0.0,1.28
2024-04-29,Cabai Rawit Hijau,7,2,-1.28,0.0,1.28
2024-04-29,Cabai Rawit Hijau,7,3,-1.28,0.0,1.28
2024-04-29,Cabai Rawit Hijau,14,1,-1.28,0.0,1.28
2024-04-29,Cabai Rawit Hijau,14,2,-1.28,0.0,1.28
2024-04-29,Cabai Rawit Hijau,14,3,-1.28,0.0,1.28
2024-05-06,Cabai Rawit Hijau,7,1,-1.28,0.0,1.28
2024-05-06,Cabai Rawit Hijau,7,2,-1.28,0.0,1.28
2024-05-06,Cabai Rawit Hijau,7,3,-1.28,0.0,1.28
2024-05-06,Cabai Rawit Hijau,14,1,-1.28,0.0,1.28
2024-05-06,Cabai Rawit Hijau,14,2,-1.28,0.0,1.28
2024-05-06,Cabai Rawit Hijau,14,3,-1.28,0.0,1.28
2024-05-13,Cabai Rawit Hijau,7,1,-1.28,0.0,1.28
2024-05-13,Cabai Rawit Hijau,7,2,-1.28,0.0,1.28
2024-05-13,Cabai Rawit Hijau,7,3,-1.28,0.0,1.28
2024-05-13,Cabai Rawit Hijau,14,1,-1.28,0.0,1.28
2024-05-13,Cabai Rawit Hijau,14,2,-1.28,0.0,1.28
2024-05-13,Cabai Rawit Hijau,14,3,-1.28,0.0,1.28
2024-05-20,Cabai Rawit Hijau,7,1,-1.28,0.0,1.28
2024-05-20,Cabai Rawit Hijau,7,2,-1.28,0.0,1.28
2024-05-20,Cabai Rawit Hijau,7,3,-1.28,0.0,1.28
2024-05-20,Cabai Rawit Hijau,14,1,-1.28,0.0,1.28
2024-05-20,Cabai Rawit Hijau,14,2,-1.28,0.0,1.28
2024-05-20,Cabai Rawit Hijau,14,3,-1.28,0.0,1.28
2024-05-27,Cabai Rawit Hijau,7,1,-1.28,0.0,1.28
2024-05-27,Cabai Rawit Hijau,7,2,-1.28,0.0,1.28
2024-05-27,Cabai Rawit Hijau,7,3,-1.28,0.0,1.28
2024-05-27,Cabai Rawit Hijau,14,1,-1.28,0.0,1.28
2024-05-27,Cabai Rawit Hijau,14,2,-1.28,0.0,1.28
2024-05-27,Cabai Rawit Hijau,14,3,-1.28,0.0,1.28
2024-06-03,Cabai Rawit Hijau,7,1,-1.28,0.0,1.28
2024-06-03,Cabai Rawit Hijau,7,2,-1.28,0.0,1.28
2024-06-03,Cabai Rawit Hijau,7,3,-1.28,0.0,1.28
2024-06-03,Cabai Rawit Hijau,14,1,-1.28,0.0,1.28
2024-06-03,Cabai Rawit Hijau,14,2,-1.28,0.0,1.28
2024-06-03,Cabai Rawit Hijau,14,3,-1.28,0.0,1.28
2024-06-10,Cabai Rawit Hijau,7,1,-1.28,0.0,1.28
2024-06-10,Cabai Rawit Hijau,7,2,-1.28,0.0,1.28
2024-06-10,Cabai Rawit Hijau,7,3,-1.28,0.0,1.28
2024-06-10,Cabai Rawit Hijau,14,1,-1.28,0.0,1.28
2024-06-10,Cabai Rawit Hijau,14,2,-1.28,0.0,1.28
2024-06-10,Cabai Rawit Hijau,14,3,-1.28,0.0,1.28
2024-06-17,Cabai Rawit Hijau,7,1,-1.28,0.0,1.28
2024-06-17,Cabai Rawit Hijau,7,2,-1.28,0.0,1.28
2024-06-17,Cabai Rawit Hijau,7,3,-1.28,0.0,1.28
2024-06-17,Cabai Rawit Hijau,14,1,-1.28,0.0,1.28
2024-06-17,Cabai Rawit Hijau,14,2,-1.28,0.0,1.28
2024-06-17,Cabai Rawit Hijau,14,3,-1.28,0.0,1.28
2024-06-24,Cabai Rawit Hijau,7,1,-1.28,0.0,1.28
2024-06-24,Cabai Rawit Hijau,7,2,-1.28,0.0,1.28
2024-06-24,Cabai Rawit Hijau,7,3,-1.28,0.0,1.28
2024-06-24,Cabai Rawit Hijau,14,1,-1.28,0.0,1.28
2024-06-24,Cabai Rawit Hijau,14,2,-1.28,0.0,1.28
2024-06-24,Cabai Rawit Hijau,14,3,-1.28,0.0,1.28
2024-07-01,Cabai Rawit Hijau,7,1,-1.28,0.0,1.28
2024-07-01,Cabai Rawit Hijau,7,2,-1.28,0.0,1.28
2024-07-01,Cabai Rawit Hijau,7,3,-1.28,0.0,1.28
2024-07-01,Cabai Rawit Hijau,14,1,-1.28,0.0,1.28
2024-07-01,Cabai Rawit Hijau,14,2,-1.28,0.0,1.28
2024-07-01,Cabai Rawit Hijau,14,3,-1.28,0.0,1.28
2024-07-08,Cabai Rawit Hijau,7,1,-1.28,0.0,1.28
2024-07-08,Cabai Rawit Hijau,7,2,-1.28,0.0,1.28
2024-07-08,Cabai Rawit Hijau,7,3,-1.28,0.0,1.28
2024-07-08,Cabai Rawit Hijau,14,1,-1.28,0.0,1.28
2024-07-08,Cabai Rawit Hijau,14,2,-1.28,0.0,1.28
2024-07-08,Cabai Rawit Hijau,14,3,-1.28,0.0,1.28
2024-07-15,Cabai Rawit Hijau,7,1,-1.28,0.0,1.28
2024-07-15,Cabai Rawit Hijau,7,2,-1.28,0.0,1.28
2024-07-15,Cabai Rawit Hijau,7,3,-1.28,0.0,1.28
2024-07-15,Cabai Rawit Hijau,14,1,-1.28,0.0,1.28
2024-07-15,Cabai Rawit Hijau,14,2,-1.28,0.0,1.28
2024-07-15,Cabai Rawit Hijau,14,3,-1.28,0.0,1.28
2024-07-22,Cabai Rawit Hijau,7,1,-1.28,0.0,1.28
2024-07-22,Cabai Rawit Hijau,7,2,-1.28,0.0,1.28
2024-07-22,Cabai Rawit Hijau,7,3,-1.28,0.0,1.28
2024-07-22,Cabai Rawit Hijau,14,1,-1.28,0.0,1.28
2024-07-22,Cabai Rawit Hijau,14,2,-1.28,0.0,1.28
2024-07-22,Cabai Rawit Hijau,14,3,-1.28,0.0,1.28
2024-07-29,Cabai Rawit Hijau,7,1,-1.28,0.0,1.28
2024-07-29,Cabai Rawit Hijau,7,2,-1.28,0.0,1.28
2024-07-29,Cabai Rawit Hijau,7,3,-1.28,0.0,1.28
2024-07-29,Cabai Rawit Hijau,14,1,-1.28,0.0,1.28
2024-07-29,Cabai Rawit Hijau,14,2,-1.28,0.0,1.28
2024-07-29,Cabai Rawit Hijau,14,3,-1.28,0.0,1.28
2024-08-05,Cabai Rawit Hijau,7,1,-1.28,0.0,1.28
2024-08-05,Cabai Rawit Hijau,7,2,-1.28,0.0,1.28
2024-08-05,Cabai Rawit Hijau,7,3,-1.28,0.0,1.28
2024-08-05,Cabai Rawit Hijau,14,1,-1.28,0.0,1.28
2024-08-05,Cabai Rawit Hijau,14,2,-1.28,0.0,1.28
2024-08-05,Cabai Rawit Hijau,14,3,-1.28,0.0,1.28
2024-08-12,Cabai Rawit Hijau,7,1,-1.28,0.0,1.28
2024-08-12,Cabai Rawit Hijau,7,2,-1.28,0.0,1.28
2024-08-12,Cabai Rawit Hijau,7,3,-1.28,0.0,1.28
2024-08-12,Cabai Rawit Hijau,14,1,-1.28,0.0,1.28
2024-08-12,Cabai Rawit Hijau,14,2,-1.28,0.0,1.28
2024-08-12,Cabai Rawit Hijau,14,3,-1.28,0.0,1.28
2024-08-19,Cabai Rawit Hijau,7,1,-1.28,0.0,1.28
2024-08-19,Cabai Rawit Hijau,7,2,-1.28,0.0,1.28
2024-08-19,Cabai Rawit Hijau,7,3,-1.28,0.0,1.28
2024-08-19,Cabai Rawit Hijau,14,1,-1.28,0.0,1.28
2024-08-19,Cabai Rawit Hijau,14,2,-1.28,0.0,1.28
2024-08-19,Cabai Rawit Hijau,14,3,-1.28,0.0,1.28
2024-08-26,Cabai Rawit Hijau,7,1,-1.28,0.0,1.28
2024-08-26,Cabai Rawit Hijau,7,2,-1.28,0.0,1.28
2024-08-26,Cabai Rawit Hijau,7,3,-1.28,0.0,1.28
2024-08-26,Cabai Rawit Hijau,14,1,-1.28,0.0,1.28
2024-08-26,Cabai Rawit Hijau,14,2,-1.28,0.0,1.28
2024-08-26,Cabai Rawit Hijau,14,3,-1.28,0.0,1.28
2024-09-02,Cabai Rawit Hijau,7,1,-1.28,0.0,1.28
2024-09-02,Cabai Rawit Hijau,7,2,-1.28,0.0,1.28
2024-09-02,Cabai Rawit Hijau,7,3,-1.28,0.0,1.28
2024-09-02,Cabai Rawit Hijau,14,1,-1.28,0.0,1.28
2024-09-02,Cabai Rawit Hijau,14,2,-1.28,0.0,1.28
2024-09-02,Cabai Rawit Hijau,14,3,-1.28,0.0,1.28
2024-09-09,Cabai Rawit Hijau,7,1,-1.28,0.0,1.28
2024-09-09,Cabai Rawit Hijau,7,2,-1.28,0.0,1.28
2024-09-09,Cabai Rawit Hijau,7,3,-1.28,0.0,1.28
2024-09-09,Cabai Rawit Hijau,14,1,-1.28,0.0,1.28
2024-09-09,Cabai Rawit Hijau,14,2,-1.28,0.0,1.28
2024-09-09,Cabai Rawit Hijau,14,3,-1.28,0.0,1.28
2024-09-16,Cabai Rawit Hijau,7,1,-1.28,0.0,1.28
2024-09-16,Cabai Rawit Hijau,7,2,-1.28,0.0,1.28
2024-09-16,Cabai Rawit Hijau,7,3,-1.28,0.0,1.28
2024-09-16,Cabai Rawit Hijau,14,1,-1.28,0.0,1.28
2024-09-16,Cabai Rawit Hijau,14,2,-1.28,0.0,1.28
2024-09-16,Cabai Rawit Hijau,14,3,-1.28,0.0,1.28
2024-09-23,Cabai Rawit Hijau,7,1,-1.28,0.0,1.28
2024-09-23,Cabai Rawit Hijau,7,2,-1.28,0.0,1.28
2024-09-23,Cabai Rawit Hijau,7,3,-1.28,0.0,1.28
2024-09-23,Cabai Rawit Hijau,14,1,-1.28,0.0,1.28
2024-09-23,Cabai Rawit Hijau,14,2,-1.28,0.0,1.28
2024-09-23,Cabai Rawit Hijau,14,3,-1.28,0.0,1.28
2024-09-30,Cabai Rawit Hijau,7,1,-1.28,0.0,1.28
2024-09-30,Cabai Rawit Hijau,7,2,-1.28,0.0,1.28
2024-09-30,Cabai Rawit Hijau,7,3,-1.28,0.0,1.28
2024-09-30,Cabai Rawit Hijau,14,1,-1.28,0.0,1.28
2024-09-30,Cabai Rawit Hijau,14,2,-1.28,0.0,1.28
2024-09-30,Cabai Rawit Hijau,14,3,-1.28,0.0,1.28
2024-10-07,Cabai Rawit Hijau,7,1,-1.28,0.0,1.28
2024-10-07,Cabai Rawit Hijau,7,2,-1.28,0.0,1.28
2024-10-07,Cabai Rawit Hijau,7,3,-1.28,0.0,1.28
2024-10-07,Cabai Rawit Hijau,14,1,-1.28,0.0,1.28
2024-10-07,Cabai Rawit Hijau,14,2,-1.28,0.0,1.28
2024-10-07,Cabai Rawit Hijau,14,3,-1.28,0.0,1.28
2024-10-21,Cabai Rawit Hijau,7,1,-1.28,0.0,1.28
2024-10-21,Cabai Rawit Hijau,7,2,-1.28,0.0,1.28
2024-10-21,Cabai Rawit Hijau,7,3,-1.28,0.0,1.28
2024-10-21,Cabai Rawit Hijau,14,1,-1.28,0.0,1.28
2024-10-21,Cabai Rawit Hijau,14,2,-1.28,0.0,1.28
2024-10-21,Cabai Rawit Hijau,14,3,-1.28,0.0,1.28
2024-10-28,Cabai Rawit Hijau,7,1,-1.28,0.0,1.28
2024-10-28,Cabai Rawit Hijau,7,2,-1.28,0.0,1.28
2024-10-28,Cabai Rawit Hijau,7,3,-1.28,0.0,1.28
2024-10-28,Cabai Rawit Hijau,14,1,-1.28,0.0,1.28
2024-10-28,Cabai Rawit Hijau,14,2,-1.28,0.0,1.28
2024-10-28,Cabai Rawit Hijau,14,3,-1.28,0.0,1.28
2024-11-04,Cabai Rawit Hijau,7,1,-1.28,0.0,1.28
2024-11-04,Cabai Rawit Hijau,7,2,-1.28,0.0,1.28
2024-11-04,Cabai Rawit Hijau,7,3,-1.28,0.0,1.28
2024-11-04,Cabai Rawit Hijau,14,1,-1.28,0.0,1.28
2024-11-04,Cabai Rawit Hijau,14,2,-1.28,0.0,1.28
2024-11-04,Cabai Rawit Hijau,14,3,-1.28,0.0,1.28
2024-11-11,Cabai Rawit Hijau,7,1,-1.28,0.0,1.28
2024-11-11,Cabai Rawit Hijau,7,2,-1.28,0.0,1.28
2024-11-11,Cabai Rawit Hijau,7,3,-1.28,0.0,1.28
2024-11-11,Cabai Rawit Hijau,14,1,-1.28,0.0,1.28
2024-11-11,Cabai Rawit Hijau,14,2,-1.28,0.0,1.28
2024-11-11,Cabai Rawit Hijau,14,3,-1.28,0.0,1.28
2024-11-18,Cabai Rawit Hijau,7,1,-1.28,0.0,1.28
2024-11-18,Cabai Rawit Hijau,7,2,-1.28,0.0,1.28
2024-11-18,Cabai Rawit Hijau,7,3,-1.28,0.0,1.28
2024-11-18,Cabai Rawit Hijau,14,1,-1.28,0.0,1.28
2024-11-18,Cabai Rawit Hijau,14,2,-1.28,0.0,1.28
2024-11-18,Cabai Rawit Hijau,14,3,-1.28,0.0,1.28
2024-11-25,Cabai Rawit Hijau,7,1,-1.28,0.0,1.28
2024-11-25,Cabai Rawit Hijau,7,2,-1.28,0.0,1.28
2024-11-25,Cabai Rawit Hijau,7,3,-1.28,0.0,1.28
2024-11-25,Cabai Rawit Hijau,14,1,-1.28,0.0,1.28
2024-11-25,Cabai Rawit Hijau,14,2,-1.28,0.0,1.28
2024-11-25,Cabai Rawit Hijau,14,3,-1.28,0.0,1.28
2024-12-02,Cabai Rawit Hijau,7,1,-1.28,0.0,1.28
2024-12-02,Cabai Rawit Hijau,7,2,-1.28,0.0,1.28
2024-12-02,Cabai Rawit Hijau,7,3,-1.28,0.0,1.28
2024-12-02,Cabai Rawit Hijau,14,1,-1.28,0.0,1.28
2024-12-02,Cabai Rawit Hijau,14,2,-1.28,0.0,1.28
2024-12-02,Cabai Rawit Hijau,14,3,-1.28,0.0,1.28
2024-12-09,Cabai Rawit Hijau,7,1,-1.28,0.0,1.28
2024-12-09,Cabai Rawit Hijau,7,2,-1.28,0.0,1.28
2024-12-09,Cabai Rawit Hijau,7,3,-1.28,0.0,1.28
2024-12-09,Cabai Rawit Hijau,14,1,-1.28,0.0,1.28
2024-12-09,Cabai Rawit Hijau,14,2,-1.28,0.0,1.28
2024-12-09,Cabai Rawit Hijau,14,3,-1.28,0.0,1.28
2024-12-16,Cabai Rawit Hijau,7,1,-1.28,0.0,1.28
2024-12-16,Cabai Rawit Hijau,7,2,-1.28,0.0,1.28
2024-12-16,Cabai Rawit Hijau,7,3,-1.28,0.0,1.28
2024-12-16,Cabai Rawit Hijau,14,1,-1.28,0.0,1.28
2024-12-16,Cabai Rawit Hijau,14,2,-1.28,0.0,1.28
2024-12-16,Cabai Rawit Hijau,14,3,-1.28,0.0,1.28
2024-12-23,Cabai Rawit Hijau,7,1,-1.28,0.0,1.28
2024-12-23,Cabai Rawit Hijau,7,2,-1.28,0.0,1.28
2024-12-23,Cabai Rawit Hijau,7,3,-1.28,0.0,1.28
2024-12-23,Cabai Rawit Hijau,14,1,-1.28,0.0,1.28
2024-12-23,Cabai Rawit Hijau,14,2,-1.28,0.0,1.28
2024-12-23,Cabai Rawit Hijau,14,3,-1.28,0.0,1.28
2024-12-30,Cabai Rawit Hijau,7,1,-1.28,0.0,1.28
2024-12-30,Cabai Rawit Hijau,7,2,-1.28,0.0,1.28
2024-12-30,Cabai Rawit Hijau,7,3,-1.28,0.0,1.28
2024-12-30,Cabai Rawit Hijau,14,1,-1.28,0.0,1.28
2024-12-30,Cabai Rawit Hijau,14,2,-1.28,0.0,1.28
2024-12-30,Cabai Rawit Hijau,14,3,-1.28,0.0,1.28
2025-01-06,Cabai Rawit Hijau,7,1,-1.28,0.0,1.28
2025-01-06,Cabai Rawit Hijau,7,2,-1.28,0.0,1.28
2025-01-06,Cabai Rawit Hijau,7,3,-1.28,0.0,1.28
2025-01-06,Cabai Rawit Hijau,14,1,-1.28,0.0,1.28
2025-01-06,Cabai Rawit Hijau,14,2,-1.28,0.0,1.28
2025-01-06,Cabai Rawit Hijau,14,3,-1.28,0.0,1.28
2025-01-13,Cabai Rawit Hijau,7,1,-1.28,0.0,1.28
2025-01-13,Cabai Rawit Hijau,7,2,-1.28,0.0,1.28
2025-01-13,Cabai Rawit Hijau,7,3,-1.28,0.0,1.28
2025-01-13,Cabai Rawit Hijau,14,1,-1.28,0.0,1.28
2025-01-13,Cabai Rawit Hijau,14,2,-1.28,0.0,1.28
2025-01-13,Cabai Rawit Hijau,14,3,-1.28,0.0,1.28
2025-01-20,Cabai Rawit Hijau,7,1,-1.28,0.0,1.28
2025-01-20,Cabai Rawit Hijau,7,2,-1.28,0.0,1.28
2025-01-20,Cabai Rawit Hijau,7,3,-1.28,0.0,1.28
2025-01-20,Cabai Rawit Hijau,14,1,-1.28,0.0,1.28
2025-01-20,Cabai Rawit Hijau,14,2,-1.28,0.0,1.28
2025-01-20,Cabai Rawit Hijau,14,3,-1.28,0.0,1.28
2025-01-27,Cabai Rawit Hijau,7,1,-1.28,0.0,1.28
2025-01-27,Cabai Rawit Hijau,7,2,-1.28,0.0,1.28
2025-01-27,Cabai Rawit Hijau,7,3,-1.28,0.0,1.28
2025-01-27,Cabai Rawit Hijau,14,1,-1.28,0.0,1.28
2025-01-27,Cabai Rawit Hijau,14,2,-1.28,0.0,1.28
2025-01-27,Cabai Rawit Hijau,14,3,-1.28,0.0,1.28
2025-02-03,Cabai Rawit Hijau,7,1,-1.28,0.0,1.28
2025-02-03,Cabai Rawit Hijau,7,2,-1.28,0.0,1.28
2025-02-03,Cabai Rawit Hijau,7,3,-1.28,0.0,1.28
2025-02-03,Cabai Rawit Hijau,14,1,-1.28,0.0,1.28
2025-02-03,Cabai Rawit Hijau,14,2,-1.28,0.0,1.28
2025-02-03,Cabai Rawit Hijau,14,3,-1.28,0.0,1.28
2025-02-10,Cabai Rawit Hijau,7,1,-1.28,0.0,1.28
2025-02-10,Cabai Rawit Hijau,7,2,-1.28,0.0,1.28
2025-02-10,Cabai Rawit Hijau,7,3,-1.28,0.0,1.28
2025-02-10,Cabai Rawit Hijau,14,1,-1.28,0.0,1.28
2025-02-10,Cabai Rawit Hijau,14,2,-1.28,0.0,1.28
2025-02-10,Cabai Rawit Hijau,14,3,-1.28,0.0,1.28
2025-02-17,Cabai Rawit Hijau,7,1,-1.28,0.0,1.28
2025-02-17,Cabai Rawit Hijau,7,2,-1.28,0.0,1.28
2025-02-17,Cabai Rawit Hijau,7,3,-1.28,0.0,1.28
2025-02-17,Cabai Rawit Hijau,14,1,-1.28,0.0,1.28
2025-02-17,Cabai Rawit Hijau,14,2,-1.28,0.0,1.28
2025-02-17,Cabai Rawit Hijau,14,3,-1.28,0.0,1.28
2025-02-24,Cabai Rawit Hijau,7,1,-1.28,0.0,1.28
2025-02-24,Cabai Rawit Hijau,7,2,-1.28,0.0,1.28
2025-02-24,Cabai Rawit Hijau,7,3,-1.28,0.0,1.28
2025-02-24,Cabai Rawit Hijau,14,1,-1.28,0.0,1.28
2025-02-24,Cabai Rawit Hijau,14,2,-1.28,0.0,1.28
2025-02-24,Cabai Rawit Hijau,14,3,-1.28,0.0,1.28
2025-03-03,Cabai Rawit Hijau,7,1,-1.28,0.0,1.28
2025-03-03,Cabai Rawit Hijau,7,2,-1.28,0.0,1.28
2025-03-03,Cabai Rawit Hijau,7,3,-1.28,0.0,1.28
2025-03-03,Cabai Rawit Hijau,14,1,-1.28,0.0,1.28
2025-03-03,Cabai Rawit Hijau,14,2,-1.28,0.0,1.28
2025-03-03,Cabai Rawit Hijau,14,3,-1.28,0.0,1.28
2025-03-10,Cabai Rawit Hijau,7,1,-1.28,0.0,1.28
2025-03-10,Cabai Rawit Hijau,7,2,-1.28,0.0,1.28
2025-03-10,Cabai Rawit Hijau,7,3,-1.28,0.0,1.28
2025-03-10,Cabai Rawit Hijau,14,1,-1.28,0.0,1.28
2025-03-10,Cabai Rawit Hijau,14,2,-1.28,0.0,1.28
2025-03-10,Cabai Rawit Hijau,14,3,-1.28,0.0,1.28
2025-03-17,Cabai Rawit Hijau,7,1,-1.28,0.0,1.28
2025-03-17,Cabai Rawit Hijau,7,2,-1.28,0.0,1.28
2025-03-17,Cabai Rawit Hijau,7,3,-1.28,0.0,1.28
2025-03-17,Cabai Rawit Hijau,14,1,-1.28,0.0,1.28
2025-03-17,Cabai Rawit Hijau,14,2,-1.28,0.0,1.28
2025-03-17,Cabai Rawit Hijau,14,3,-1.28,0.0,1.28
2025-03-24,Cabai Rawit Hijau,7,1,-1.28,0.0,1.28
2025-03-24,Cabai Rawit Hijau,7,2,-1.28,0.0,1.28
2025-03-24,Cabai Rawit Hijau,7,3,-1.28,0.0,1.28
2025-03-24,Cabai Rawit Hijau,14,1,-1.28,0.0,1.28
2025-03-24,Cabai Rawit Hijau,14,2,-1.28,0.0,1.28
2025-03-24,Cabai Rawit Hijau,14,3,-1.28,0.0,1.28
2025-03-31,Cabai Rawit Hijau,7,1,-1.28,0.0,1.28
2025-03-31,Cabai Rawit Hijau,7,2,-1.28,0.0,1.28
2025-03-31,Cabai Rawit Hijau,7,3,-1.28,0.0,1.28
2025-03-31,Cabai Rawit Hijau,14,1,-1.28,0.0,1.28
2025-03-31,Cabai Rawit Hijau,14,2,-1.28,0.0,1.28
2025-03-31,Cabai Rawit Hijau,14,3,-1.28,0.0,1.28
2025-04-07,Cabai Rawit Hijau,7,1,-1.28,0.0,1.28
2025-04-07,Cabai Rawit Hijau,7,2,-1.28,0.0,1.28
2025-04-07,Cabai Rawit Hijau,7,3,-1.28,0.0,1.28
2025-04-07,Cabai Rawit Hijau,14,1,-1.28,0.0,1.28
2025-04-07,Cabai Rawit Hijau,14,2,-1.28,0.0,1.28
2025-04-07,Cabai Rawit Hijau,14,3,-1.28,0.0,1.28
2025-04-14,Cabai Rawit Hijau,7,1,-1.28,0.0,1.28
2025-04-14,Cabai Rawit Hijau,7,2,-1.28,0.0,1.28
2025-04-14,Cabai Rawit Hijau,7,3,-1.28,0.0,1.28
2025-04-14,Cabai Rawit Hijau,14,1,-1.28,0.0,1.28
2025-04-14,Cabai Rawit Hijau,14,2,-1.28,0.0,1.28
2025-04-14,Cabai Rawit Hijau,14,3,-1.28,0.0,1.28
2025-04-21,Cabai Rawit Hijau,7,1,-1.28,0.0,1.28
2025-04-21,Cabai Rawit Hijau,7,2,-1.28,0.0,1.28
2025-04-21,Cabai Rawit Hijau,7,3,-1.28,0.0,1.28
2025-04-21,Cabai Rawit Hijau,14,1,-1.28,0.0,1.28
2025-04-21,Cabai Rawit Hijau,14,2,-1.28,0.0,1.28
2025-04-21,Cabai Rawit Hijau,14,3,-1.28,0.0,1.28
2025-04-28,Cabai Rawit Hijau,7,1,-1.28,0.0,1.28
2025-04-28,Cabai Rawit Hijau,7,2,-1.28,0.0,1.28
2025-04-28,Cabai Rawit Hijau,7,3,-1.28,0.0,1.28
2025-04-28,Cabai Rawit Hijau,14,1,-1.28,0.0,1.28
2025-04-28,Cabai Rawit Hijau,14,2,-1.28,0.0,1.28
2025-04-28,Cabai Rawit Hijau,14,3,-1.28,0.0,1.28
2025-05-05,Cabai Rawit Hijau,7,1,-1.28,0.0,1.28
2025-05-05,Cabai Rawit Hijau,7,2,-1.28,0.0,1.28
2025-05-05,Cabai Rawit Hijau,7,3,-1.28,0.0,1.28
2025-05-05,Cabai Rawit Hijau,14,1,-1.28,0.0,1.28
2025-05-05,Cabai Rawit Hijau,14,2,-1.28,0.0,1.28
2025-05-05,Cabai Rawit Hijau,14,3,-1.28,0.0,1.28
2025-05-12,Cabai Rawit Hijau,7,1,-1.28,0.0,1.28
2025-05-12,Cabai Rawit Hijau,7,2,-1.28,0.0,1.28
2025-05-12,Cabai Rawit Hijau,7,3,-1.28,0.0,1.28
2025-05-12,Cabai Rawit Hijau,14,1,-1.28,0.0,1.28
2025-05-12,Cabai Rawit Hijau,14,2,-1.28,0.0,1.28
2025-05-12,Cabai Rawit Hijau,14,3,-1.28,0.0,1.28
2025-05-19,Cabai Rawit Hijau,7,1,-1.28,0.0,1.28
2025-05-19,Cabai Rawit Hijau,7,2,-1.28,0.0,1.28
2025-05-19,Cabai Rawit Hijau,7,3,-1.28,0.0,1.28
2025-05-19,Cabai Rawit Hijau,14,1,-1.28,0.0,1.28
2025-05-19,Cabai Rawit Hijau,14,2,-1.28,0.0,1.28
2025-05-19,Cabai Rawit Hijau,14,3,-1.28,0.0,1.28
2025-05-26,Cabai Rawit Hijau,7,1,-1.28,0.0,1.28
2025-05-26,Cabai Rawit Hijau,7,2,-1.28,0.0,1.28
2025-05-26,Cabai Rawit Hijau,7,3,-1.28,0.0,1.28
2025-05-26,Cabai Rawit Hijau,14,1,-1.28,0.0,1.28
2025-05-26,Cabai Rawit Hijau,14,2,-1.28,0.0,1.28
2025-05-26,Cabai Rawit Hijau,14,3,-1.28,0.0,1.28
2025-06-02,Cabai Rawit Hijau,7,1,-1.28,0.0,1.28
2025-06-02,Cabai Rawit Hijau,7,2,-1.28,0.0,1.28
2025-06-02,Cabai Rawit Hijau,7,3,-1.28,0.0,1.28
2025-06-02,Cabai Rawit Hijau,14,1,-1.28,0.0,1.28
2025-06-02,Cabai Rawit Hijau,14,2,-1.28,0.0,1.28
2025-06-02,Cabai Rawit Hijau,14,3,-1.28,0.0,1.28
2025-06-09,Cabai Rawit Hijau,7,1,-1.28,0.0,1.28
2025-06-09,Cabai Rawit Hijau,7,2,-1.28,0.0,1.28
2025-06-09,Cabai Rawit Hijau,7,3,-1.28,0.0,1.28
2025-06-09,Cabai Rawit Hijau,14,1,-1.28,0.0,1.28
2025-06-09,Cabai Rawit Hijau,14,2,-1.28,0.0,1.28
2025-06-09,Cabai Rawit Hijau,14,3,-1.28,0.0,1.28
2025-06-16,Cabai Rawit Hijau,7,1,-1.28,0.0,1.28
2025-06-16,Cabai Rawit Hijau,7,2,-1.28,0.0,1.28
2025-06-16,Cabai Rawit Hijau,7,3,-1.28,0.0,1.28
2025-06-16,Cabai Rawit Hijau,14,1,-1.28,0.0,1.28
2025-06-16,Cabai Rawit Hijau,14,2,-1.28,0.0,1.28
2025-06-16,Cabai Rawit Hijau,14,3,-1.28,0.0,1.28
2025-06-23,Cabai Rawit Hijau,7,1,-1.28,0.0,1.28
2025-06-23,Cabai Rawit Hijau,7,2,-1.28,0.0,1.28
2025-06-23,Cabai Rawit Hijau,7,3,-1.28,0.0,1.28
2025-06-23,Cabai Rawit Hijau,14,1,-1.28,0.0,1.28
2025-06-23,Cabai Rawit Hijau,14,2,-1.28,0.0,1.28
2025-06-23,Cabai Rawit Hijau,14,3,-1.28,0.0,1.28
2025-06-30,Cabai Rawit Hijau,7,1,-1.28,0.0,1.28
2025-06-30,Cabai Rawit Hijau,7,2,-1.28,0.0,1.28
2025-06-30,Cabai Rawit Hijau,7,3,-1.28,0.0,1.28
2025-06-30,Cabai Rawit Hijau,14,1,-1.28,0.0,1.28
2025-06-30,Cabai Rawit Hijau,14,2,-1.28,0.0,1.28
2025-06-30,Cabai Rawit Hijau,14,3,-1.28,0.0,1.28
2025-07-07,Cabai Rawit Hijau,7,1,-1.28,0.0,1.28
2025-07-07,Cabai Rawit Hijau,7,2,-1.28,0.0,1.28
2025-07-07,Cabai Rawit Hijau,7,3,-1.28,0.0,1.28
2025-07-07,Cabai Rawit Hijau,14,1,-1.28,0.0,1.28
2025-07-07,Cabai Rawit Hijau,14,2,-1.28,0.0,1.28
2025-07-07,Cabai Rawit Hijau,14,3,-1.28,0.0,1.28
2025-07-14,Cabai Rawit Hijau,7,1,-1.28,0.0,1.28
2025-07-14,Cabai Rawit Hijau,7,2,-1.28,0.0,1.28
2025-07-14,Cabai Rawit Hijau,7,3,-1.28,0.0,1.28
2025-07-14,Cabai Rawit Hijau,14,1,-1.28,0.0,1.28
2025-07-14,Cabai Rawit Hijau,14,2,-1.28,0.0,1.28
2025-07-14,Cabai Rawit Hijau,14,3,-1.28,0.0,1.28
2025-07-21,Cabai Rawit Hijau,7,1,-1.28,0.0,1.28
2025-07-21,Cabai Rawit Hijau,7,2,-1.28,0.0,1.28
2025-07-21,Cabai Rawit Hijau,7,3,-1.28,0.0,1.28
2025-07-21,Cabai Rawit Hijau,14,1,-1.28,0.0,1.28
2025-07-21,Cabai Rawit Hijau,14,2,-1.28,0.0,1.28
2025-07-21,Cabai Rawit Hijau,14,3,-1.28,0.0,1.28
2025-07-28,Cabai Rawit Hijau,7,1,-1.28,0.0,1.28
2025-07-28,Cabai Rawit Hijau,7,2,-1.28,0.0,1.28
2025-07-28,Cabai Rawit Hijau,7,3,-1.28,0.0,1.28
2025-07-28,Cabai Rawit Hijau,14,1,-1.28,0.0,1.28
2025-07-28,Cabai Rawit Hijau,14,2,-1.28,0.0,1.28
2025-07-28,Cabai Rawit Hijau,14,3,-1.28,0.0,1.28
2025-08-04,Cabai Rawit Hijau,7,1,-1.28,0.0,1.28
2025-08-04,Cabai Rawit Hijau,7,2,-1.28,0.0,1.28
2025-08-04,Cabai Rawit Hijau,7,3,-1.28,0.0,1.28
2025-08-04,Cabai Rawit Hijau,14,1,-1.28,0.0,1.28
2025-08-04,Cabai Rawit Hijau,14,2,-1.28,0.0,1.28
2025-08-04,Cabai Rawit Hijau,14,3,-1.28,0.0,1.28
2025-08-11,Cabai Rawit Hijau,7,1,-1.28,0.0,1.28
2025-08-11,Cabai Rawit Hijau,7,2,-1.28,0.0,1.28
2025-08-11,Cabai Rawit Hijau,7,3,-1.28,0.0,1.28
2025-08-11,Cabai Rawit Hijau,14,1,-1.28,0.0,1.28
2025-08-11,Cabai Rawit Hijau,14,2,-1.28,0.0,1.28
2025-08-11,Cabai Rawit Hijau,14,3,-1.28,0.0,1.28
2025-08-18,Cabai Rawit Hijau,7,1,-1.28,0.0,1.28
2025-08-18,Cabai Rawit Hijau,7,2,-1.28,0.0,1.28
2025-08-18,Cabai Rawit Hijau,7,3,-1.28,0.0,1.28
2025-08-18,Cabai Rawit Hijau,14,1,-1.28,0.0,1.28
2025-08-18,Cabai Rawit Hijau,14,2,-1.28,0.0,1.28
2025-08-18,Cabai Rawit Hijau,14,3,-1.28,0.0,1.28
2025-08-25,Cabai Rawit Hijau,7,1,-1.28,0.0,1.28
2025-08-25,Cabai Rawit Hijau,7,2,-1.28,0.0,1.28
2025-08-25,Cabai Rawit Hijau,7,3,-1.28,0.0,1.28
2025-08-25,Cabai Rawit Hijau,14,1,-1.28,0.0,1.28
2025-08-25,Cabai Rawit Hijau,14,2,-1.28,0.0,1.28
2025-08-25,Cabai Rawit Hijau,14,3,-1.28,0.0,1.28
2025-09-01,Cabai Rawit Hijau,7,1,-1.28,0.0,1.28
2025-09-01,Cabai Rawit Hijau,7,2,-1.28,0.0,1.28
2025-09-01,Cabai Rawit Hijau,7,3,-1.28,0.0,1.28
2025-09-01,Cabai Rawit Hijau,14,1,-1.28,0.0,1.28
2025-09-01,Cabai Rawit Hijau,14,2,-1.28,0.0,1.28
2025-09-01,Cabai Rawit Hijau,14,3,-1.28,0.0,1.28
2025-09-08,Cabai Rawit Hijau,7,1,-1.28,0.0,1.28
2025-09-08,Cabai Rawit Hijau,7,2,-1.28,0.0,1.28
2025-09-08,Cabai Rawit Hijau,7,3,-1.28,0.0,1.28
2025-09-08,Cabai Rawit Hijau,14,1,-1.28,0.0,1.28
2025-09-08,Cabai Rawit Hijau,14,2,-1.28,0.0,1.28
2025-09-08,Cabai Rawit Hijau,14,3,-1.28,0.0,1.28
2025-09-15,Cabai Rawit Hijau,7,1,-1.28,0.0,1.28
2025-09-15,Cabai Rawit Hijau,7,2,-1.28,0.0,1.28
2025-09-15,Cabai Rawit Hijau,7,3,-1.28,0.0,1.28
2025-09-15,Cabai Rawit Hijau,14,1,-1.28,0.0,1.28
2025-09-15,Cabai Rawit Hijau,14,2,-1.28,0.0,1.28
2025-09-15,Cabai Rawit Hijau,14,3,-1.28,0.0,1.28
2025-09-22,Cabai Rawit Hijau,7,1,-1.28,0.0,1.28
2025-09-22,Cabai Rawit Hijau,7,2,-1.28,0.0,1.28
2025-09-22,Cabai Rawit Hijau,7,3,-1.28,0.0,1.28
2025-09-22,Cabai Rawit Hijau,14,1,-1.28,0.0,1.28
2025-09-22,Cabai Rawit Hijau,14,2,-1.28,0.0,1.28
2025-09-22,Cabai Rawit Hijau,14,3,-1.28,0.0,1.28
2025-09-29,Cabai Rawit Hijau,7,1,-1.28,0.0,1.28
2025-09-29,Cabai Rawit Hijau,7,2,-1.28,0.0,1.28
2025-09-29,Cabai Rawit Hijau,7,3,-1.28,0.0,1.28
2025-09-29,Cabai Rawit Hijau,14,1,-1.28,0.0,1.28
2025-09-29,Cabai Rawit Hijau,14,2,-1.28,0.0,1.28
2025-09-29,Cabai Rawit Hijau,14,3,-1.28,0.0,1.28
2025-10-06,Cabai Rawit Hijau,7,1,-1.28,0.0,1.28
2025-10-06,Cabai Rawit Hijau,7,2,-1.28,0.0,1.28
2025-10-06,Cabai Rawit Hijau,7,3,-1.28,0.0,1.28
2025-10-06,Cabai Rawit Hijau,14,1,-1.28,0.0,1.28
2025-10-06,Cabai Rawit Hijau,14,2,-1.28,0.0,1.28
2025-10-06,Cabai Rawit Hijau,14,3,-1.28,0.0,1.28
2025-10-13,Cabai Rawit Hijau,7,1,-1.28,0.0,1.28
2025-10-13,Cabai Rawit Hijau,7,2,-1.28,0.0,1.28
2025-10-13,Cabai Rawit Hijau,7,3,-1.28,0.0,1.28
2025-10-13,Cabai Rawit Hijau,14,1,-1.28,0.0,1.28
2025-10-13,Cabai Rawit Hijau,14,2,-1.28,0.0,1.28
2025-10-13,Cabai Rawit Hijau,14,3,-1.28,0.0,1.28
2025-10-20,Cabai Rawit Hijau,7,1,-1.28,0.0,1.28
2025-10-20,Cabai Rawit Hijau,7,2,-1.28,0.0,1.28
2025-10-20,Cabai Rawit Hijau,7,3,-1.28,0.0,1.28
2025-10-20,Cabai Rawit Hijau,14,1,-1.28,0.0,1.28
2025-10-20,Cabai Rawit Hijau,14,2,-1.28,0.0,1.28
2025-10-20,Cabai Rawit Hijau,14,3,-1.28,0.0,1.28
2025-10-27,Cabai Rawit Hijau,7,1,-1.28,0.0,1.28
2025-10-27,Cabai Rawit Hijau,7,2,-1.28,0.0,1.28
2025-10-27,Cabai Rawit Hijau,7,3,-1.28,0.0,1.28
2025-10-27,Cabai Rawit Hijau,14,1,-1.28,0.0,1.28
2025-10-27,Cabai Rawit Hijau,14,2,-1.28,0.0,1.28
2025-10-27,Cabai Rawit Hijau,14,3,-1.28,0.0,1.28
2025-11-03,Cabai Rawit Hijau,7,1,-1.28,0.0,1.28
2025-11-03,Cabai Rawit Hijau,7,2,-1.28,0.0,1.28
2025-11-03,Cabai Rawit Hijau,7,3,-1.28,0.0,1.28
2025-11-03,Cabai Rawit Hijau,14,1,-1.28,0.0,1.28
2025-11-03,Cabai Rawit Hijau,14,2,-1.28,0.0,1.28
2025-11-03,Cabai Rawit Hijau,14,3,-1.28,0.0,1.28
2025-11-10,Cabai Rawit Hijau,7,1,-1.28,0.0,1.28
2025-11-10,Cabai Rawit Hijau,7,2,-1.28,0.0,1.28
2025-11-10,Cabai Rawit Hijau,7,3,-1.28,0.0,1.28
2025-11-10,Cabai Rawit Hijau,14,1,-1.28,0.0,1.28
2025-11-10,Cabai Rawit Hijau,14,2,-1.28,0.0,1.28
2025-11-10,Cabai Rawit Hijau,14,3,-1.28,0.0,1.28
2025-11-17,Cabai Rawit Hijau,7,1,-1.28,0.0,1.28
2025-11-17,Cabai Rawit Hijau,7,2,-1.28,0.0,1.28
2025-11-17,Cabai Rawit Hijau,7,3,-1.28,0.0,1.28
2025-11-17,Cabai Rawit Hijau,14,1,-1.28,0.0,1.28
2025-11-17,Cabai Rawit Hijau,14,2,-1.28,0.0,1.28
2025-11-17,Cabai Rawit Hijau,14,3,-1.28,0.0,1.28
2025-12-01,Cabai Rawit Hijau,7,1,-1.28,0.0,1.28
2025-12-01,Cabai Rawit Hijau,7,2,-1.28,0.0,1.28
2025-12-01,Cabai Rawit Hijau,7,3,-1.28,0.0,1.28
2025-12-01,Cabai Rawit Hijau,14,1,-1.28,0.0,1.28
2025-12-01,Cabai Rawit Hijau,14,2,-1.28,0.0,1.28
2025-12-01,Cabai Rawit Hijau,14,3,-1.28,0.0,1.28
2025-12-08,Cabai Rawit Hijau,7,1,-1.28,0.0,1.28
2025-12-08,Cabai Rawit Hijau,7,2,-1.28,0.0,1.28
2025-12-08,Cabai Rawit Hijau,7,3,-1.28,0.0,1.28
2025-12-08,Cabai Rawit Hijau,14,1,-1.28,0.0,1.28
2025-12-08,Cabai Rawit Hijau,14,2,-1.28,0.0,1.28
2025-12-08,Cabai Rawit Hijau,14,3,-1.28,0.0,1.28
2025-12-15,Cabai Rawit Hijau,7,1,-1.28,0.0,1.28
2025-12-15,Cabai Rawit Hijau,7,2,-1.28,0.0,1.28
2025-12-15,Cabai Rawit Hijau,7,3,-1.28,0.0,1.28
2025-12-15,Cabai Rawit Hijau,14,1,-1.28,0.0,1.28
2025-12-15,Cabai Rawit Hijau,14,2,-1.28,0.0,1.28
2025-12-15,Cabai Rawit Hijau,14,3,-1.28,0.0,1.28
2025-12-22,Cabai Rawit Hijau,7,1,-1.28,0.0,1.28
2025-12-22,Cabai Rawit Hijau,7,2,-1.28,0.0,1.28
2025-12-22,Cabai Rawit Hijau,7,3,-1.28,0.0,1.28
2025-12-22,Cabai Rawit Hijau,14,1,-1.28,0.0,1.28
2025-12-22,Cabai Rawit Hijau,14,2,-1.28,0.0,1.28
2025-12-22,Cabai Rawit Hijau,14,3,-1.28,0.0,1.28
2025-12-29,Cabai Rawit Hijau,7,1,-1.28,0.0,1.28
2025-12-29,Cabai Rawit Hijau,7,2,-1.28,0.0,1.28
2025-12-29,Cabai Rawit Hijau,7,3,-1.28,0.0,1.28
2025-12-29,Cabai Rawit Hijau,14,1,-1.28,0.0,1.28
2025-12-29,Cabai Rawit Hijau,14,2,-1.28,0.0,1.28
2025-12-29,Cabai Rawit Hijau,14,3,-1.28,0.0,1.28
2026-01-05,Cabai Rawit Hijau,7,1,-1.28,0.0,1.28
2026-01-05,Cabai Rawit Hijau,7,2,-1.28,0.0,1.28
2026-01-05,Cabai Rawit Hijau,7,3,-1.28,0.0,1.28
2026-01-05,Cabai Rawit Hijau,14,1,-1.28,0.0,1.28
2026-01-05,Cabai Rawit Hijau,14,2,-1.28,0.0,1.28
2026-01-05,Cabai Rawit Hijau,14,3,-1.28,0.0,1.28
2026-01-12,Cabai Rawit Hijau,7,1,-1.28,0.0,1.28
2026-01-12,Cabai Rawit Hijau,7,2,-1.28,0.0,1.28
2026-01-12,Cabai Rawit Hijau,7,3,-1.28,0.0,1.28
2026-01-12,Cabai Rawit Hijau,14,1,-1.28,0.0,1.28
2026-01-12,Cabai Rawit Hijau,14,2,-1.28,0.0,1.28
2026-01-12,Cabai Rawit Hijau,14,3,-1.28,0.0,1.28
2026-01-19,Cabai Rawit Hijau,7,1,-1.28,0.0,1.28
2026-01-19,Cabai Rawit Hijau,7,2,-1.28,0.0,1.28
2026-01-19,Cabai Rawit Hijau,7,3,-1.28,0.0,1.28
2026-01-19,Cabai Rawit Hijau,14,1,-1.28,0.0,1.28
2026-01-19,Cabai Rawit Hijau,14,2,-1.28,0.0,1.28
2026-01-19,Cabai Rawit Hijau,14,3,-1.28,0.0,1.28
2026-01-26,Cabai Rawit Hijau,7,1,-1.28,0.0,1.28
2026-01-26,Cabai Rawit Hijau,7,2,-1.28,0.0,1.28
2026-01-26,Cabai Rawit Hijau,7,3,-1.28,0.0,1.28
2026-01-26,Cabai Rawit Hijau,14,1,-1.28,0.0,1.28
2026-01-26,Cabai Rawit Hijau,14,2,-1.28,0.0,1.28
2026-01-26,Cabai Rawit Hijau,14,3,-1.28,0.0,1.28
2026-02-02,Cabai Rawit Hijau,7,1,-1.28,0.0,1.28
2026-02-02,Cabai Rawit Hijau,7,2,-1.28,0.0,1.28
2026-02-02,Cabai Rawit Hijau,7,3,-1.28,0.0,1.28
2026-02-02,Cabai Rawit Hijau,14,1,-1.28,0.0,1.28
2026-02-02,Cabai Rawit Hijau,14,2,-1.28,0.0,1.28
2026-02-02,Cabai Rawit Hijau,14,3,-1.28,0.0,1.28
2026-02-09,Cabai Rawit Hijau,7,1,-1.28,0.0,1.28
2026-02-09,Cabai Rawit Hijau,7,2,-1.28,0.0,1.28
2026-02-09,Cabai Rawit Hijau,7,3,-1.28,0.0,1.28
2026-02-09,Cabai Rawit Hijau,14,1,-1.28,0.0,1.28
2026-02-09,Cabai Rawit Hijau,14,2,-1.28,0.0,1.28
2026-02-09,Cabai Rawit Hijau,14,3,-1.28,0.0,1.28
2026-02-16,Cabai Rawit Hijau,7,1,-1.28,0.0,1.28
2026-02-16,Cabai Rawit Hijau,7,2,-1.28,0.0,1.28
2026-02-16,Cabai Rawit Hijau,7,3,-1.28,0.0,1.28
2026-02-16,Cabai Rawit Hijau,14,1,-1.28,0.0,1.28
2026-02-16,Cabai Rawit Hijau,14,2,-1.28,0.0,1.28
2026-02-16,Cabai Rawit Hijau,14,3,-1.28,0.0,1.28
2026-03-02,Cabai Rawit Hijau,7,1,-1.28,0.0,1.28
2026-03-02,Cabai Rawit Hijau,7,2,-1.28,0.0,1.28
2026-03-02,Cabai Rawit Hijau,7,3,-1.28,0.0,1.28
2026-03-02,Cabai Rawit Hijau,14,1,-1.28,0.0,1.28
2026-03-02,Cabai Rawit Hijau,14,2,-1.28,0.0,1.28
2026-03-02,Cabai Rawit Hijau,14,3,-1.28,0.0,1.28
2026-03-09,Cabai Rawit Hijau,7,1,-1.28,0.0,1.28
2026-03-09,Cabai Rawit Hijau,7,2,-1.28,0.0,1.28
2026-03-09,Cabai Rawit Hijau,7,3,-1.28,0.0,1.28
2026-03-09,Cabai Rawit Hijau,14,1,-1.28,0.0,1.28
2026-03-09,Cabai Rawit Hijau,14,2,-1.28,0.0,1.28
2026-03-09,Cabai Rawit Hijau,14,3,-1.28,0.0,1.28
2026-03-16,Cabai Rawit Hijau,7,1,-1.28,0.0,1.28
2026-03-16,Cabai Rawit Hijau,7,2,-1.28,0.0,1.28
2026-03-16,Cabai Rawit Hijau,7,3,-1.28,0.0,1.28
2026-03-16,Cabai Rawit Hijau,14,1,-1.28,0.0,1.28
2026-03-16,Cabai Rawit Hijau,14,2,-1.28,0.0,1.28
2026-03-16,Cabai Rawit Hijau,14,3,-1.28,0.0,1.28
2026-03-23,Cabai Rawit Hijau,7,1,-1.28,0.0,1.28
2026-03-23,Cabai Rawit Hijau,7,2,-1.28,0.0,1.28
2026-03-23,Cabai Rawit Hijau,7,3,-1.28,0.0,1.28
2026-03-23,Cabai Rawit Hijau,14,1,-1.28,0.0,1.28
2026-03-23,Cabai Rawit Hijau,14,2,-1.28,0.0,1.28
2026-03-23,Cabai Rawit Hijau,14,3,-1.28,0.0,1.28
2026-03-30,Cabai Rawit Hijau,7,1,-1.28,0.0,1.28
2026-03-30,Cabai Rawit Hijau,7,2,-1.28,0.0,1.28
2026-03-30,Cabai Rawit Hijau,7,3,-1.28,0.0,1.28
2026-03-30,Cabai Rawit Hijau,14,1,-1.28,0.0,1.28
2026-03-30,Cabai Rawit Hijau,14,2,-1.28,0.0,1.28
2026-03-30,Cabai Rawit Hijau,14,3,-1.28,0.0,1.28
2026-04-06,Cabai Rawit Hijau,7,1,-1.28,0.0,1.28
2026-04-06,Cabai Rawit Hijau,7,2,-1.28,0.0,1.28
2026-04-06,Cabai Rawit Hijau,7,3,-1.28,0.0,1.28
2026-04-06,Cabai Rawit Hijau,14,1,-1.28,0.0,1.28
2026-04-06,Cabai Rawit Hijau,14,2,-1.28,0.0,1.28
2026-04-06,Cabai Rawit Hijau,14,3,-1.28,0.0,1.28
2026-04-13,Cabai Rawit Hijau,7,1,-1.28,0.0,1.28
2026-04-13,Cabai Rawit Hijau,7,2,-1.28,0.0,1.28
2026-04-13,Cabai Rawit Hijau,7,3,-1.28,0.0,1.28
2026-04-13,Cabai Rawit Hijau,14,1,-1.28,0.0,1.28
2026-04-13,Cabai Rawit Hijau,14,2,-1.28,0.0,1.28
2026-04-13,Cabai Rawit Hijau,14,3,-1.28,0.0,1.28
2026-04-20,Cabai Rawit Hijau,7,1,-1.28,0.0,1.28
2026-04-20,Cabai Rawit Hijau,7,2,-1.28,0.0,1.28
2026-04-20,Cabai Rawit Hijau,7,3,-1.28,0.0,1.28
2026-04-20,Cabai Rawit Hijau,14,1,-1.28,0.0,1.28
2026-04-20,Cabai Rawit Hijau,14,2,-1.28,0.0,1.28
2026-04-20,Cabai Rawit Hijau,14,3,-1.28,0.0,1.28
2026-04-27,Cabai Rawit Hijau,7,1,-1.28,0.0,1.28
2026-04-27,Cabai Rawit Hijau,7,2,-1.28,0.0,1.28
2026-04-27,Cabai Rawit Hijau,7,3,-1.28,0.0,1.28
2026-04-27,Cabai Rawit Hijau,14,1,-1.28,0.0,1.28
2026-04-27,Cabai Rawit Hijau,14,2,-1.28,0.0,1.28
2026-04-27,Cabai Rawit Hijau,14,3,-1.28,0.0,1.28
2026-05-04,Cabai Rawit Hijau,7,1,-1.28,0.0,1.28
2026-05-04,Cabai Rawit Hijau,7,2,-1.28,0.0,1.28
2026-05-04,Cabai Rawit Hijau,7,3,-1.28,0.0,1.28
2026-05-04,Cabai Rawit Hijau,14,1,-1.28,0.0,1.28
2026-05-04,Cabai Rawit Hijau,14,2,-1.28,0.0,1.28
2026-05-04,Cabai Rawit Hijau,14,3,-1.28,0.0,1.28
2026-05-11,Cabai Rawit Hijau,7,1,-1.28,0.0,1.28
2026-05-11,Cabai Rawit Hijau,7,2,-1.28,0.0,1.28
2026-05-11,Cabai Rawit Hijau,7,3,-1.28,0.0,1.28
2026-05-11,Cabai Rawit Hijau,14,1,-1.28,0.0,1.28
2026-05-11,Cabai Rawit Hijau,14,2,-1.28,0.0,1.28
2026-05-11,Cabai Rawit Hijau,14,3,-1.28,0.0,1.28
2026-05-18,Cabai Rawit Hijau,7,1,-1.28,0.0,1.28
2026-05-18,Cabai Rawit Hijau,7,2,-1.28,0.0,1.28
2026-05-18,Cabai Rawit Hijau,7,3,-1.28,0.0,1.28
2026-05-18,Cabai Rawit Hijau,14,1,-1.28,0.0,1.28
2026-05-18,Cabai Rawit Hijau,14,2,-1.28,0.0,1.28
2026-05-18,Cabai Rawit Hijau,14,3,-1.28,0.0,1.28
2026-06-01,Cabai Rawit Hijau,7,1,-1.28,0.0,1.28
2026-06-01,Cabai Rawit Hijau,7,2,-1.28,0.0,1.28
2026-06-01,Cabai Rawit Hijau,7,3,-1.28,0.0,1.28
2026-06-01,Cabai Rawit Hijau,14,1,-1.28,0.0,1.28
2026-06-01,Cabai Rawit Hijau,14,2,-1.28,0.0,1.28
2026-06-01,Cabai Rawit Hijau,14,3,-1.28,0.0,1.28
2026-06-08,Cabai Rawit Hijau,7,1,-1.28,0.0,1.28
2026-06-08,Cabai Rawit Hijau,7,2,-1.28,0.0,1.28
2026-06-08,Cabai Rawit Hijau,7,3,-1.28,0.0,1.28
2026-06-08,Cabai Rawit Hijau,14,1,-1.28,0.0,1.28
2026-06-08,Cabai Rawit Hijau,14,2,-1.28,0.0,1.28
2026-06-08,Cabai Rawit Hijau,14,3,-1.28,0.0,1.28
2026-06-15,Cabai Rawit Hijau,7,1,-1.28,0.0,1.28
2026-06-15,Cabai Rawit Hijau,7,2,-1.28,0.0,1.28
2026-06-15,Cabai Rawit Hijau,7,3,-1.28,0.0,1.28
2026-06-15,Cabai Rawit Hijau,14,1,-1.28,0.0,1.28
2026-06-15,Cabai Rawit Hijau,14,2,-1.28,0.0,1.28
2026-06-15,Cabai Rawit Hijau,14,3,-1.28,0.0,1.28
2026-06-22,Cabai Rawit Hijau,7,1,-1.28,0.0,1.28
2026-06-22,Cabai Rawit Hijau,7,2,-1.28,0.0,1.28
2026-06-22,Cabai Rawit Hijau,7,3,-1.28,0.0,1.28
2026-06-22,Cabai Rawit Hijau,14,1,-1.28,0.0,1.28
2026-06-22,Cabai Rawit Hijau,14,2,-1.28,0.0,1.28
2026-06-22,Cabai Rawit Hijau,14,3,-1.28,0.0,1.28
2026-06-29,Cabai Rawit Hijau,7,1,-1.28,0.0,1.28
2026-06-29,Cabai Rawit Hijau,7,2,-1.28,0.0,1.28
2026-06-29,Cabai Rawit Hijau,7,3,-1.28,0.0,1.28
2026-06-29,Cabai Rawit Hijau,14,1,-1.28,0.0,1.28
2026-06-29,Cabai Rawit Hijau,14,2,-1.28,0.0,1.28
2026-06-29,Cabai Rawit Hijau,14,3,-1.28,0.0,1.28
2026-07-06,Cabai Rawit Hijau,7,1,-1.28,0.0,1.28
2026-07-06,Cabai Rawit Hijau,7,2,-1.28,0.0,1.28
2026-07-06,Cabai Rawit Hijau,7,3,-1.28,0.0,1.28
2026-07-06,Cabai Rawit Hijau,14,1,-1.28,0.0,1.28
2026-07-06,Cabai Rawit Hijau,14,2,-1.28,0.0,1.28
2026-07-06,Cabai Rawit Hijau,14,3,-1.28,0.0,1.28
2026-07-13,Cabai Rawit Hijau,7,1,-1.28,0.0,1.28
2026-07-13,Cabai Rawit Hijau,7,2,-1.28,0.0,1.28
2026-07-13,Cabai Rawit Hijau,7,3,-1.28,0.0,1.28
2026-07-13,Cabai Rawit Hijau,14,1,-1.28,0.0,1.28
2026-07-13,Cabai Rawit Hijau,14,2,-1.28,0.0,1.28
2026-07-13,Cabai Rawit Hijau,14,3,-1.28,0.0,1.28
2026-07-20,Cabai Rawit Hijau,7,1,-1.28,0.0,1.28
2026-07-20,Cabai Rawit Hijau,7,2,-1.28,0.0,1.28
2026-07-20,Cabai Rawit Hijau,7,3,-1.28,0.0,1.28
2026-07-20,Cabai Rawit Hijau,14,1,-1.28,0.0,1.28
2026-07-20,Cabai Rawit Hijau,14,2,-1.28,0.0,1.28
2026-07-20,Cabai Rawit Hijau,14,3,-1.28,0.0,1.28
2026-07-27,Cabai Rawit Hijau,7,1,-1.28,0.0,1.28
2026-07-27,Cabai Rawit Hijau,7,2,-1.28,0.0,1.28
2026-07-27,Cabai Rawit Hijau,7,3,-1.28,0.0,1.28
2026-07-27,Cabai Rawit Hijau,14,1,-1.28,0.0,1.28
2026-07-27,Cabai Rawit Hijau,14,2,-1.28,0.0,1.28
2026-07-27,Cabai Rawit Hijau,14,3,-1.28,0.0,1.28
2026-08-03,Cabai Rawit Hijau,7,1,-1.28,0.0,1.28
2026-08-03,Cabai Rawit Hijau,7,2,-1.28,0.0,1.28
2026-08-03,Cabai Rawit Hijau,7,3,-1.28,0.0,1.28
2026-08-03,Cabai Rawit Hijau,14,1,-1.28,0.0,1.28
2026-08-03,Cabai Rawit Hijau,14,2,-1.28,0.0,1.28
2026-08-03,Cabai Rawit Hijau,14,3,-1.28,0.0,1.28
2026-08-10,Cabai Rawit Hijau,7,1,-1.28,0.0,1.28
2026-08-10,Cabai Rawit Hijau,7,2,-1.28,0.0,1.28
2026-08-10,Cabai Rawit Hijau,7,3,-1.28,0.0,1.28
2026-08-10,Cabai Rawit Hijau,14,1,-1.28,0.0,1.28
2026-08-10,Cabai Rawit Hijau,14,2,-1.28,0.0,1.28
2026-08-10,Cabai Rawit Hijau,14,3,-1.28,0.0,1.28
2026-08-17,Cabai Rawit Hijau,7,1,-1.28,0.0,1.28
2026-08-17,Cabai Rawit Hijau,7,2,-1.28,0.0,1.28
2026-08-17,Cabai Rawit Hijau,7,3,-1.28,0.0,1.28
2026-08-17,Cabai Rawit Hijau,14,1,-1.28,0.0,1.28
2026-08-17,Cabai Rawit Hijau,14,2,-1.28,0.0,1.28
2026-08-17,Cabai Rawit Hijau,14,3,-1.28,0.0,1.28
2026-08-24,Cabai Rawit Hijau,7,1,-1.28,0.0,1.28
2026-08-24,Cabai Rawit Hijau,7,2,-1.28,0.0,1.28
2026-08-24,Cabai Rawit Hijau,7,3,-1.28,0.0,1.28
2026-08-24,Cabai Rawit Hijau,14,1,-1.28,0.0,1.28
2026-08-24,Cabai Rawit Hijau,14,2,-1.28,0.0,1.28
2026-08-24,Cabai Rawit Hijau,14,3,-1.28,0.0,1.28
2018-09-17,Cabai Rawit Merah,7,1,-1.28,0.0,1.28
2018-09-17,Cabai Rawit Merah,7,2,-1.28,0.0,1.28
2018-09-17,Cabai Rawit Merah,7,3,-1.28,0.0,1.28
2018-09-17,Cabai Rawit Merah,14,1,-1.28,0.0,1.28
2018-09-17,Cabai Rawit Merah,14,2,-1.28,0.0,1.28
2018-09-17,Cabai Rawit Merah,14,3,-1.28,0.0,1.28
2018-09-24,Cabai Rawit Merah,7,1,-1.28,0.0,1.28
2018-09-24,Cabai Rawit Merah,7,2,-1.28,0.0,1.28
2018-09-24,Cabai Rawit Merah,7,3,-1.28,0.0,1.28
2018-09-24,Cabai Rawit Merah,14,1,-1.28,0.0,1.28
2018-09-24,Cabai Rawit Merah,14,2,-1.28,0.0,1.28
2018-09-24,Cabai Rawit Merah,14,3,-1.28,0.0,1.28
2018-10-01,Cabai Rawit Merah,7,1,-1.28,0.0,1.28
2018-10-01,Cabai Rawit Merah,7,2,-1.28,0.0,1.28
2018-10-01,Cabai Rawit Merah,7,3,-1.28,0.0,1.28
2018-10-01,Cabai Rawit Merah,14,1,-1.28,0.0,1.28
2018-10-01,Cabai Rawit Merah,14,2,-1.28,0.0,1.28
2018-10-01,Cabai Rawit Merah,14,3,-1.28,0.0,1.28
2018-10-08,Cabai Rawit Merah,7,1,-1.28,0.0,1.28
2018-10-08,Cabai Rawit Merah,7,2,-1.28,0.0,1.28
2018-10-08,Cabai Rawit Merah,7,3,-1.28,0.0,1.28
2018-10-08,Cabai Rawit Merah,14,1,-1.28,0.0,1.28
2018-10-08,Cabai Rawit Merah,14,2,-1.28,0.0,1.28
2018-10-08,Cabai Rawit Merah,14,3,-1.28,0.0,1.28
2018-10-15,Cabai Rawit Merah,7,1,-1.28,0.0,1.28
2018-10-15,Cabai Rawit Merah,7,2,-1.28,0.0,1.28
2018-10-15,Cabai Rawit Merah,7,3,-1.28,0.0,1.28
2018-10-15,Cabai Rawit Merah,14,1,-1.28,0.0,1.28
2018-10-15,Cabai Rawit Merah,14,2,-1.28,0.0,1.28
2018-10-15,Cabai Rawit Merah,14,3,-1.28,0.0,1.28
2018-10-22,Cabai Rawit Merah,7,1,-1.28,0.0,1.28
2018-10-22,Cabai Rawit Merah,7,2,-1.28,0.0,1.28
2018-10-22,Cabai Rawit Merah,7,3,-1.28,0.0,1.28
2018-10-22,Cabai Rawit Merah,14,1,-1.28,0.0,1.28
2018-10-22,Cabai Rawit Merah,14,2,-1.28,0.0,1.28
2018-10-22,Cabai Rawit Merah,14,3,-1.28,0.0,1.28
2018-10-29,Cabai Rawit Merah,7,1,-1.28,0.0,1.28
2018-10-29,Cabai Rawit Merah,7,2,-1.28,0.0,1.28
2018-10-29,Cabai Rawit Merah,7,3,-1.28,0.0,1.28
2018-10-29,Cabai Rawit Merah,14,1,-1.28,0.0,1.28
2018-10-29,Cabai Rawit Merah,14,2,-1.28,0.0,1.28
2018-10-29,Cabai Rawit Merah,14,3,-1.28,0.0,1.28
2018-11-05,Cabai Rawit Merah,7,1,-1.28,0.0,1.28
2018-11-05,Cabai Rawit Merah,7,2,-1.28,0.0,1.28
2018-11-05,Cabai Rawit Merah,7,3,-1.28,0.0,1.28
2018-11-05,Cabai Rawit Merah,14,1,-1.28,0.0,1.28
2018-11-05,Cabai Rawit Merah,14,2,-1.28,0.0,1.28
2018-11-05,Cabai Rawit Merah,14,3,-1.28,0.0,1.28
2018-11-12,Cabai Rawit Merah,7,1,-1.28,0.0,1.28
2018-11-12,Cabai Rawit Merah,7,2,-1.28,0.0,1.28
2018-11-12,Cabai Rawit Merah,7,3,-1.28,0.0,1.28
2018-11-12,Cabai Rawit Merah,14,1,-1.28,0.0,1.28
2018-11-12,Cabai Rawit Merah,14,2,-1.28,0.0,1.28
2018-11-12,Cabai Rawit Merah,14,3,-1.28,0.0,1.28
2018-11-19,Cabai Rawit Merah,7,1,-1.28,0.0,1.28
2018-11-19,Cabai Rawit Merah,7,2,-1.28,0.0,1.28
2018-11-19,Cabai Rawit Merah,7,3,-1.28,0.0,1.28
2018-11-19,Cabai Rawit Merah,14,1,-1.28,0.0,1.28
2018-11-19,Cabai Rawit Merah,14,2,-1.28,0.0,1.28
2018-11-19,Cabai Rawit Merah,14,3,-1.28,0.0,1.28
2018-11-26,Cabai Rawit Merah,7,1,-1.28,0.0,1.28
2018-11-26,Cabai Rawit Merah,7,2,-1.28,0.0,1.28
2018-11-26,Cabai Rawit Merah,7,3,-1.28,0.0,1.28
2018-11-26,Cabai Rawit Merah,14,1,-1.28,0.0,1.28
2018-11-26,Cabai Rawit Merah,14,2,-1.28,0.0,1.28
2018-11-26,Cabai Rawit Merah,14,3,-1.28,0.0,1.28
2018-12-03,Cabai Rawit Merah,7,1,-1.28,0.0,1.28
2018-12-03,Cabai Rawit Merah,7,2,-1.28,0.0,1.28
2018-12-03,Cabai Rawit Merah,7,3,-1.28,0.0,1.28
2018-12-03,Cabai Rawit Merah,14,1,-1.28,0.0,1.28
2018-12-03,Cabai Rawit Merah,14,2,-1.28,0.0,1.28
2018-12-03,Cabai Rawit Merah,14,3,-1.28,0.0,1.28
2018-12-10,Cabai Rawit Merah,7,1,-1.28,0.0,1.28
2018-12-10,Cabai Rawit Merah,7,2,-1.28,0.0,1.28
2018-12-10,Cabai Rawit Merah,7,3,-1.28,0.0,1.28
2018-12-10,Cabai Rawit Merah,14,1,-1.28,0.0,1.28
2018-12-10,Cabai Rawit Merah,14,2,-1.28,0.0,1.28
2018-12-10,Cabai Rawit Merah,14,3,-1.28,0.0,1.28
2018-12-17,Cabai Rawit Merah,7,1,-1.28,0.0,1.28
2018-12-17,Cabai Rawit Merah,7,2,-1.28,0.0,1.28
2018-12-17,Cabai Rawit Merah,7,3,-1.28,0.0,1.28
2018-12-17,Cabai Rawit Merah,14,1,-1.28,0.0,1.28
2018-12-17,Cabai Rawit Merah,14,2,-1.28,0.0,1.28
2018-12-17,Cabai Rawit Merah,14,3,-1.28,0.0,1.28
2018-12-24,Cabai Rawit Merah,7,1,-1.28,0.0,1.28
2018-12-24,Cabai Rawit Merah,7,2,-1.28,0.0,1.28
2018-12-24,Cabai Rawit Merah,7,3,-1.28,0.0,1.28
2018-12-24,Cabai Rawit Merah,14,1,-1.28,0.0,1.28
2018-12-24,Cabai Rawit Merah,14,2,-1.28,0.0,1.28
2018-12-24,Cabai Rawit Merah,14,3,-1.28,0.0,1.28
2019-01-07,Cabai Rawit Merah,7,1,-1.28,0.0,1.28
2019-01-07,Cabai Rawit Merah,7,2,-1.28,0.0,1.28
2019-01-07,Cabai Rawit Merah,7,3,-1.28,0.0,1.28
2019-01-07,Cabai Rawit Merah,14,1,-1.28,0.0,1.28
2019-01-07,Cabai Rawit Merah,14,2,-1.28,0.0,1.28
2019-01-07,Cabai Rawit Merah,14,3,-1.28,0.0,1.28
2019-01-14,Cabai Rawit Merah,7,1,-1.28,0.0,1.28
2019-01-14,Cabai Rawit Merah,7,2,-1.28,0.0,1.28
2019-01-14,Cabai Rawit Merah,7,3,-1.28,0.0,1.28
2019-01-14,Cabai Rawit Merah,14,1,-1.28,0.0,1.28
2019-01-14,Cabai Rawit Merah,14,2,-1.28,0.0,1.28
2019-01-14,Cabai Rawit Merah,14,3,-1.28,0.0,1.28
2019-01-21,Cabai Rawit Merah,7,1,-1.28,0.0,1.28
2019-01-21,Cabai Rawit Merah,7,2,-1.28,0.0,1.28
2019-01-21,Cabai Rawit Merah,7,3,-1.28,0.0,1.28
2019-01-21,Cabai Rawit Merah,14,1,-1.28,0.0,1.28
2019-01-21,Cabai Rawit Merah,14,2,-1.28,0.0,1.28
2019-01-21,Cabai Rawit Merah,14,3,-1.28,0.0,1.28
2019-01-28,Cabai Rawit Merah,7,1,-1.28,0.0,1.28
2019-01-28,Cabai Rawit Merah,7,2,-1.28,0.0,1.28
2019-01-28,Cabai Rawit Merah,7,3,-1.28,0.0,1.28
2019-01-28,Cabai Rawit Merah,14,1,-1.28,0.0,1.28
2019-01-28,Cabai Rawit Merah,14,2,-1.28,0.0,1.28
2019-01-28,Cabai Rawit Merah,14,3,-1.28,0.0,1.28
2019-02-04,Cabai Rawit Merah,7,1,-1.28,0.0,1.28
2019-02-04,Cabai Rawit Merah,7,2,-1.28,0.0,1.28
2019-02-04,Cabai Rawit Merah,7,3,-1.28,0.0,1.28
2019-02-04,Cabai Rawit Merah,14,1,-1.28,0.0,1.28
2019-02-04,Cabai Rawit Merah,14,2,-1.28,0.0,1.28
2019-02-04,Cabai Rawit Merah,14,3,-1.28,0.0,1.28
2019-02-11,Cabai Rawit Merah,7,1,-1.28,0.0,1.28
2019-02-11,Cabai Rawit Merah,7,2,-1.28,0.0,1.28
2019-02-11,Cabai Rawit Merah,7,3,-1.28,0.0,1.28
2019-02-11,Cabai Rawit Merah,14,1,-1.28,0.0,1.28
2019-02-11,Cabai Rawit Merah,14,2,-1.28,0.0,1.28
2019-02-11,Cabai Rawit Merah,14,3,-1.28,0.0,1.28
2019-02-18,Cabai Rawit Merah,7,1,-1.28,0.0,1.28
2019-02-18,Cabai Rawit Merah,7,2,-1.28,0.0,1.28
2019-02-18,Cabai Rawit Merah,7,3,-1.28,0.0,1.28
2019-02-18,Cabai Rawit Merah,14,1,-1.28,0.0,1.28
2019-02-18,Cabai Rawit Merah,14,2,-1.28,0.0,1.28
2019-02-18,Cabai Rawit Merah,14,3,-1.28,0.0,1.28
2019-02-25,Cabai Rawit Merah,7,1,-1.28,0.0,1.28
2019-02-25,Cabai Rawit Merah,7,2,-1.28,0.0,1.28
2019-02-25,Cabai Rawit Merah,7,3,-1.28,0.0,1.28
2019-02-25,Cabai Rawit Merah,14,1,-1.28,0.0,1.28
2019-02-25,Cabai Rawit Merah,14,2,-1.28,0.0,1.28
2019-02-25,Cabai Rawit Merah,14,3,-1.28,0.0,1.28
2019-03-04,Cabai Rawit Merah,7,1,-1.28,0.0,1.28
2019-03-04,Cabai Rawit Merah,7,2,-1.28,0.0,1.28
2019-03-04,Cabai Rawit Merah,7,3,-1.28,0.0,1.28
2019-03-04,Cabai Rawit Merah,14,1,-1.28,0.0,1.28
2019-03-04,Cabai Rawit Merah,14,2,-1.28,0.0,1.28
2019-03-04,Cabai Rawit Merah,14,3,-1.28,0.0,1.28
2019-03-18,Cabai Rawit Merah,7,1,-1.28,0.0,1.28
2019-03-18,Cabai Rawit Merah,7,2,-1.28,0.0,1.28
2019-03-18,Cabai Rawit Merah,7,3,-1.28,0.0,1.28
2019-03-18,Cabai Rawit Merah,14,1,-1.28,0.0,1.28
2019-03-18,Cabai Rawit Merah,14,2,-1.28,0.0,1.28
2019-03-18,Cabai Rawit Merah,14,3,-1.28,0.0,1.28
2019-03-25,Cabai Rawit Merah,7,1,-1.28,0.0,1.28
2019-03-25,Cabai Rawit Merah,7,2,-1.28,0.0,1.28
2019-03-25,Cabai Rawit Merah,7,3,-1.28,0.0,1.28
2019-03-25,Cabai Rawit Merah,14,1,-1.28,0.0,1.28
2019-03-25,Cabai Rawit Merah,14,2,-1.28,0.0,1.28
2019-03-25,Cabai Rawit Merah,14,3,-1.28,0.0,1.28
2019-04-01,Cabai Rawit Merah,7,1,-1.28,0.0,1.28
2019-04-01,Cabai Rawit Merah,7,2,-1.28,0.0,1.28
2019-04-01,Cabai Rawit Merah,7,3,-1.28,0.0,1.28
2019-04-01,Cabai Rawit Merah,14,1,-1.28,0.0,1.28
2019-04-01,Cabai Rawit Merah,14,2,-1.28,0.0,1.28
2019-04-01,Cabai Rawit Merah,14,3,-1.28,0.0,1.28
2019-04-08,Cabai Rawit Merah,7,1,-1.28,0.0,1.28
2019-04-08,Cabai Rawit Merah,7,2,-1.28,0.0,1.28
2019-04-08,Cabai Rawit Merah,7,3,-1.28,0.0,1.28
2019-04-08,Cabai Rawit Merah,14,1,-1.28,0.0,1.28
2019-04-08,Cabai Rawit Merah,14,2,-1.28,0.0,1.28
2019-04-08,Cabai Rawit Merah,14,3,-1.28,0.0,1.28
2019-04-15,Cabai Rawit Merah,7,1,-1.28,0.0,1.28
2019-04-15,Cabai Rawit Merah,7,2,-1.28,0.0,1.28
2019-04-15,Cabai Rawit Merah,7,3,-1.28,0.0,1.28
2019-04-15,Cabai Rawit Merah,14,1,-1.28,0.0,1.28
2019-04-15,Cabai Rawit Merah,14,2,-1.28,0.0,1.28
2019-04-15,Cabai Rawit Merah,14,3,-1.28,0.0,1.28
2019-04-22,Cabai Rawit Merah,7,1,-1.28,0.0,1.28
2019-04-22,Cabai Rawit Merah,7,2,-1.28,0.0,1.28
2019-04-22,Cabai Rawit Merah,7,3,-1.28,0.0,1.28
2019-04-22,Cabai Rawit Merah,14,1,-1.28,0.0,1.28
2019-04-22,Cabai Rawit Merah,14,2,-1.28,0.0,1.28
2019-04-22,Cabai Rawit Merah,14,3,-1.28,0.0,1.28
2019-04-29,Cabai Rawit Merah,7,1,-1.28,0.0,1.28
2019-04-29,Cabai Rawit Merah,7,2,-1.28,0.0,1.28
2019-04-29,Cabai Rawit Merah,7,3,-1.28,0.0,1.28
2019-04-29,Cabai Rawit Merah,14,1,-1.28,0.0,1.28
2019-04-29,Cabai Rawit Merah,14,2,-1.28,0.0,1.28
2019-04-29,Cabai Rawit Merah,14,3,-1.28,0.0,1.28
2019-05-06,Cabai Rawit Merah,7,1,-1.28,0.0,1.28
2019-05-06,Cabai Rawit Merah,7,2,-1.28,0.0,1.28
2019-05-06,Cabai Rawit Merah,7,3,-1.28,0.0,1.28
2019-05-06,Cabai Rawit Merah,14,1,-1.28,0.0,1.28
2019-05-06,Cabai Rawit Merah,14,2,-1.28,0.0,1.28
2019-05-06,Cabai Rawit Merah,14,3,-1.28,0.0,1.28
2019-05-13,Cabai Rawit Merah,7,1,-1.28,0.0,1.28
2019-05-13,Cabai Rawit Merah,7,2,-1.28,0.0,1.28
2019-05-13,Cabai Rawit Merah,7,3,-1.28,0.0,1.28
2019-05-13,Cabai Rawit Merah,14,1,-1.28,0.0,1.28
2019-05-13,Cabai Rawit Merah,14,2,-1.28,0.0,1.28
2019-05-13,Cabai Rawit Merah,14,3,-1.28,0.0,1.28
2019-05-20,Cabai Rawit Merah,7,1,-1.28,0.0,1.28
2019-05-20,Cabai Rawit Merah,7,2,-1.28,0.0,1.28
2019-05-20,Cabai Rawit Merah,7,3,-1.28,0.0,1.28
2019-05-20,Cabai Rawit Merah,14,1,-1.28,0.0,1.28
2019-05-20,Cabai Rawit Merah,14,2,-1.28,0.0,1.28
2019-05-20,Cabai Rawit Merah,14,3,-1.28,0.0,1.28
2019-05-27,Cabai Rawit Merah,7,1,-1.28,0.0,1.28
2019-05-27,Cabai Rawit Merah,7,2,-1.28,0.0,1.28
2019-05-27,Cabai Rawit Merah,7,3,-1.28,0.0,1.28
2019-05-27,Cabai Rawit Merah,14,1,-1.28,0.0,1.28
2019-05-27,Cabai Rawit Merah,14,2,-1.28,0.0,1.28
2019-05-27,Cabai Rawit Merah,14,3,-1.28,0.0,1.28
2019-06-03,Cabai Rawit Merah,7,1,-1.28,0.0,1.28
2019-06-03,Cabai Rawit Merah,7,2,-1.28,0.0,1.28
2019-06-03,Cabai Rawit Merah,7,3,-1.28,0.0,1.28
2019-06-03,Cabai Rawit Merah,14,1,-1.28,0.0,1.28
2019-06-03,Cabai Rawit Merah,14,2,-1.28,0.0,1.28
2019-06-03,Cabai Rawit Merah,14,3,-1.28,0.0,1.28
2019-06-10,Cabai Rawit Merah,7,1,-1.28,0.0,1.28
2019-06-10,Cabai Rawit Merah,7,2,-1.28,0.0,1.28
2019-06-10,Cabai Rawit Merah,7,3,-1.28,0.0,1.28
2019-06-10,Cabai Rawit Merah,14,1,-1.28,0.0,1.28
2019-06-10,Cabai Rawit Merah,14,2,-1.28,0.0,1.28
2019-06-10,Cabai Rawit Merah,14,3,-1.28,0.0,1.28
2019-06-17,Cabai Rawit Merah,7,1,-1.28,0.0,1.28
2019-06-17,Cabai Rawit Merah,7,2,-1.28,0.0,1.28
2019-06-17,Cabai Rawit Merah,7,3,-1.28,0.0,1.28
2019-06-17,Cabai Rawit Merah,14,1,-1.28,0.0,1.28
2019-06-17,Cabai Rawit Merah,14,2,-1.28,0.0,1.28
2019-06-17,Cabai Rawit Merah,14,3,-1.28,0.0,1.28
2019-06-24,Cabai Rawit Merah,7,1,-1.28,0.0,1.28
2019-06-24,Cabai Rawit Merah,7,2,-1.28,0.0,1.28
2019-06-24,Cabai Rawit Merah,7,3,-1.28,0.0,1.28
2019-06-24,Cabai Rawit Merah,14,1,-1.28,0.0,1.28
2019-06-24,Cabai Rawit Merah,14,2,-1.28,0.0,1.28
2019-06-24,Cabai Rawit Merah,14,3,-1.28,0.0,1.28
2019-07-01,Cabai Rawit Merah,7,1,-1.28,0.0,1.28
2019-07-01,Cabai Rawit Merah,7,2,-1.28,0.0,1.28
2019-07-01,Cabai Rawit Merah,7,3,-1.28,0.0,1.28
2019-07-01,Cabai Rawit Merah,14,1,-1.28,0.0,1.28
2019-07-01,Cabai Rawit Merah,14,2,-1.28,0.0,1.28
2019-07-01,Cabai Rawit Merah,14,3,-1.28,0.0,1.28
2019-07-08,Cabai Rawit Merah,7,1,-1.28,0.0,1.28
2019-07-08,Cabai Rawit Merah,7,2,-1.28,0.0,1.28
2019-07-08,Cabai Rawit Merah,7,3,-1.28,0.0,1.28
2019-07-08,Cabai Rawit Merah,14,1,-1.28,0.0,1.28
2019-07-08,Cabai Rawit Merah,14,2,-1.28,0.0,1.28
2019-07-08,Cabai Rawit Merah,14,3,-1.28,0.0,1.28
2019-07-15,Cabai Rawit Merah,7,1,-1.28,0.0,1.28
2019-07-15,Cabai Rawit Merah,7,2,-1.28,0.0,1.28
2019-07-15,Cabai Rawit Merah,7,3,-1.28,0.0,1.28
2019-07-15,Cabai Rawit Merah,14,1,-1.28,0.0,1.28
2019-07-15,Cabai Rawit Merah,14,2,-1.28,0.0,1.28
2019-07-15,Cabai Rawit Merah,14,3,-1.28,0.0,1.28
2019-07-22,Cabai Rawit Merah,7,1,-1.28,0.0,1.28
2019-07-22,Cabai Rawit Merah,7,2,-1.28,0.0,1.28
2019-07-22,Cabai Rawit Merah,7,3,-1.28,0.0,1.28
2019-07-22,Cabai Rawit Merah,14,1,-1.28,0.0,1.28
2019-07-22,Cabai Rawit Merah,14,2,-1.28,0.0,1.28
2019-07-22,Cabai Rawit Merah,14,3,-1.28,0.0,1.28
2019-07-29,Cabai Rawit Merah,7,1,-1.28,0.0,1.28
2019-07-29,Cabai Rawit Merah,7,2,-1.28,0.0,1.28
2019-07-29,Cabai Rawit Merah,7,3,-1.28,0.0,1.28
2019-07-29,Cabai Rawit Merah,14,1,-1.28,0.0,1.28
2019-07-29,Cabai Rawit Merah,14,2,-1.28,0.0,1.28
2019-07-29,Cabai Rawit Merah,14,3,-1.28,0.0,1.28
2019-08-05,Cabai Rawit Merah,7,1,-1.28,0.0,1.28
2019-08-05,Cabai Rawit Merah,7,2,-1.28,0.0,1.28
2019-08-05,Cabai Rawit Merah,7,3,-1.28,0.0,1.28
2019-08-05,Cabai Rawit Merah,14,1,-1.28,0.0,1.28
2019-08-05,Cabai Rawit Merah,14,2,-1.28,0.0,1.28
2019-08-05,Cabai Rawit Merah,14,3,-1.28,0.0,1.28
2019-08-12,Cabai Rawit Merah,7,1,-1.28,0.0,1.28
2019-08-12,Cabai Rawit Merah,7,2,-1.28,0.0,1.28
2019-08-12,Cabai Rawit Merah,7,3,-1.28,0.0,1.28
2019-08-12,Cabai Rawit Merah,14,1,-1.28,0.0,1.28
2019-08-12,Cabai Rawit Merah,14,2,-1.28,0.0,1.28
2019-08-12,Cabai Rawit Merah,14,3,-1.28,0.0,1.28
2019-08-19,Cabai Rawit Merah,7,1,-1.28,0.0,1.28
2019-08-19,Cabai Rawit Merah,7,2,-1.28,0.0,1.28
2019-08-19,Cabai Rawit Merah,7,3,-1.28,0.0,1.28
2019-08-19,Cabai Rawit Merah,14,1,-1.28,0.0,1.28
2019-08-19,Cabai Rawit Merah,14,2,-1.28,0.0,1.28
2019-08-19,Cabai Rawit Merah,14,3,-1.28,0.0,1.28
2019-08-26,Cabai Rawit Merah,7,1,-1.28,0.0,1.28
2019-08-26,Cabai Rawit Merah,7,2,-1.28,0.0,1.28
2019-08-26,Cabai Rawit Merah,7,3,-1.28,0.0,1.28
2019-08-26,Cabai Rawit Merah,14,1,-1.28,0.0,1.28
2019-08-26,Cabai Rawit Merah,14,2,-1.28,0.0,1.28
2019-08-26,Cabai Rawit Merah,14,3,-1.28,0.0,1.28
2019-09-02,Cabai Rawit Merah,7,1,-1.28,0.0,1.28
2019-09-02,Cabai Rawit Merah,7,2,-1.28,0.0,1.28
2019-09-02,Cabai Rawit Merah,7,3,-1.28,0.0,1.28
2019-09-02,Cabai Rawit Merah,14,1,-1.28,0.0,1.28
2019-09-02,Cabai Rawit Merah,14,2,-1.28,0.0,1.28
2019-09-02,Cabai Rawit Merah,14,3,-1.28,0.0,1.28
2019-09-09,Cabai Rawit Merah,7,1,-1.28,0.0,1.28
2019-09-09,Cabai Rawit Merah,7,2,-1.28,0.0,1.28
2019-09-09,Cabai Rawit Merah,7,3,-1.28,0.0,1.28
2019-09-09,Cabai Rawit Merah,14,1,-1.28,0.0,1.28
2019-09-09,Cabai Rawit Merah,14,2,-1.28,0.0,1.28
2019-09-09,Cabai Rawit Merah,14,3,-1.28,0.0,1.28
2019-09-16,Cabai Rawit Merah,7,1,-1.28,0.0,1.28
2019-09-16,Cabai Rawit Merah,7,2,-1.28,0.0,1.28
2019-09-16,Cabai Rawit Merah,7,3,-1.28,0.0,1.28
2019-09-16,Cabai Rawit Merah,14,1,-1.28,0.0,1.28
2019-09-16,Cabai Rawit Merah,14,2,-1.28,0.0,1.28
2019-09-16,Cabai Rawit Merah,14,3,-1.28,0.0,1.28
2019-09-23,Cabai Rawit Merah,7,1,-1.28,0.0,1.28
2019-09-23,Cabai Rawit Merah,7,2,-1.28,0.0,1.28
2019-09-23,Cabai Rawit Merah,7,3,-1.28,0.0,1.28
2019-09-23,Cabai Rawit Merah,14,1,-1.28,0.0,1.28
2019-09-23,Cabai Rawit Merah,14,2,-1.28,0.0,1.28
2019-09-23,Cabai Rawit Merah,14,3,-1.28,0.0,1.28
2019-09-30,Cabai Rawit Merah,7,1,-1.28,0.0,1.28
2019-09-30,Cabai Rawit Merah,7,2,-1.28,0.0,1.28
2019-09-30,Cabai Rawit Merah,7,3,-1.28,0.0,1.28
2019-09-30,Cabai Rawit Merah,14,1,-1.28,0.0,1.28
2019-09-30,Cabai Rawit Merah,14,2,-1.28,0.0,1.28
2019-09-30,Cabai Rawit Merah,14,3,-1.28,0.0,1.28
2019-10-07,Cabai Rawit Merah,7,1,-1.28,0.0,1.28
2019-10-07,Cabai Rawit Merah,7,2,-1.28,0.0,1.28
2019-10-07,Cabai Rawit Merah,7,3,-1.28,0.0,1.28
2019-10-07,Cabai Rawit Merah,14,1,-1.28,0.0,1.28
2019-10-07,Cabai Rawit Merah,14,2,-1.28,0.0,1.28
2019-10-07,Cabai Rawit Merah,14,3,-1.28,0.0,1.28
2019-10-14,Cabai Rawit Merah,7,1,-1.28,0.0,1.28
2019-10-14,Cabai Rawit Merah,7,2,-1.28,0.0,1.28
2019-10-14,Cabai Rawit Merah,7,3,-1.28,0.0,1.28
2019-10-14,Cabai Rawit Merah,14,1,-1.28,0.0,1.28
2019-10-14,Cabai Rawit Merah,14,2,-1.28,0.0,1.28
2019-10-14,Cabai Rawit Merah,14,3,-1.28,0.0,1.28
2019-10-21,Cabai Rawit Merah,7,1,-1.28,0.0,1.28
2019-10-21,Cabai Rawit Merah,7,2,-1.28,0.0,1.28
2019-10-21,Cabai Rawit Merah,7,3,-1.28,0.0,1.28
2019-10-21,Cabai Rawit Merah,14,1,-1.28,0.0,1.28
2019-10-21,Cabai Rawit Merah,14,2,-1.28,0.0,1.28
2019-10-21,Cabai Rawit Merah,14,3,-1.28,0.0,1.28
2019-10-28,Cabai Rawit Merah,7,1,-1.28,0.0,1.28
2019-10-28,Cabai Rawit Merah,7,2,-1.28,0.0,1.28
2019-10-28,Cabai Rawit Merah,7,3,-1.28,0.0,1.28
2019-10-28,Cabai Rawit Merah,14,1,-1.28,0.0,1.28
2019-10-28,Cabai Rawit Merah,14,2,-1.28,0.0,1.28
2019-10-28,Cabai Rawit Merah,14,3,-1.28,0.0,1.28
2019-11-04,Cabai Rawit Merah,7,1,-1.28,0.0,1.28
2019-11-04,Cabai Rawit Merah,7,2,-1.28,0.0,1.28
2019-11-04,Cabai Rawit Merah,7,3,-1.28,0.0,1.28
2019-11-04,Cabai Rawit Merah,14,1,-1.28,0.0,1.28
2019-11-04,Cabai Rawit Merah,14,2,-1.28,0.0,1.28
2019-11-04,Cabai Rawit Merah,14,3,-1.28,0.0,1.28
2019-11-11,Cabai Rawit Merah,7,1,-1.28,0.0,1.28
2019-11-11,Cabai Rawit Merah,7,2,-1.28,0.0,1.28
2019-11-11,Cabai Rawit Merah,7,3,-1.28,0.0,1.28
2019-11-11,Cabai Rawit Merah,14,1,-1.28,0.0,1.28
2019-11-11,Cabai Rawit Merah,14,2,-1.28,0.0,1.28
2019-11-11,Cabai Rawit Merah,14,3,-1.28,0.0,1.28
2019-11-18,Cabai Rawit Merah,7,1,-1.28,0.0,1.28
2019-11-18,Cabai Rawit Merah,7,2,-1.28,0.0,1.28
2019-11-18,Cabai Rawit Merah,7,3,-1.28,0.0,1.28
2019-11-18,Cabai Rawit Merah,14,1,-1.28,0.0,1.28
2019-11-18,Cabai Rawit Merah,14,2,-1.28,0.0,1.28
2019-11-18,Cabai Rawit Merah,14,3,-1.28,0.0,1.28
2019-11-25,Cabai Rawit Merah,7,1,-1.28,0.0,1.28
2019-11-25,Cabai Rawit Merah,7,2,-1.28,0.0,1.28
2019-11-25,Cabai Rawit Merah,7,3,-1.28,0.0,1.28
2019-11-25,Cabai Rawit Merah,14,1,-1.28,0.0,1.28
2019-11-25,Cabai Rawit Merah,14,2,-1.28,0.0,1.28
2019-11-25,Cabai Rawit Merah,14,3,-1.28,0.0,1.28
2019-12-02,Cabai Rawit Merah,7,1,-1.28,0.0,1.28
2019-12-02,Cabai Rawit Merah,7,2,-1.28,0.0,1.28
2019-12-02,Cabai Rawit Merah,7,3,-1.28,0.0,1.28
2019-12-02,Cabai Rawit Merah,14,1,-1.28,0.0,1.28
2019-12-02,Cabai Rawit Merah,14,2,-1.28,0.0,1.28
2019-12-02,Cabai Rawit Merah,14,3,-1.28,0.0,1.28
2019-12-09,Cabai Rawit Merah,7,1,-1.28,0.0,1.28
2019-12-09,Cabai Rawit Merah,7,2,-1.28,0.0,1.28
2019-12-09,Cabai Rawit Merah,7,3,-1.28,0.0,1.28
2019-12-09,Cabai Rawit Merah,14,1,-1.28,0.0,1.28
2019-12-09,Cabai Rawit Merah,14,2,-1.28,0.0,1.28
2019-12-09,Cabai Rawit Merah,14,3,-1.28,0.0,1.28
2019-12-16,Cabai Rawit Merah,7,1,-1.28,0.0,1.28
2019-12-16,Cabai Rawit Merah,7,2,-1.28,0.0,1.28
2019-12-16,Cabai Rawit Merah,7,3,-1.28,0.0,1.28
2019-12-16,Cabai Rawit Merah,14,1,-1.28,0.0,1.28
2019-12-16,Cabai Rawit Merah,14,2,-1.28,0.0,1.28
2019-12-16,Cabai Rawit Merah,14,3,-1.28,0.0,1.28
2019-12-23,Cabai Rawit Merah,7,1,-1.28,0.0,1.28
2019-12-23,Cabai Rawit Merah,7,2,-1.28,0.0,1.28
2019-12-23,Cabai Rawit Merah,7,3,-1.28,0.0,1.28
2019-12-23,Cabai Rawit Merah,14,1,-1.28,0.0,1.28
2019-12-23,Cabai Rawit Merah,14,2,-1.28,0.0,1.28
2019-12-23,Cabai Rawit Merah,14,3,-1.28,0.0,1.28
2019-12-30,Cabai Rawit Merah,7,1,-1.28,0.0,1.28
2019-12-30,Cabai Rawit Merah,7,2,-1.28,0.0,1.28
2019-12-30,Cabai Rawit Merah,7,3,-1.28,0.0,1.28
2019-12-30,Cabai Rawit Merah,14,1,-1.28,0.0,1.28
2019-12-30,Cabai Rawit Merah,14,2,-1.28,0.0,1.28
2019-12-30,Cabai Rawit Merah,14,3,-1.28,0.0,1.28
2020-01-06,Cabai Rawit Merah,7,1,-1.28,0.0,1.28
2020-01-06,Cabai Rawit Merah,7,2,-1.28,0.0,1.28
2020-01-06,Cabai Rawit Merah,7,3,-1.28,0.0,1.28
2020-01-06,Cabai Rawit Merah,14,1,-1.28,0.0,1.28
2020-01-06,Cabai Rawit Merah,14,2,-1.28,0.0,1.28
2020-01-06,Cabai Rawit Merah,14,3,-1.28,0.0,1.28
2020-01-13,Cabai Rawit Merah,7,1,-1.28,0.0,1.28
2020-01-13,Cabai Rawit Merah,7,2,-1.28,0.0,1.28
2020-01-13,Cabai Rawit Merah,7,3,-1.28,0.0,1.28
2020-01-13,Cabai Rawit Merah,14,1,-1.28,0.0,1.28
2020-01-13,Cabai Rawit Merah,14,2,-1.28,0.0,1.28
2020-01-13,Cabai Rawit Merah,14,3,-1.28,0.0,1.28
2020-01-20,Cabai Rawit Merah,7,1,-1.28,0.0,1.28
2020-01-20,Cabai Rawit Merah,7,2,-1.28,0.0,1.28
2020-01-20,Cabai Rawit Merah,7,3,-1.28,0.0,1.28
2020-01-20,Cabai Rawit Merah,14,1,-1.28,0.0,1.28
2020-01-20,Cabai Rawit Merah,14,2,-1.28,0.0,1.28
2020-01-20,Cabai Rawit Merah,14,3,-1.28,0.0,1.28
2020-01-27,Cabai Rawit Merah,7,1,-1.28,0.0,1.28
2020-01-27,Cabai Rawit Merah,7,2,-1.28,0.0,1.28
2020-01-27,Cabai Rawit Merah,7,3,-1.28,0.0,1.28
2020-01-27,Cabai Rawit Merah,14,1,-1.28,0.0,1.28
2020-01-27,Cabai Rawit Merah,14,2,-1.28,0.0,1.28
2020-01-27,Cabai Rawit Merah,14,3,-1.28,0.0,1.28
2020-02-03,Cabai Rawit Merah,7,1,-1.28,0.0,1.28
2020-02-03,Cabai Rawit Merah,7,2,-1.28,0.0,1.28
2020-02-03,Cabai Rawit Merah,7,3,-1.28,0.0,1.28
2020-02-03,Cabai Rawit Merah,14,1,-1.28,0.0,1.28
2020-02-03,Cabai Rawit Merah,14,2,-1.28,0.0,1.28
2020-02-03,Cabai Rawit Merah,14,3,-1.28,0.0,1.28
2020-02-10,Cabai Rawit Merah,7,1,-1.28,0.0,1.28
2020-02-10,Cabai Rawit Merah,7,2,-1.28,0.0,1.28
2020-02-10,Cabai Rawit Merah,7,3,-1.28,0.0,1.28
2020-02-10,Cabai Rawit Merah,14,1,-1.28,0.0,1.28
2020-02-10,Cabai Rawit Merah,14,2,-1.28,0.0,1.28
2020-02-10,Cabai Rawit Merah,14,3,-1.28,0.0,1.28
2020-02-17,Cabai Rawit Merah,7,1,-1.28,0.0,1.28
2020-02-17,Cabai Rawit Merah,7,2,-1.28,0.0,1.28
2020-02-17,Cabai Rawit Merah,7,3,-1.28,0.0,1.28
2020-02-17,Cabai Rawit Merah,14,1,-1.28,0.0,1.28
2020-02-17,Cabai Rawit Merah,14,2,-1.28,0.0,1.28
2020-02-17,Cabai Rawit Merah,14,3,-1.28,0.0,1.28
2020-02-24,Cabai Rawit Merah,7,1,-1.28,0.0,1.28
2020-02-24,Cabai Rawit Merah,7,2,-1.28,0.0,1.28
2020-02-24,Cabai Rawit Merah,7,3,-1.28,0.0,1.28
2020-02-24,Cabai Rawit Merah,14,1,-1.28,0.0,1.28
2020-02-24,Cabai Rawit Merah,14,2,-1.28,0.0,1.28
2020-02-24,Cabai Rawit Merah,14,3,-1.28,0.0,1.28
2020-03-02,Cabai Rawit Merah,7,1,-1.28,0.0,1.28
2020-03-02,Cabai Rawit Merah,7,2,-1.28,0.0,1.28
2020-03-02,Cabai Rawit Merah,7,3,-1.28,0.0,1.28
2020-03-02,Cabai Rawit Merah,14,1,-1.28,0.0,1.28
2020-03-02,Cabai Rawit Merah,14,2,-1.28,0.0,1.28
2020-03-02,Cabai Rawit Merah,14,3,-1.28,0.0,1.28
2020-03-09,Cabai Rawit Merah,7,1,-1.28,0.0,1.28
2020-03-09,Cabai Rawit Merah,7,2,-1.28,0.0,1.28
2020-03-09,Cabai Rawit Merah,7,3,-1.28,0.0,1.28
2020-03-09,Cabai Rawit Merah,14,1,-1.28,0.0,1.28
2020-03-09,Cabai Rawit Merah,14,2,-1.28,0.0,1.28
2020-03-09,Cabai Rawit Merah,14,3,-1.28,0.0,1.28
2020-03-23,Cabai Rawit Merah,7,1,-1.28,0.0,1.28
2020-03-23,Cabai Rawit Merah,7,2,-1.28,0.0,1.28
2020-03-23,Cabai Rawit Merah,7,3,-1.28,0.0,1.28
2020-03-23,Cabai Rawit Merah,14,1,-1.28,0.0,1.28
2020-03-23,Cabai Rawit Merah,14,2,-1.28,0.0,1.28
2020-03-23,Cabai Rawit Merah,14,3,-1.28,0.0,1.28
2020-03-30,Cabai Rawit Merah,7,1,-1.28,0.0,1.28
2020-03-30,Cabai Rawit Merah,7,2,-1.28,0.0,1.28
2020-03-30,Cabai Rawit Merah,7,3,-1.28,0.0,1.28
2020-03-30,Cabai Rawit Merah,14,1,-1.28,0.0,1.28
2020-03-30,Cabai Rawit Merah,14,2,-1.28,0.0,1.28
2020-03-30,Cabai Rawit Merah,14,3,-1.28,0.0,1.28
2020-04-06,Cabai Rawit Merah,7,1,-1.28,0.0,1.28
2020-04-06,Cabai Rawit Merah,7,2,-1.28,0.0,1.28
2020-04-06,Cabai Rawit Merah,7,3,-1.28,0.0,1.28
2020-04-06,Cabai Rawit Merah,14,1,-1.28,0.0,1.28
2020-04-06,Cabai Rawit Merah,14,2,-1.28,0.0,1.28
2020-04-06,Cabai Rawit Merah,14,3,-1.28,0.0,1.28
2020-04-13,Cabai Rawit Merah,7,1,-1.28,0.0,1.28
2020-04-13,Cabai Rawit Merah,7,2,-1.28,0.0,1.28
2020-04-13,Cabai Rawit Merah,7,3,-1.28,0.0,1.28
2020-04-13,Cabai Rawit Merah,14,1,-1.28,0.0,1.28
2020-04-13,Cabai Rawit Merah,14,2,-1.28,0.0,1.28
2020-04-13,Cabai Rawit Merah,14,3,-1.28,0.0,1.28
2020-04-20,Cabai Rawit Merah,7,1,-1.28,0.0,1.28
2020-04-20,Cabai Rawit Merah,7,2,-1.28,0.0,1.28
2020-04-20,Cabai Rawit Merah,7,3,-1.28,0.0,1.28
2020-04-20,Cabai Rawit Merah,14,1,-1.28,0.0,1.28
2020-04-20,Cabai Rawit Merah,14,2,-1.28,0.0,1.28
2020-04-20,Cabai Rawit Merah,14,3,-1.28,0.0,1.28
2020-04-27,Cabai Rawit Merah,7,1,-1.28,0.0,1.28
2020-04-27,Cabai Rawit Merah,7,2,-1.28,0.0,1.28
2020-04-27,Cabai Rawit Merah,7,3,-1.28,0.0,1.28
2020-04-27,Cabai Rawit Merah,14,1,-1.28,0.0,1.28
2020-04-27,Cabai Rawit Merah,14,2,-1.28,0.0,1.28
2020-04-27,Cabai Rawit Merah,14,3,-1.28,0.0,1.28
2020-05-04,Cabai Rawit Merah,7,1,-1.28,0.0,1.28
2020-05-04,Cabai Rawit Merah,7,2,-1.28,0.0,1.28
2020-05-04,Cabai Rawit Merah,7,3,-1.28,0.0,1.28
2020-05-04,Cabai Rawit Merah,14,1,-1.28,0.0,1.28
2020-05-04,Cabai Rawit Merah,14,2,-1.28,0.0,1.28
2020-05-04,Cabai Rawit Merah,14,3,-1.28,0.0,1.28
2020-05-11,Cabai Rawit Merah,7,1,-1.28,0.0,1.28
2020-05-11,Cabai Rawit Merah,7,2,-1.28,0.0,1.28
2020-05-11,Cabai Rawit Merah,7,3,-1.28,0.0,1.28
2020-05-11,Cabai Rawit Merah,14,1,-1.28,0.0,1.28
2020-05-11,Cabai Rawit Merah,14,2,-1.28,0.0,1.28
2020-05-11,Cabai Rawit Merah,14,3,-1.28,0.0,1.28
2020-05-18,Cabai Rawit Merah,7,1,-1.28,0.0,1.28
2020-05-18,Cabai Rawit Merah,7,2,-1.28,0.0,1.28
2020-05-18,Cabai Rawit Merah,7,3,-1.28,0.0,1.28
2020-05-18,Cabai Rawit Merah,14,1,-1.28,0.0,1.28
2020-05-18,Cabai Rawit Merah,14,2,-1.28,0.0,1.28
2020-05-18,Cabai Rawit Merah,14,3,-1.28,0.0,1.28
2020-05-25,Cabai Rawit Merah,7,1,-1.28,0.0,1.28
2020-05-25,Cabai Rawit Merah,7,2,-1.28,0.0,1.28
2020-05-25,Cabai Rawit Merah,7,3,-1.28,0.0,1.28
2020-05-25,Cabai Rawit Merah,14,1,-1.28,0.0,1.28
2020-05-25,Cabai Rawit Merah,14,2,-1.28,0.0,1.28
2020-05-25,Cabai Rawit Merah,14,3,-1.28,0.0,1.28
2020-06-01,Cabai Rawit Merah,7,1,-1.28,0.0,1.28
2020-06-01,Cabai Rawit Merah,7,2,-1.28,0.0,1.28
2020-06-01,Cabai Rawit Merah,7,3,-1.28,0.0,1.28
2020-06-01,Cabai Rawit Merah,14,1,-1.28,0.0,1.28
2020-06-01,Cabai Rawit Merah,14,2,-1.28,0.0,1.28
2020-06-01,Cabai Rawit Merah,14,3,-1.28,0.0,1.28
2020-06-08,Cabai Rawit Merah,7,1,-1.28,0.0,1.28
2020-06-08,Cabai Rawit Merah,7,2,-1.28,0.0,1.28
2020-06-08,Cabai Rawit Merah,7,3,-1.28,0.0,1.28
2020-06-08,Cabai Rawit Merah,14,1,-1.28,0.0,1.28
2020-06-08,Cabai Rawit Merah,14,2,-1.28,0.0,1.28
2020-06-08,Cabai Rawit Merah,14,3,-1.28,0.0,1.28
2020-06-15,Cabai Rawit Merah,7,1,-1.28,0.0,1.28
2020-06-15,Cabai Rawit Merah,7,2,-1.28,0.0,1.28
2020-06-15,Cabai Rawit Merah,7,3,-1.28,0.0,1.28
2020-06-15,Cabai Rawit Merah,14,1,-1.28,0.0,1.28
2020-06-15,Cabai Rawit Merah,14,2,-1.28,0.0,1.28
2020-06-15,Cabai Rawit Merah,14,3,-1.28,0.0,1.28
2020-06-22,Cabai Rawit Merah,7,1,-1.28,0.0,1.28
2020-06-22,Cabai Rawit Merah,7,2,-1.28,0.0,1.28
2020-06-22,Cabai Rawit Merah,7,3,-1.28,0.0,1.28
2020-06-22,Cabai Rawit Merah,14,1,-1.28,0.0,1.28
2020-06-22,Cabai Rawit Merah,14,2,-1.28,0.0,1.28
2020-06-22,Cabai Rawit Merah,14,3,-1.28,0.0,1.28
2020-06-29,Cabai Rawit Merah,7,1,-1.28,0.0,1.28
2020-06-29,Cabai Rawit Merah,7,2,-1.28,0.0,1.28
2020-06-29,Cabai Rawit Merah,7,3,-1.28,0.0,1.28
2020-06-29,Cabai Rawit Merah,14,1,-1.28,0.0,1.28
2020-06-29,Cabai Rawit Merah,14,2,-1.28,0.0,1.28
2020-06-29,Cabai Rawit Merah,14,3,-1.28,0.0,1.28
2020-07-06,Cabai Rawit Merah,7,1,-1.28,0.0,1.28
2020-07-06,Cabai Rawit Merah,7,2,-1.28,0.0,1.28
2020-07-06,Cabai Rawit Merah,7,3,-1.28,0.0,1.28
2020-07-06,Cabai Rawit Merah,14,1,-1.28,0.0,1.28
2020-07-06,Cabai Rawit Merah,14,2,-1.28,0.0,1.28
2020-07-06,Cabai Rawit Merah,14,3,-1.28,0.0,1.28
2020-07-13,Cabai Rawit Merah,7,1,-1.28,0.0,1.28
2020-07-13,Cabai Rawit Merah,7,2,-1.28,0.0,1.28
2020-07-13,Cabai Rawit Merah,7,3,-1.28,0.0,1.28
2020-07-13,Cabai Rawit Merah,14,1,-1.28,0.0,1.28
2020-07-13,Cabai Rawit Merah,14,2,-1.28,0.0,1.28
2020-07-13,Cabai Rawit Merah,14,3,-1.28,0.0,1.28
2020-07-20,Cabai Rawit Merah,7,1,-1.28,0.0,1.28
2020-07-20,Cabai Rawit Merah,7,2,-1.28,0.0,1.28
2020-07-20,Cabai Rawit Merah,7,3,-1.28,0.0,1.28
2020-07-20,Cabai Rawit Merah,14,1,-1.28,0.0,1.28
2020-07-20,Cabai Rawit Merah,14,2,-1.28,0.0,1.28
2020-07-20,Cabai Rawit Merah,14,3,-1.28,0.0,1.28
2020-07-27,Cabai Rawit Merah,7,1,-1.28,0.0,1.28
2020-07-27,Cabai Rawit Merah,7,2,-1.28,0.0,1.28
2020-07-27,Cabai Rawit Merah,7,3,-1.28,0.0,1.28
2020-07-27,Cabai Rawit Merah,14,1,-1.28,0.0,1.28
2020-07-27,Cabai Rawit Merah,14,2,-1.28,0.0,1.28
2020-07-27,Cabai Rawit Merah,14,3,-1.28,0.0,1.28
2020-08-03,Cabai Rawit Merah,7,1,-1.28,0.0,1.28
2020-08-03,Cabai Rawit Merah,7,2,-1.28,0.0,1.28
2020-08-03,Cabai Rawit Merah,7,3,-1.28,0.0,1.28
2020-08-03,Cabai Rawit Merah,14,1,-1.28,0.0,1.28
2020-08-03,Cabai Rawit Merah,14,2,-1.28,0.0,1.28
2020-08-03,Cabai Rawit Merah,14,3,-1.28,0.0,1.28
2020-08-10,Cabai Rawit Merah,7,1,-1.28,0.0,1.28
2020-08-10,Cabai Rawit Merah,7,2,-1.28,0.0,1.28
2020-08-10,Cabai Rawit Merah,7,3,-1.28,0.0,1.28
2020-08-10,Cabai Rawit Merah,14,1,-1.28,0.0,1.28
2020-08-10,Cabai Rawit Merah,14,2,-1.28,0.0,1.28
2020-08-10,Cabai Rawit Merah,14,3,-1.28,0.0,1.28
2020-08-17,Cabai Rawit Merah,7,1,-1.28,0.0,1.28
2020-08-17,Cabai Rawit Merah,7,2,-1.28,0.0,1.28
2020-08-17,Cabai Rawit Merah,7,3,-1.28,0.0,1.28
2020-08-17,Cabai Rawit Merah,14,1,-1.28,0.0,1.28
2020-08-17,Cabai Rawit Merah,14,2,-1.28,0.0,1.28
2020-08-17,Cabai Rawit Merah,14,3,-1.28,0.0,1.28
2020-08-24,Cabai Rawit Merah,7,1,-1.28,0.0,1.28
2020-08-24,Cabai Rawit Merah,7,2,-1.28,0.0,1.28
2020-08-24,Cabai Rawit Merah,7,3,-1.28,0.0,1.28
2020-08-24,Cabai Rawit Merah,14,1,-1.28,0.0,1.28
2020-08-24,Cabai Rawit Merah,14,2,-1.28,0.0,1.28
2020-08-24,Cabai Rawit Merah,14,3,-1.28,0.0,1.28
2020-08-31,Cabai Rawit Merah,7,1,-1.28,0.0,1.28
2020-08-31,Cabai Rawit Merah,7,2,-1.28,0.0,1.28
2020-08-31,Cabai Rawit Merah,7,3,-1.28,0.0,1.28
2020-08-31,Cabai Rawit Merah,14,1,-1.28,0.0,1.28
2020-08-31,Cabai Rawit Merah,14,2,-1.28,0.0,1.28
2020-08-31,Cabai Rawit Merah,14,3,-1.28,0.0,1.28
2020-09-07,Cabai Rawit Merah,7,1,-1.28,0.0,1.28
2020-09-07,Cabai Rawit Merah,7,2,-1.28,0.0,1.28
2020-09-07,Cabai Rawit Merah,7,3,-1.28,0.0,1.28
2020-09-07,Cabai Rawit Merah,14,1,-1.28,0.0,1.28
2020-09-07,Cabai Rawit Merah,14,2,-1.28,0.0,1.28
2020-09-07,Cabai Rawit Merah,14,3,-1.28,0.0,1.28
2020-09-14,Cabai Rawit Merah,7,1,-1.28,0.0,1.28
2020-09-14,Cabai Rawit Merah,7,2,-1.28,0.0,1.28
2020-09-14,Cabai Rawit Merah,7,3,-1.28,0.0,1.28
2020-09-14,Cabai Rawit Merah,14,1,-1.28,0.0,1.28
2020-09-14,Cabai Rawit Merah,14,2,-1.28,0.0,1.28
2020-09-14,Cabai Rawit Merah,14,3,-1.28,0.0,1.28
2020-09-21,Cabai Rawit Merah,7,1,-1.28,0.0,1.28
2020-09-21,Cabai Rawit Merah,7,2,-1.28,0.0,1.28
2020-09-21,Cabai Rawit Merah,7,3,-1.28,0.0,1.28
2020-09-21,Cabai Rawit Merah,14,1,-1.28,0.0,1.28
2020-09-21,Cabai Rawit Merah,14,2,-1.28,0.0,1.28
2020-09-21,Cabai Rawit Merah,14,3,-1.28,0.0,1.28
2020-09-28,Cabai Rawit Merah,7,1,-1.28,0.0,1.28
2020-09-28,Cabai Rawit Merah,7,2,-1.28,0.0,1.28
2020-09-28,Cabai Rawit Merah,7,3,-1.28,0.0,1.28
2020-09-28,Cabai Rawit Merah,14,1,-1.28,0.0,1.28
2020-09-28,Cabai Rawit Merah,14,2,-1.28,0.0,1.28
2020-09-28,Cabai Rawit Merah,14,3,-1.28,0.0,1.28
2020-10-05,Cabai Rawit Merah,7,1,-1.28,0.0,1.28
2020-10-05,Cabai Rawit Merah,7,2,-1.28,0.0,1.28
2020-10-05,Cabai Rawit Merah,7,3,-1.28,0.0,1.28
2020-10-05,Cabai Rawit Merah,14,1,-1.28,0.0,1.28
2020-10-05,Cabai Rawit Merah,14,2,-1.28,0.0,1.28
2020-10-05,Cabai Rawit Merah,14,3,-1.28,0.0,1.28
2020-10-12,Cabai Rawit Merah,7,1,-1.28,0.0,1.28
2020-10-12,Cabai Rawit Merah,7,2,-1.28,0.0,1.28
2020-10-12,Cabai Rawit Merah,7,3,-1.28,0.0,1.28
2020-10-12,Cabai Rawit Merah,14,1,-1.28,0.0,1.28
2020-10-12,Cabai Rawit Merah,14,2,-1.28,0.0,1.28
2020-10-12,Cabai Rawit Merah,14,3,-1.28,0.0,1.28
2020-10-19,Cabai Rawit Merah,7,1,-1.28,0.0,1.28
2020-10-19,Cabai Rawit Merah,7,2,-1.28,0.0,1.28
2020-10-19,Cabai Rawit Merah,7,3,-1.28,0.0,1.28
2020-10-19,Cabai Rawit Merah,14,1,-1.28,0.0,1.28
2020-10-19,Cabai Rawit Merah,14,2,-1.28,0.0,1.28
2020-10-19,Cabai Rawit Merah,14,3,-1.28,0.0,1.28
2020-10-26,Cabai Rawit Merah,7,1,-1.28,0.0,1.28
2020-10-26,Cabai Rawit Merah,7,2,-1.28,0.0,1.28
2020-10-26,Cabai Rawit Merah,7,3,-1.28,0.0,1.28
2020-10-26,Cabai Rawit Merah,14,1,-1.28,0.0,1.28
2020-10-26,Cabai Rawit Merah,14,2,-1.28,0.0,1.28
2020-10-26,Cabai Rawit Merah,14,3,-1.28,0.0,1.28
2020-11-02,Cabai Rawit Merah,7,1,-1.28,0.0,1.28
2020-11-02,Cabai Rawit Merah,7,2,-1.28,0.0,1.28
2020-11-02,Cabai Rawit Merah,7,3,-1.28,0.0,1.28
2020-11-02,Cabai Rawit Merah,14,1,-1.28,0.0,1.28
2020-11-02,Cabai Rawit Merah,14,2,-1.28,0.0,1.28
2020-11-02,Cabai Rawit Merah,14,3,-1.28,0.0,1.28
2020-11-09,Cabai Rawit Merah,7,1,-1.28,0.0,1.28
2020-11-09,Cabai Rawit Merah,7,2,-1.28,0.0,1.28
2020-11-09,Cabai Rawit Merah,7,3,-1.28,0.0,1.28
2020-11-09,Cabai Rawit Merah,14,1,-1.28,0.0,1.28
2020-11-09,Cabai Rawit Merah,14,2,-1.28,0.0,1.28
2020-11-09,Cabai Rawit Merah,14,3,-1.28,0.0,1.28
2020-11-16,Cabai Rawit Merah,7,1,-1.28,0.0,1.28
2020-11-16,Cabai Rawit Merah,7,2,-1.28,0.0,1.28
2020-11-16,Cabai Rawit Merah,7,3,-1.28,0.0,1.28
2020-11-16,Cabai Rawit Merah,14,1,-1.28,0.0,1.28
2020-11-16,Cabai Rawit Merah,14,2,-1.28,0.0,1.28
2020-11-16,Cabai Rawit Merah,14,3,-1.28,0.0,1.28
2020-11-23,Cabai Rawit Merah,7,1,-1.28,0.0,1.28
2020-11-23,Cabai Rawit Merah,7,2,-1.28,0.0,1.28
2020-11-23,Cabai Rawit Merah,7,3,-1.28,0.0,1.28
2020-11-23,Cabai Rawit Merah,14,1,-1.28,0.0,1.28
2020-11-23,Cabai Rawit Merah,14,2,-1.28,0.0,1.28
2020-11-23,Cabai Rawit Merah,14,3,-1.28,0.0,1.28
2020-11-30,Cabai Rawit Merah,7,1,-1.28,0.0,1.28
2020-11-30,Cabai Rawit Merah,7,2,-1.28,0.0,1.28
2020-11-30,Cabai Rawit Merah,7,3,-1.28,0.0,1.28
2020-11-30,Cabai Rawit Merah,14,1,-1.28,0.0,1.28
2020-11-30,Cabai Rawit Merah,14,2,-1.28,0.0,1.28
2020-11-30,Cabai Rawit Merah,14,3,-1.28,0.0,1.28
2020-12-07,Cabai Rawit Merah,7,1,-1.28,0.0,1.28
2020-12-07,Cabai Rawit Merah,7,2,-1.28,0.0,1.28
2020-12-07,Cabai Rawit Merah,7,3,-1.28,0.0,1.28
2020-12-07,Cabai Rawit Merah,14,1,-1.28,0.0,1.28
2020-12-07,Cabai Rawit Merah,14,2,-1.28,0.0,1.28
2020-12-07,Cabai Rawit Merah,14,3,-1.28,0.0,1.28
2020-12-14,Cabai Rawit Merah,7,1,-1.28,0.0,1.28
2020-12-14,Cabai Rawit Merah,7,2,-1.28,0.0,1.28
2020-12-14,Cabai Rawit Merah,7,3,-1.28,0.0,1.28
2020-12-14,Cabai Rawit Merah,14,1,-1.28,0.0,1.28
2020-12-14,Cabai Rawit Merah,14,2,-1.28,0.0,1.28
2020-12-14,Cabai Rawit Merah,14,3,-1.28,0.0,1.28
2020-12-21,Cabai Rawit Merah,7,1,-1.28,0.0,1.28
2020-12-21,Cabai Rawit Merah,7,2,-1.28,0.0,1.28
2020-12-21,Cabai Rawit Merah,7,3,-1.28,0.0,1.28
2020-12-21,Cabai Rawit Merah,14,1,-1.28,0.0,1.28
2020-12-21,Cabai Rawit Merah,14,2,-1.28,0.0,1.28
2020-12-21,Cabai Rawit Merah,14,3,-1.28,0.0,1.28
2020-12-28,Cabai Rawit Merah,7,1,-1.28,0.0,1.28
2020-12-28,Cabai Rawit Merah,7,2,-1.28,0.0,1.28
2020-12-28,Cabai Rawit Merah,7,3,-1.28,0.0,1.28
2020-12-28,Cabai Rawit Merah,14,1,-1.28,0.0,1.28
2020-12-28,Cabai Rawit Merah,14,2,-1.28,0.0,1.28
2020-12-28,Cabai Rawit Merah,14,3,-1.28,0.0,1.28
2021-01-04,Cabai Rawit Merah,7,1,-1.28,0.0,1.28
2021-01-04,Cabai Rawit Merah,7,2,-1.28,0.0,1.28
2021-01-04,Cabai Rawit Merah,7,3,-1.28,0.0,1.28
2021-01-04,Cabai Rawit Merah,14,1,-1.28,0.0,1.28
2021-01-04,Cabai Rawit Merah,14,2,-1.28,0.0,1.28
2021-01-04,Cabai Rawit Merah,14,3,-1.28,0.0,1.28
2021-01-11,Cabai Rawit Merah,7,1,-1.28,0.0,1.28
2021-01-11,Cabai Rawit Merah,7,2,-1.28,0.0,1.28
2021-01-11,Cabai Rawit Merah,7,3,-1.28,0.0,1.28
2021-01-11,Cabai Rawit Merah,14,1,-1.28,0.0,1.28
2021-01-11,Cabai Rawit Merah,14,2,-1.28,0.0,1.28
2021-01-11,Cabai Rawit Merah,14,3,-1.28,0.0,1.28
2021-01-18,Cabai Rawit Merah,7,1,-1.28,0.0,1.28
2021-01-18,Cabai Rawit Merah,7,2,-1.28,0.0,1.28
2021-01-18,Cabai Rawit Merah,7,3,-1.28,0.0,1.28
2021-01-18,Cabai Rawit Merah,14,1,-1.28,0.0,1.28
2021-01-18,Cabai Rawit Merah,14,2,-1.28,0.0,1.28
2021-01-18,Cabai Rawit Merah,14,3,-1.28,0.0,1.28
2021-01-25,Cabai Rawit Merah,7,1,-1.28,0.0,1.28
2021-01-25,Cabai Rawit Merah,7,2,-1.28,0.0,1.28
2021-01-25,Cabai Rawit Merah,7,3,-1.28,0.0,1.28
2021-01-25,Cabai Rawit Merah,14,1,-1.28,0.0,1.28
2021-01-25,Cabai Rawit Merah,14,2,-1.28,0.0,1.28
2021-01-25,Cabai Rawit Merah,14,3,-1.28,0.0,1.28
2021-02-01,Cabai Rawit Merah,7,1,-1.28,0.0,1.28
2021-02-01,Cabai Rawit Merah,7,2,-1.28,0.0,1.28
2021-02-01,Cabai Rawit Merah,7,3,-1.28,0.0,1.28
2021-02-01,Cabai Rawit Merah,14,1,-1.28,0.0,1.28
2021-02-01,Cabai Rawit Merah,14,2,-1.28,0.0,1.28
2021-02-01,Cabai Rawit Merah,14,3,-1.28,0.0,1.28
2021-02-08,Cabai Rawit Merah,7,1,-1.28,0.0,1.28
2021-02-08,Cabai Rawit Merah,7,2,-1.28,0.0,1.28
2021-02-08,Cabai Rawit Merah,7,3,-1.28,0.0,1.28
2021-02-08,Cabai Rawit Merah,14,1,-1.28,0.0,1.28
2021-02-08,Cabai Rawit Merah,14,2,-1.28,0.0,1.28
2021-02-08,Cabai Rawit Merah,14,3,-1.28,0.0,1.28
2021-02-15,Cabai Rawit Merah,7,1,-1.28,0.0,1.28
2021-02-15,Cabai Rawit Merah,7,2,-1.28,0.0,1.28
2021-02-15,Cabai Rawit Merah,7,3,-1.28,0.0,1.28
2021-02-15,Cabai Rawit Merah,14,1,-1.28,0.0,1.28
2021-02-15,Cabai Rawit Merah,14,2,-1.28,0.0,1.28
2021-02-15,Cabai Rawit Merah,14,3,-1.28,0.0,1.28
2021-02-22,Cabai Rawit Merah,7,1,-1.28,0.0,1.28
2021-02-22,Cabai Rawit Merah,7,2,-1.28,0.0,1.28
2021-02-22,Cabai Rawit Merah,7,3,-1.28,0.0,1.28
2021-02-22,Cabai Rawit Merah,14,1,-1.28,0.0,1.28
2021-02-22,Cabai Rawit Merah,14,2,-1.28,0.0,1.28
2021-02-22,Cabai Rawit Merah,14,3,-1.28,0.0,1.28
2021-03-01,Cabai Rawit Merah,7,1,-1.28,0.0,1.28
2021-03-01,Cabai Rawit Merah,7,2,-1.28,0.0,1.28
2021-03-01,Cabai Rawit Merah,7,3,-1.28,0.0,1.28
2021-03-01,Cabai Rawit Merah,14,1,-1.28,0.0,1.28
2021-03-01,Cabai Rawit Merah,14,2,-1.28,0.0,1.28
2021-03-01,Cabai Rawit Merah,14,3,-1.28,0.0,1.28
2021-03-08,Cabai Rawit Merah,7,1,-1.28,0.0,1.28
2021-03-08,Cabai Rawit Merah,7,2,-1.28,0.0,1.28
2021-03-08,Cabai Rawit Merah,7,3,-1.28,0.0,1.28
2021-03-08,Cabai Rawit Merah,14,1,-1.28,0.0,1.28
2021-03-08,Cabai Rawit Merah,14,2,-1.28,0.0,1.28
2021-03-08,Cabai Rawit Merah,14,3,-1.28,0.0,1.28
2021-03-15,Cabai Rawit Merah,7,1,-1.28,0.0,1.28
2021-03-15,Cabai Rawit Merah,7,2,-1.28,0.0,1.28
2021-03-15,Cabai Rawit Merah,7,3,-1.28,0.0,1.28
2021-03-15,Cabai Rawit Merah,14,1,-1.28,0.0,1.28
2021-03-15,Cabai Rawit Merah,14,2,-1.28,0.0,1.28
2021-03-15,Cabai Rawit Merah,14,3,-1.28,0.0,1.28
2021-03-22,Cabai Rawit Merah,7,1,-1.28,0.0,1.28
2021-03-22,Cabai Rawit Merah,7,2,-1.28,0.0,1.28
2021-03-22,Cabai Rawit Merah,7,3,-1.28,0.0,1.28
2021-03-22,Cabai Rawit Merah,14,1,-1.28,0.0,1.28
2021-03-22,Cabai Rawit Merah,14,2,-1.28,0.0,1.28
2021-03-22,Cabai Rawit Merah,14,3,-1.28,0.0,1.28
2021-03-29,Cabai Rawit Merah,7,1,-1.28,0.0,1.28
2021-03-29,Cabai Rawit Merah,7,2,-1.28,0.0,1.28
2021-03-29,Cabai Rawit Merah,7,3,-1.28,0.0,1.28
2021-03-29,Cabai Rawit Merah,14,1,-1.28,0.0,1.28
2021-03-29,Cabai Rawit Merah,14,2,-1.28,0.0,1.28
2021-03-29,Cabai Rawit Merah,14,3,-1.28,0.0,1.28
2021-04-05,Cabai Rawit Merah,7,1,-1.28,0.0,1.28
2021-04-05,Cabai Rawit Merah,7,2,-1.28,0.0,1.28
2021-04-05,Cabai Rawit Merah,7,3,-1.28,0.0,1.28
2021-04-05,Cabai Rawit Merah,14,1,-1.28,0.0,1.28
2021-04-05,Cabai Rawit Merah,14,2,-1.28,0.0,1.28
2021-04-05,Cabai Rawit Merah,14,3,-1.28,0.0,1.28
2021-04-12,Cabai Rawit Merah,7,1,-1.28,0.0,1.28
2021-04-12,Cabai Rawit Merah,7,2,-1.28,0.0,1.28
2021-04-12,Cabai Rawit Merah,7,3,-1.28,0.0,1.28
2021-04-12,Cabai Rawit Merah,14,1,-1.28,0.0,1.28
2021-04-12,Cabai Rawit Merah,14,2,-1.28,0.0,1.28
2021-04-12,Cabai Rawit Merah,14,3,-1.28,0.0,1.28
2021-04-19,Cabai Rawit Merah,7,1,-1.28,0.0,1.28
2021-04-19,Cabai Rawit Merah,7,2,-1.28,0.0,1.28
2021-04-19,Cabai Rawit Merah,7,3,-1.28,0.0,1.28
2021-04-19,Cabai Rawit Merah,14,1,-1.28,0.0,1.28
2021-04-19,Cabai Rawit Merah,14,2,-1.28,0.0,1.28
2021-04-19,Cabai Rawit Merah,14,3,-1.28,0.0,1.28
2021-04-26,Cabai Rawit Merah,7,1,-1.28,0.0,1.28
2021-04-26,Cabai Rawit Merah,7,2,-1.28,0.0,1.28
2021-04-26,Cabai Rawit Merah,7,3,-1.28,0.0,1.28
2021-04-26,Cabai Rawit Merah,14,1,-1.28,0.0,1.28
2021-04-26,Cabai Rawit Merah,14,2,-1.28,0.0,1.28
2021-04-26,Cabai Rawit Merah,14,3,-1.28,0.0,1.28
2021-05-03,Cabai Rawit Merah,7,1,-1.28,0.0,1.28
2021-05-03,Cabai Rawit Merah,7,2,-1.28,0.0,1.28
2021-05-03,Cabai Rawit Merah,7,3,-1.28,0.0,1.28
2021-05-03,Cabai Rawit Merah,14,1,-1.28,0.0,1.28
2021-05-03,Cabai Rawit Merah,14,2,-1.28,0.0,1.28
2021-05-03,Cabai Rawit Merah,14,3,-1.28,0.0,1.28
2021-05-10,Cabai Rawit Merah,7,1,-1.28,0.0,1.28
2021-05-10,Cabai Rawit Merah,7,2,-1.28,0.0,1.28
2021-05-10,Cabai Rawit Merah,7,3,-1.28,0.0,1.28
2021-05-10,Cabai Rawit Merah,14,1,-1.28,0.0,1.28
2021-05-10,Cabai Rawit Merah,14,2,-1.28,0.0,1.28
2021-05-10,Cabai Rawit Merah,14,3,-1.28,0.0,1.28
2021-05-17,Cabai Rawit Merah,7,1,-1.28,0.0,1.28
2021-05-17,Cabai Rawit Merah,7,2,-1.28,0.0,1.28
2021-05-17,Cabai Rawit Merah,7,3,-1.28,0.0,1.28
2021-05-17,Cabai Rawit Merah,14,1,-1.28,0.0,1.28
2021-05-17,Cabai Rawit Merah,14,2,-1.28,0.0,1.28
2021-05-17,Cabai Rawit Merah,14,3,-1.28,0.0,1.28
2021-05-24,Cabai Rawit Merah,7,1,-1.28,0.0,1.28
2021-05-24,Cabai Rawit Merah,7,2,-1.28,0.0,1.28
2021-05-24,Cabai Rawit Merah,7,3,-1.28,0.0,1.28
2021-05-24,Cabai Rawit Merah,14,1,-1.28,0.0,1.28
2021-05-24,Cabai Rawit Merah,14,2,-1.28,0.0,1.28
2021-05-24,Cabai Rawit Merah,14,3,-1.28,0.0,1.28
2021-05-31,Cabai Rawit Merah,7,1,-1.28,0.0,1.28
2021-05-31,Cabai Rawit Merah,7,2,-1.28,0.0,1.28
2021-05-31,Cabai Rawit Merah,7,3,-1.28,0.0,1.28
2021-05-31,Cabai Rawit Merah,14,1,-1.28,0.0,1.28
2021-05-31,Cabai Rawit Merah,14,2,-1.28,0.0,1.28
2021-05-31,Cabai Rawit Merah,14,3,-1.28,0.0,1.28
2021-06-07,Cabai Rawit Merah,7,1,-1.28,0.0,1.28
2021-06-07,Cabai Rawit Merah,7,2,-1.28,0.0,1.28
2021-06-07,Cabai Rawit Merah,7,3,-1.28,0.0,1.28
2021-06-07,Cabai Rawit Merah,14,1,-1.28,0.0,1.28
2021-06-07,Cabai Rawit Merah,14,2,-1.28,0.0,1.28
2021-06-07,Cabai Rawit Merah,14,3,-1.28,0.0,1.28
2021-06-14,Cabai Rawit Merah,7,1,-1.28,0.0,1.28
2021-06-14,Cabai Rawit Merah,7,2,-1.28,0.0,1.28
2021-06-14,Cabai Rawit Merah,7,3,-1.28,0.0,1.28
2021-06-14,Cabai Rawit Merah,14,1,-1.28,0.0,1.28
2021-06-14,Cabai Rawit Merah,14,2,-1.28,0.0,1.28
2021-06-14,Cabai Rawit Merah,14,3,-1.28,0.0,1.28
2021-06-21,Cabai Rawit Merah,7,1,-1.28,0.0,1.28
2021-06-21,Cabai Rawit Merah,7,2,-1.28,0.0,1.28
2021-06-21,Cabai Rawit Merah,7,3,-1.28,0.0,1.28
2021-06-21,Cabai Rawit Merah,14,1,-1.28,0.0,1.28
2021-06-21,Cabai Rawit Merah,14,2,-1.28,0.0,1.28
2021-06-21,Cabai Rawit Merah,14,3,-1.28,0.0,1.28
2021-06-28,Cabai Rawit Merah,7,1,-1.28,0.0,1.28
2021-06-28,Cabai Rawit Merah,7,2,-1.28,0.0,1.28
2021-06-28,Cabai Rawit Merah,7,3,-1.28,0.0,1.28
2021-06-28,Cabai Rawit Merah,14,1,-1.28,0.0,1.28
2021-06-28,Cabai Rawit Merah,14,2,-1.28,0.0,1.28
2021-06-28,Cabai Rawit Merah,14,3,-1.28,0.0,1.28
2021-07-05,Cabai Rawit Merah,7,1,-1.28,0.0,1.28
2021-07-05,Cabai Rawit Merah,7,2,-1.28,0.0,1.28
2021-07-05,Cabai Rawit Merah,7,3,-1.28,0.0,1.28
2021-07-05,Cabai Rawit Merah,14,1,-1.28,0.0,1.28
2021-07-05,Cabai Rawit Merah,14,2,-1.28,0.0,1.28
2021-07-05,Cabai Rawit Merah,14,3,-1.28,0.0,1.28
2021-07-12,Cabai Rawit Merah,7,1,-1.28,0.0,1.28
2021-07-12,Cabai Rawit Merah,7,2,-1.28,0.0,1.28
2021-07-12,Cabai Rawit Merah,7,3,-1.28,0.0,1.28
2021-07-12,Cabai Rawit Merah,14,1,-1.28,0.0,1.28
2021-07-12,Cabai Rawit Merah,14,2,-1.28,0.0,1.28
2021-07-12,Cabai Rawit Merah,14,3,-1.28,0.0,1.28
2021-07-19,Cabai Rawit Merah,7,1,-1.28,0.0,1.28
2021-07-19,Cabai Rawit Merah,7,2,-1.28,0.0,1.28
2021-07-19,Cabai Rawit Merah,7,3,-1.28,0.0,1.28
2021-07-19,Cabai Rawit Merah,14,1,-1.28,0.0,1.28
2021-07-19,Cabai Rawit Merah,14,2,-1.28,0.0,1.28
2021-07-19,Cabai Rawit Merah,14,3,-1.28,0.0,1.28
2021-07-26,Cabai Rawit Merah,7,1,-1.28,0.0,1.28
2021-07-26,Cabai Rawit Merah,7,2,-1.28,0.0,1.28
2021-07-26,Cabai Rawit Merah,7,3,-1.28,0.0,1.28
2021-07-26,Cabai Rawit Merah,14,1,-1.28,0.0,1.28
2021-07-26,Cabai Rawit Merah,14,2,-1.28,0.0,1.28
2021-07-26,Cabai Rawit Merah,14,3,-1.28,0.0,1.28
2021-08-02,Cabai Rawit Merah,7,1,-1.28,0.0,1.28
2021-08-02,Cabai Rawit Merah,7,2,-1.28,0.0,1.28
2021-08-02,Cabai Rawit Merah,7,3,-1.28,0.0,1.28
2021-08-02,Cabai Rawit Merah,14,1,-1.28,0.0,1.28
2021-08-02,Cabai Rawit Merah,14,2,-1.28,0.0,1.28
2021-08-02,Cabai Rawit Merah,14,3,-1.28,0.0,1.28
2021-08-09,Cabai Rawit Merah,7,1,-1.28,0.0,1.28
2021-08-09,Cabai Rawit Merah,7,2,-1.28,0.0,1.28
2021-08-09,Cabai Rawit Merah,7,3,-1.28,0.0,1.28
2021-08-09,Cabai Rawit Merah,14,1,-1.28,0.0,1.28
2021-08-09,Cabai Rawit Merah,14,2,-1.28,0.0,1.28
2021-08-09,Cabai Rawit Merah,14,3,-1.28,0.0,1.28
2021-08-16,Cabai Rawit Merah,7,1,-1.28,0.0,1.28
2021-08-16,Cabai Rawit Merah,7,2,-1.28,0.0,1.28
2021-08-16,Cabai Rawit Merah,7,3,-1.28,0.0,1.28
2021-08-16,Cabai Rawit Merah,14,1,-1.28,0.0,1.28
2021-08-16,Cabai Rawit Merah,14,2,-1.28,0.0,1.28
2021-08-16,Cabai Rawit Merah,14,3,-1.28,0.0,1.28
2021-08-23,Cabai Rawit Merah,7,1,-1.28,0.0,1.28
2021-08-23,Cabai Rawit Merah,7,2,-1.28,0.0,1.28
2021-08-23,Cabai Rawit Merah,7,3,-1.28,0.0,1.28
2021-08-23,Cabai Rawit Merah,14,1,-1.28,0.0,1.28
2021-08-23,Cabai Rawit Merah,14,2,-1.28,0.0,1.28
2021-08-23,Cabai Rawit Merah,14,3,-1.28,0.0,1.28
2021-08-30,Cabai Rawit Merah,7,1,-1.28,0.0,1.28
2021-08-30,Cabai Rawit Merah,7,2,-1.28,0.0,1.28
2021-08-30,Cabai Rawit Merah,7,3,-1.28,0.0,1.28
2021-08-30,Cabai Rawit Merah,14,1,-1.28,0.0,1.28
2021-08-30,Cabai Rawit Merah,14,2,-1.28,0.0,1.28
2021-08-30,Cabai Rawit Merah,14,3,-1.28,0.0,1.28
2021-09-06,Cabai Rawit Merah,7,1,-1.28,0.0,1.28
2021-09-06,Cabai Rawit Merah,7,2,-1.28,0.0,1.28
2021-09-06,Cabai Rawit Merah,7,3,-1.28,0.0,1.28
2021-09-06,Cabai Rawit Merah,14,1,-1.28,0.0,1.28
2021-09-06,Cabai Rawit Merah,14,2,-1.28,0.0,1.28
2021-09-06,Cabai Rawit Merah,14,3,-1.28,0.0,1.28
2021-09-13,Cabai Rawit Merah,7,1,-1.28,0.0,1.28
2021-09-13,Cabai Rawit Merah,7,2,-1.28,0.0,1.28
2021-09-13,Cabai Rawit Merah,7,3,-1.28,0.0,1.28
2021-09-13,Cabai Rawit Merah,14,1,-1.28,0.0,1.28
2021-09-13,Cabai Rawit Merah,14,2,-1.28,0.0,1.28
2021-09-13,Cabai Rawit Merah,14,3,-1.28,0.0,1.28
2021-09-20,Cabai Rawit Merah,7,1,-1.28,0.0,1.28
2021-09-20,Cabai Rawit Merah,7,2,-1.28,0.0,1.28
2021-09-20,Cabai Rawit Merah,7,3,-1.28,0.0,1.28
2021-09-20,Cabai Rawit Merah,14,1,-1.28,0.0,1.28
2021-09-20,Cabai Rawit Merah,14,2,-1.28,0.0,1.28
2021-09-20,Cabai Rawit Merah,14,3,-1.28,0.0,1.28
2021-09-27,Cabai Rawit Merah,7,1,-1.28,0.0,1.28
2021-09-27,Cabai Rawit Merah,7,2,-1.28,0.0,1.28
2021-09-27,Cabai Rawit Merah,7,3,-1.28,0.0,1.28
2021-09-27,Cabai Rawit Merah,14,1,-1.28,0.0,1.28
2021-09-27,Cabai Rawit Merah,14,2,-1.28,0.0,1.28
2021-09-27,Cabai Rawit Merah,14,3,-1.28,0.0,1.28
2021-10-04,Cabai Rawit Merah,7,1,-1.28,0.0,1.28
2021-10-04,Cabai Rawit Merah,7,2,-1.28,0.0,1.28
2021-10-04,Cabai Rawit Merah,7,3,-1.28,0.0,1.28
2021-10-04,Cabai Rawit Merah,14,1,-1.28,0.0,1.28
2021-10-04,Cabai Rawit Merah,14,2,-1.28,0.0,1.28
2021-10-04,Cabai Rawit Merah,14,3,-1.28,0.0,1.28
2021-10-11,Cabai Rawit Merah,7,1,-1.28,0.0,1.28
2021-10-11,Cabai Rawit Merah,7,2,-1.28,0.0,1.28
2021-10-11,Cabai Rawit Merah,7,3,-1.28,0.0,1.28
2021-10-11,Cabai Rawit Merah,14,1,-1.28,0.0,1.28
2021-10-11,Cabai Rawit Merah,14,2,-1.28,0.0,1.28
2021-10-11,Cabai Rawit Merah,14,3,-1.28,0.0,1.28
2021-10-18,Cabai Rawit Merah,7,1,-1.28,0.0,1.28
2021-10-18,Cabai Rawit Merah,7,2,-1.28,0.0,1.28
2021-10-18,Cabai Rawit Merah,7,3,-1.28,0.0,1.28
2021-10-18,Cabai Rawit Merah,14,1,-1.28,0.0,1.28
2021-10-18,Cabai Rawit Merah,14,2,-1.28,0.0,1.28
2021-10-18,Cabai Rawit Merah,14,3,-1.28,0.0,1.28
2021-10-25,Cabai Rawit Merah,7,1,-1.28,0.0,1.28
2021-10-25,Cabai Rawit Merah,7,2,-1.28,0.0,1.28
2021-10-25,Cabai Rawit Merah,7,3,-1.28,0.0,1.28
2021-10-25,Cabai Rawit Merah,14,1,-1.28,0.0,1.28
2021-10-25,Cabai Rawit Merah,14,2,-1.28,0.0,1.28
2021-10-25,Cabai Rawit Merah,14,3,-1.28,0.0,1.28
2021-11-01,Cabai Rawit Merah,7,1,-1.28,0.0,1.28
2021-11-01,Cabai Rawit Merah,7,2,-1.28,0.0,1.28
2021-11-01,Cabai Rawit Merah,7,3,-1.28,0.0,1.28
2021-11-01,Cabai Rawit Merah,14,1,-1.28,0.0,1.28
2021-11-01,Cabai Rawit Merah,14,2,-1.28,0.0,1.28
2021-11-01,Cabai Rawit Merah,14,3,-1.28,0.0,1.28
2021-11-08,Cabai Rawit Merah,7,1,-1.28,0.0,1.28
2021-11-08,Cabai Rawit Merah,7,2,-1.28,0.0,1.28
2021-11-08,Cabai Rawit Merah,7,3,-1.28,0.0,1.28
2021-11-08,Cabai Rawit Merah,14,1,-1.28,0.0,1.28
2021-11-08,Cabai Rawit Merah,14,2,-1.28,0.0,1.28
2021-11-08,Cabai Rawit Merah,14,3,-1.28,0.0,1.28
2021-11-15,Cabai Rawit Merah,7,1,-1.28,0.0,1.28
2021-11-15,Cabai Rawit Merah,7,2,-1.28,0.0,1.28
2021-11-15,Cabai Rawit Merah,7,3,-1.28,0.0,1.28
2021-11-15,Cabai Rawit Merah,14,1,-1.28,0.0,1.28
2021-11-15,Cabai Rawit Merah,14,2,-1.28,0.0,1.28
2021-11-15,Cabai Rawit Merah,14,3,-1.28,0.0,1.28
2021-11-22,Cabai Rawit Merah,7,1,-1.28,0.0,1.28
2021-11-22,Cabai Rawit Merah,7,2,-1.28,0.0,1.28
2021-11-22,Cabai Rawit Merah,7,3,-1.28,0.0,1.28
2021-11-22,Cabai Rawit Merah,14,1,-1.28,0.0,1.28
2021-11-22,Cabai Rawit Merah,14,2,-1.28,0.0,1.28
2021-11-22,Cabai Rawit Merah,14,3,-1.28,0.0,1.28
2021-11-29,Cabai Rawit Merah,7,1,-1.28,0.0,1.28
2021-11-29,Cabai Rawit Merah,7,2,-1.28,0.0,1.28
2021-11-29,Cabai Rawit Merah,7,3,-1.28,0.0,1.28
2021-11-29,Cabai Rawit Merah,14,1,-1.28,0.0,1.28
2021-11-29,Cabai Rawit Merah,14,2,-1.28,0.0,1.28
2021-11-29,Cabai Rawit Merah,14,3,-1.28,0.0,1.28
2021-12-06,Cabai Rawit Merah,7,1,-1.28,0.0,1.28
2021-12-06,Cabai Rawit Merah,7,2,-1.28,0.0,1.28
2021-12-06,Cabai Rawit Merah,7,3,-1.28,0.0,1.28
2021-12-06,Cabai Rawit Merah,14,1,-1.28,0.0,1.28
2021-12-06,Cabai Rawit Merah,14,2,-1.28,0.0,1.28
2021-12-06,Cabai Rawit Merah,14,3,-1.28,0.0,1.28
2021-12-13,Cabai Rawit Merah,7,1,-1.28,0.0,1.28
2021-12-13,Cabai Rawit Merah,7,2,-1.28,0.0,1.28
2021-12-13,Cabai Rawit Merah,7,3,-1.28,0.0,1.28
2021-12-13,Cabai Rawit Merah,14,1,-1.28,0.0,1.28
2021-12-13,Cabai Rawit Merah,14,2,-1.28,0.0,1.28
2021-12-13,Cabai Rawit Merah,14,3,-1.28,0.0,1.28
2021-12-20,Cabai Rawit Merah,7,1,-1.28,0.0,1.28
2021-12-20,Cabai Rawit Merah,7,2,-1.28,0.0,1.28
2021-12-20,Cabai Rawit Merah,7,3,-1.28,0.0,1.28
2021-12-20,Cabai Rawit Merah,14,1,-1.28,0.0,1.28
2021-12-20,Cabai Rawit Merah,14,2,-1.28,0.0,1.28
2021-12-20,Cabai Rawit Merah,14,3,-1.28,0.0,1.28
2021-12-27,Cabai Rawit Merah,7,1,-1.28,0.0,1.28
2021-12-27,Cabai Rawit Merah,7,2,-1.28,0.0,1.28
2021-12-27,Cabai Rawit Merah,7,3,-1.28,0.0,1.28
2021-12-27,Cabai Rawit Merah,14,1,-1.28,0.0,1.28
2021-12-27,Cabai Rawit Merah,14,2,-1.28,0.0,1.28
2021-12-27,Cabai Rawit Merah,14,3,-1.28,0.0,1.28
2022-01-03,Cabai Rawit Merah,7,1,-1.28,0.0,1.28
2022-01-03,Cabai Rawit Merah,7,2,-1.28,0.0,1.28
2022-01-03,Cabai Rawit Merah,7,3,-1.28,0.0,1.28
2022-01-03,Cabai Rawit Merah,14,1,-1.28,0.0,1.28
2022-01-03,Cabai Rawit Merah,14,2,-1.28,0.0,1.28
2022-01-03,Cabai Rawit Merah,14,3,-1.28,0.0,1.28
2022-01-10,Cabai Rawit Merah,7,1,-1.28,0.0,1.28
2022-01-10,Cabai Rawit Merah,7,2,-1.28,0.0,1.28
2022-01-10,Cabai Rawit Merah,7,3,-1.28,0.0,1.28
2022-01-10,Cabai Rawit Merah,14,1,-1.28,0.0,1.28
2022-01-10,Cabai Rawit Merah,14,2,-1.28,0.0,1.28
2022-01-10,Cabai Rawit Merah,14,3,-1.28,0.0,1.28
2022-01-17,Cabai Rawit Merah,7,1,-1.28,0.0,1.28
2022-01-17,Cabai Rawit Merah,7,2,-1.28,0.0,1.28
2022-01-17,Cabai Rawit Merah,7,3,-1.28,0.0,1.28
2022-01-17,Cabai Rawit Merah,14,1,-1.28,0.0,1.28
2022-01-17,Cabai Rawit Merah,14,2,-1.28,0.0,1.28
2022-01-17,Cabai Rawit Merah,14,3,-1.28,0.0,1.28
2022-01-24,Cabai Rawit Merah,7,1,-1.28,0.0,1.28
2022-01-24,Cabai Rawit Merah,7,2,-1.28,0.0,1.28
2022-01-24,Cabai Rawit Merah,7,3,-1.28,0.0,1.28
2022-01-24,Cabai Rawit Merah,14,1,-1.28,0.0,1.28
2022-01-24,Cabai Rawit Merah,14,2,-1.28,0.0,1.28
2022-01-24,Cabai Rawit Merah,14,3,-1.28,0.0,1.28
2022-01-31,Cabai Rawit Merah,7,1,-1.28,0.0,1.28
2022-01-31,Cabai Rawit Merah,7,2,-1.28,0.0,1.28
2022-01-31,Cabai Rawit Merah,7,3,-1.28,0.0,1.28
2022-01-31,Cabai Rawit Merah,14,1,-1.28,0.0,1.28
2022-01-31,Cabai Rawit Merah,14,2,-1.28,0.0,1.28
2022-01-31,Cabai Rawit Merah,14,3,-1.28,0.0,1.28
2022-02-07,Cabai Rawit Merah,7,1,-1.28,0.0,1.28
2022-02-07,Cabai Rawit Merah,7,2,-1.28,0.0,1.28
2022-02-07,Cabai Rawit Merah,7,3,-1.28,0.0,1.28
2022-02-07,Cabai Rawit Merah,14,1,-1.28,0.0,1.28
2022-02-07,Cabai Rawit Merah,14,2,-1.28,0.0,1.28
2022-02-07,Cabai Rawit Merah,14,3,-1.28,0.0,1.28
2022-02-14,Cabai Rawit Merah,7,1,-1.28,0.0,1.28
2022-02-14,Cabai Rawit Merah,7,2,-1.28,0.0,1.28
2022-02-14,Cabai Rawit Merah,7,3,-1.28,0.0,1.28
2022-02-14,Cabai Rawit Merah,14,1,-1.28,0.0,1.28
2022-02-14,Cabai Rawit Merah,14,2,-1.28,0.0,1.28
2022-02-14,Cabai Rawit Merah,14,3,-1.28,0.0,1.28
2022-02-21,Cabai Rawit Merah,7,1,-1.28,0.0,1.28
2022-02-21,Cabai Rawit Merah,7,2,-1.28,0.0,1.28
2022-02-21,Cabai Rawit Merah,7,3,-1.28,0.0,1.28
2022-02-21,Cabai Rawit Merah,14,1,-1.28,0.0,1.28
2022-02-21,Cabai Rawit Merah,14,2,-1.28,0.0,1.28
2022-02-21,Cabai Rawit Merah,14,3,-1.28,0.0,1.28
2022-02-28,Cabai Rawit Merah,7,1,-1.28,0.0,1.28
2022-02-28,Cabai Rawit Merah,7,2,-1.28,0.0,1.28
2022-02-28,Cabai Rawit Merah,7,3,-1.28,0.0,1.28
2022-02-28,Cabai Rawit Merah,14,1,-1.28,0.0,1.28
2022-02-28,Cabai Rawit Merah,14,2,-1.28,0.0,1.28
2022-02-28,Cabai Rawit Merah,14,3,-1.28,0.0,1.28
2022-03-07,Cabai Rawit Merah,7,1,-1.28,0.0,1.28
2022-03-07,Cabai Rawit Merah,7,2,-1.28,0.0,1.28
2022-03-07,Cabai Rawit Merah,7,3,-1.28,0.0,1.28
2022-03-07,Cabai Rawit Merah,14,1,-1.28,0.0,1.28
2022-03-07,Cabai Rawit Merah,14,2,-1.28,0.0,1.28
2022-03-07,Cabai Rawit Merah,14,3,-1.28,0.0,1.28
2022-03-14,Cabai Rawit Merah,7,1,-1.28,0.0,1.28
2022-03-14,Cabai Rawit Merah,7,2,-1.28,0.0,1.28
2022-03-14,Cabai Rawit Merah,7,3,-1.28,0.0,1.28
2022-03-14,Cabai Rawit Merah,14,1,-1.28,0.0,1.28
2022-03-14,Cabai Rawit Merah,14,2,-1.28,0.0,1.28
2022-03-14,Cabai Rawit Merah,14,3,-1.28,0.0,1.28
2022-03-28,Cabai Rawit Merah,7,1,-1.28,0.0,1.28
2022-03-28,Cabai Rawit Merah,7,2,-1.28,0.0,1.28
2022-03-28,Cabai Rawit Merah,7,3,-1.28,0.0,1.28
2022-03-28,Cabai Rawit Merah,14,1,-1.28,0.0,1.28
2022-03-28,Cabai Rawit Merah,14,2,-1.28,0.0,1.28
2022-03-28,Cabai Rawit Merah,14,3,-1.28,0.0,1.28
2022-04-04,Cabai Rawit Merah,7,1,-1.28,0.0,1.28
2022-04-04,Cabai Rawit Merah,7,2,-1.28,0.0,1.28
2022-04-04,Cabai Rawit Merah,7,3,-1.28,0.0,1.28
2022-04-04,Cabai Rawit Merah,14,1,-1.28,0.0,1.28
2022-04-04,Cabai Rawit Merah,14,2,-1.28,0.0,1.28
2022-04-04,Cabai Rawit Merah,14,3,-1.28,0.0,1.28
2022-04-11,Cabai Rawit Merah,7,1,-1.28,0.0,1.28
2022-04-11,Cabai Rawit Merah,7,2,-1.28,0.0,1.28
2022-04-11,Cabai Rawit Merah,7,3,-1.28,0.0,1.28
2022-04-11,Cabai Rawit Merah,14,1,-1.28,0.0,1.28
2022-04-11,Cabai Rawit Merah,14,2,-1.28,0.0,1.28
2022-04-11,Cabai Rawit Merah,14,3,-1.28,0.0,1.28
2022-04-18,Cabai Rawit Merah,7,1,-1.28,0.0,1.28
2022-04-18,Cabai Rawit Merah,7,2,-1.28,0.0,1.28
2022-04-18,Cabai Rawit Merah,7,3,-1.28,0.0,1.28
2022-04-18,Cabai Rawit Merah,14,1,-1.28,0.0,1.28
2022-04-18,Cabai Rawit Merah,14,2,-1.28,0.0,1.28
2022-04-18,Cabai Rawit Merah,14,3,-1.28,0.0,1.28
2022-04-25,Cabai Rawit Merah,7,1,-1.28,0.0,1.28
2022-04-25,Cabai Rawit Merah,7,2,-1.28,0.0,1.28
2022-04-25,Cabai Rawit Merah,7,3,-1.28,0.0,1.28
2022-04-25,Cabai Rawit Merah,14,1,-1.28,0.0,1.28
2022-04-25,Cabai Rawit Merah,14,2,-1.28,0.0,1.28
2022-04-25,Cabai Rawit Merah,14,3,-1.28,0.0,1.28
2022-05-02,Cabai Rawit Merah,7,1,-1.28,0.0,1.28
2022-05-02,Cabai Rawit Merah,7,2,-1.28,0.0,1.28
2022-05-02,Cabai Rawit Merah,7,3,-1.28,0.0,1.28
2022-05-02,Cabai Rawit Merah,14,1,-1.28,0.0,1.28
2022-05-02,Cabai Rawit Merah,14,2,-1.28,0.0,1.28
2022-05-02,Cabai Rawit Merah,14,3,-1.28,0.0,1.28
2022-05-09,Cabai Rawit Merah,7,1,-1.28,0.0,1.28
2022-05-09,Cabai Rawit Merah,7,2,-1.28,0.0,1.28
2022-05-09,Cabai Rawit Merah,7,3,-1.28,0.0,1.28
2022-05-09,Cabai Rawit Merah,14,1,-1.28,0.0,1.28
2022-05-09,Cabai Rawit Merah,14,2,-1.28,0.0,1.28
2022-05-09,Cabai Rawit Merah,14,3,-1.28,0.0,1.28
2022-05-16,Cabai Rawit Merah,7,1,-1.28,0.0,1.28
2022-05-16,Cabai Rawit Merah,7,2,-1.28,0.0,1.28
2022-05-16,Cabai Rawit Merah,7,3,-1.28,0.0,1.28
2022-05-16,Cabai Rawit Merah,14,1,-1.28,0.0,1.28
2022-05-16,Cabai Rawit Merah,14,2,-1.28,0.0,1.28
2022-05-16,Cabai Rawit Merah,14,3,-1.28,0.0,1.28
2022-05-23,Cabai Rawit Merah,7,1,-1.28,0.0,1.28
2022-05-23,Cabai Rawit Merah,7,2,-1.28,0.0,1.28
2022-05-23,Cabai Rawit Merah,7,3,-1.28,0.0,1.28
2022-05-23,Cabai Rawit Merah,14,1,-1.28,0.0,1.28
2022-05-23,Cabai Rawit Merah,14,2,-1.28,0.0,1.28
2022-05-23,Cabai Rawit Merah,14,3,-1.28,0.0,1.28
2022-05-30,Cabai Rawit Merah,7,1,-1.28,0.0,1.28
2022-05-30,Cabai Rawit Merah,7,2,-1.28,0.0,1.28
2022-05-30,Cabai Rawit Merah,7,3,-1.28,0.0,1.28
2022-05-30,Cabai Rawit Merah,14,1,-1.28,0.0,1.28
2022-05-30,Cabai Rawit Merah,14,2,-1.28,0.0,1.28
2022-05-30,Cabai Rawit Merah,14,3,-1.28,0.0,1.28
2022-06-06,Cabai Rawit Merah,7,1,-1.28,0.0,1.28
2022-06-06,Cabai Rawit Merah,7,2,-1.28,0.0,1.28
2022-06-06,Cabai Rawit Merah,7,3,-1.28,0.0,1.28
2022-06-06,Cabai Rawit Merah,14,1,-1.28,0.0,1.28
2022-06-06,Cabai Rawit Merah,14,2,-1.28,0.0,1.28
2022-06-06,Cabai Rawit Merah,14,3,-1.28,0.0,1.28
2022-06-13,Cabai Rawit Merah,7,1,-1.28,0.0,1.28
2022-06-13,Cabai Rawit Merah,7,2,-1.28,0.0,1.28
2022-06-13,Cabai Rawit Merah,7,3,-1.28,0.0,1.28
2022-06-13,Cabai Rawit Merah,14,1,-1.28,0.0,1.28
2022-06-13,Cabai Rawit Merah,14,2,-1.28,0.0,1.28
2022-06-13,Cabai Rawit Merah,14,3,-1.28,0.0,1.28
2022-06-20,Cabai Rawit Merah,7,1,-1.28,0.0,1.28
2022-06-20,Cabai Rawit Merah,7,2,-1.28,0.0,1.28
2022-06-20,Cabai Rawit Merah,7,3,-1.28,0.0,1.28
2022-06-20,Cabai Rawit Merah,14,1,-1.28,0.0,1.28
2022-06-20,Cabai Rawit Merah,14,2,-1.28,0.0,1.28
2022-06-20,Cabai Rawit Merah,14,3,-1.28,0.0,1.28
2022-06-27,Cabai Rawit Merah,7,1,-1.28,0.0,1.28
2022-06-27,Cabai Rawit Merah,7,2,-1.28,0.0,1.28
2022-06-27,Cabai Rawit Merah,7,3,-1.28,0.0,1.28
2022-06-27,Cabai Rawit Merah,14,1,-1.28,0.0,1.28
2022-06-27,Cabai Rawit Merah,14,2,-1.28,0.0,1.28
2022-06-27,Cabai Rawit Merah,14,3,-1.28,0.0,1.28
2022-07-04,Cabai Rawit Merah,7,1,-1.28,0.0,1.28
2022-07-04,Cabai Rawit Merah,7,2,-1.28,0.0,1.28
2022-07-04,Cabai Rawit Merah,7,3,-1.28,0.0,1.28
2022-07-04,Cabai Rawit Merah,14,1,-1.28,0.0,1.28
2022-07-04,Cabai Rawit Merah,14,2,-1.28,0.0,1.28
2022-07-04,Cabai Rawit Merah,14,3,-1.28,0.0,1.28
2022-07-11,Cabai Rawit Merah,7,1,-1.28,0.0,1.28
2022-07-11,Cabai Rawit Merah,7,2,-1.28,0.0,1.28
2022-07-11,Cabai Rawit Merah,7,3,-1.28,0.0,1.28
2022-07-11,Cabai Rawit Merah,14,1,-1.28,0.0,1.28
2022-07-11,Cabai Rawit Merah,14,2,-1.28,0.0,1.28
2022-07-11,Cabai Rawit Merah,14,3,-1.28,0.0,1.28
2022-07-18,Cabai Rawit Merah,7,1,-1.28,0.0,1.28
2022-07-18,Cabai Rawit Merah,7,2,-1.28,0.0,1.28
2022-07-18,Cabai Rawit Merah,7,3,-1.28,0.0,1.28
2022-07-18,Cabai Rawit Merah,14,1,-1.28,0.0,1.28
2022-07-18,Cabai Rawit Merah,14,2,-1.28,0.0,1.28
2022-07-18,Cabai Rawit Merah,14,3,-1.28,0.0,1.28
2022-07-25,Cabai Rawit Merah,7,1,-1.28,0.0,1.28
2022-07-25,Cabai Rawit Merah,7,2,-1.28,0.0,1.28
2022-07-25,Cabai Rawit Merah,7,3,-1.28,0.0,1.28
2022-07-25,Cabai Rawit Merah,14,1,-1.28,0.0,1.28
2022-07-25,Cabai Rawit Merah,14,2,-1.28,0.0,1.28
2022-07-25,Cabai Rawit Merah,14,3,-1.28,0.0,1.28
2022-08-01,Cabai Rawit Merah,7,1,-1.28,0.0,1.28
2022-08-01,Cabai Rawit Merah,7,2,-1.28,0.0,1.28
2022-08-01,Cabai Rawit Merah,7,3,-1.28,0.0,1.28
2022-08-01,Cabai Rawit Merah,14,1,-1.28,0.0,1.28
2022-08-01,Cabai Rawit Merah,14,2,-1.28,0.0,1.28
2022-08-01,Cabai Rawit Merah,14,3,-1.28,0.0,1.28
2022-08-08,Cabai Rawit Merah,7,1,-1.28,0.0,1.28
2022-08-08,Cabai Rawit Merah,7,2,-1.28,0.0,1.28
2022-08-08,Cabai Rawit Merah,7,3,-1.28,0.0,1.28
2022-08-08,Cabai Rawit Merah,14,1,-1.28,0.0,1.28
2022-08-08,Cabai Rawit Merah,14,2,-1.28,0.0,1.28
2022-08-08,Cabai Rawit Merah,14,3,-1.28,0.0,1.28
2022-08-15,Cabai Rawit Merah,7,1,-1.28,0.0,1.28
2022-08-15,Cabai Rawit Merah,7,2,-1.28,0.0,1.28
2022-08-15,Cabai Rawit Merah,7,3,-1.28,0.0,1.28
2022-08-15,Cabai Rawit Merah,14,1,-1.28,0.0,1.28
2022-08-15,Cabai Rawit Merah,14,2,-1.28,0.0,1.28
2022-08-15,Cabai Rawit Merah,14,3,-1.28,0.0,1.28
2022-08-22,Cabai Rawit Merah,7,1,-1.28,0.0,1.28
2022-08-22,Cabai Rawit Merah,7,2,-1.28,0.0,1.28
2022-08-22,Cabai Rawit Merah,7,3,-1.28,0.0,1.28
2022-08-22,Cabai Rawit Merah,14,1,-1.28,0.0,1.28
2022-08-22,Cabai Rawit Merah,14,2,-1.28,0.0,1.28
2022-08-22,Cabai Rawit Merah,14,3,-1.28,0.0,1.28
2022-08-29,Cabai Rawit Merah,7,1,-1.28,0.0,1.28
2022-08-29,Cabai Rawit Merah,7,2,-1.28,0.0,1.28
2022-08-29,Cabai Rawit Merah,7,3,-1.28,0.0,1.28
2022-08-29,Cabai Rawit Merah,14,1,-1.28,0.0,1.28
2022-08-29,Cabai Rawit Merah,14,2,-1.28,0.0,1.28
2022-08-29,Cabai Rawit Merah,14,3,-1.28,0.0,1.28
2022-09-05,Cabai Rawit Merah,7,1,-1.28,0.0,1.28
2022-09-05,Cabai Rawit Merah,7,2,-1.28,0.0,1.28
2022-09-05,Cabai Rawit Merah,7,3,-1.28,0.0,1.28
2022-09-05,Cabai Rawit Merah,14,1,-1.28,0.0,1.28
2022-09-05,Cabai Rawit Merah,14,2,-1.28,0.0,1.28
2022-09-05,Cabai Rawit Merah,14,3,-1.28,0.0,1.28
2022-09-12,Cabai Rawit Merah,7,1,-1.28,0.0,1.28
2022-09-12,Cabai Rawit Merah,7,2,-1.28,0.0,1.28
2022-09-12,Cabai Rawit Merah,7,3,-1.28,0.0,1.28
2022-09-12,Cabai Rawit Merah,14,1,-1.28,0.0,1.28
2022-09-12,Cabai Rawit Merah,14,2,-1.28,0.0,1.28
2022-09-12,Cabai Rawit Merah,14,3,-1.28,0.0,1.28
2022-09-19,Cabai Rawit Merah,7,1,-1.28,0.0,1.28
2022-09-19,Cabai Rawit Merah,7,2,-1.28,0.0,1.28
2022-09-19,Cabai Rawit Merah,7,3,-1.28,0.0,1.28
2022-09-19,Cabai Rawit Merah,14,1,-1.28,0.0,1.28
2022-09-19,Cabai Rawit Merah,14,2,-1.28,0.0,1.28
2022-09-19,Cabai Rawit Merah,14,3,-1.28,0.0,1.28
2022-09-26,Cabai Rawit Merah,7,1,-1.28,0.0,1.28
2022-09-26,Cabai Rawit Merah,7,2,-1.28,0.0,1.28
2022-09-26,Cabai Rawit Merah,7,3,-1.28,0.0,1.28
2022-09-26,Cabai Rawit Merah,14,1,-1.28,0.0,1.28
2022-09-26,Cabai Rawit Merah,14,2,-1.28,0.0,1.28
2022-09-26,Cabai Rawit Merah,14,3,-1.28,0.0,1.28
2022-10-03,Cabai Rawit Merah,7,1,-1.28,0.0,1.28
2022-10-03,Cabai Rawit Merah,7,2,-1.28,0.0,1.28
2022-10-03,Cabai Rawit Merah,7,3,-1.28,0.0,1.28
2022-10-03,Cabai Rawit Merah,14,1,-1.28,0.0,1.28
2022-10-03,Cabai Rawit Merah,14,2,-1.28,0.0,1.28
2022-10-03,Cabai Rawit Merah,14,3,-1.28,0.0,1.28
2022-10-10,Cabai Rawit Merah,7,1,-1.28,0.0,1.28
2022-10-10,Cabai Rawit Merah,7,2,-1.28,0.0,1.28
2022-10-10,Cabai Rawit Merah,7,3,-1.28,0.0,1.28
2022-10-10,Cabai Rawit Merah,14,1,-1.28,0.0,1.28
2022-10-10,Cabai Rawit Merah,14,2,-1.28,0.0,1.28
2022-10-10,Cabai Rawit Merah,14,3,-1.28,0.0,1.28
2022-10-17,Cabai Rawit Merah,7,1,-1.28,0.0,1.28
2022-10-17,Cabai Rawit Merah,7,2,-1.28,0.0,1.28
2022-10-17,Cabai Rawit Merah,7,3,-1.28,0.0,1.28
2022-10-17,Cabai Rawit Merah,14,1,-1.28,0.0,1.28
2022-10-17,Cabai Rawit Merah,14,2,-1.28,0.0,1.28
2022-10-17,Cabai Rawit Merah,14,3,-1.28,0.0,1.28
2022-10-24,Cabai Rawit Merah,7,1,-1.28,0.0,1.28
2022-10-24,Cabai Rawit Merah,7,2,-1.28,0.0,1.28
2022-10-24,Cabai Rawit Merah,7,3,-1.28,0.0,1.28
2022-10-24,Cabai Rawit Merah,14,1,-1.28,0.0,1.28
2022-10-24,Cabai Rawit Merah,14,2,-1.28,0.0,1.28
2022-10-24,Cabai Rawit Merah,14,3,-1.28,0.0,1.28
2022-10-31,Cabai Rawit Merah,7,1,-1.28,0.0,1.28
2022-10-31,Cabai Rawit Merah,7,2,-1.28,0.0,1.28
2022-10-31,Cabai Rawit Merah,7,3,-1.28,0.0,1.28
2022-10-31,Cabai Rawit Merah,14,1,-1.28,0.0,1.28
2022-10-31,Cabai Rawit Merah,14,2,-1.28,0.0,1.28
2022-10-31,Cabai Rawit Merah,14,3,-1.28,0.0,1.28
2022-11-07,Cabai Rawit Merah,7,1,-1.28,0.0,1.28
2022-11-07,Cabai Rawit Merah,7,2,-1.28,0.0,1.28
2022-11-07,Cabai Rawit Merah,7,3,-1.28,0.0,1.28
2022-11-07,Cabai Rawit Merah,14,1,-1.28,0.0,1.28
2022-11-07,Cabai Rawit Merah,14,2,-1.28,0.0,1.28
2022-11-07,Cabai Rawit Merah,14,3,-1.28,0.0,1.28
2022-11-21,Cabai Rawit Merah,7,1,-1.28,0.0,1.28
2022-11-21,Cabai Rawit Merah,7,2,-1.28,0.0,1.28
2022-11-21,Cabai Rawit Merah,7,3,-1.28,0.0,1.28
2022-11-21,Cabai Rawit Merah,14,1,-1.28,0.0,1.28
2022-11-21,Cabai Rawit Merah,14,2,-1.28,0.0,1.28
2022-11-21,Cabai Rawit Merah,14,3,-1.28,0.0,1.28
2022-11-28,Cabai Rawit Merah,7,1,-1.28,0.0,1.28
2022-11-28,Cabai Rawit Merah,7,2,-1.28,0.0,1.28
2022-11-28,Cabai Rawit Merah,7,3,-1.28,0.0,1.28
2022-11-28,Cabai Rawit Merah,14,1,-1.28,0.0,1.28
2022-11-28,Cabai Rawit Merah,14,2,-1.28,0.0,1.28
2022-11-28,Cabai Rawit Merah,14,3,-1.28,0.0,1.28
2022-12-05,Cabai Rawit Merah,7,1,-1.28,0.0,1.28
2022-12-05,Cabai Rawit Merah,7,2,-1.28,0.0,1.28
2022-12-05,Cabai Rawit Merah,7,3,-1.28,0.0,1.28
2022-12-05,Cabai Rawit Merah,14,1,-1.28,0.0,1.28
2022-12-05,Cabai Rawit Merah,14,2,-1.28,0.0,1.28
2022-12-05,Cabai Rawit Merah,14,3,-1.28,0.0,1.28
2022-12-12,Cabai Rawit Merah,7,1,-1.28,0.0,1.28
2022-12-12,Cabai Rawit Merah,7,2,-1.28,0.0,1.28
2022-12-12,Cabai Rawit Merah,7,3,-1.28,0.0,1.28
2022-12-12,Cabai Rawit Merah,14,1,-1.28,0.0,1.28
2022-12-12,Cabai Rawit Merah,14,2,-1.28,0.0,1.28
2022-12-12,Cabai Rawit Merah,14,3,-1.28,0.0,1.28
2022-12-19,Cabai Rawit Merah,7,1,-1.28,0.0,1.28
2022-12-19,Cabai Rawit Merah,7,2,-1.28,0.0,1.28
2022-12-19,Cabai Rawit Merah,7,3,-1.28,0.0,1.28
2022-12-19,Cabai Rawit Merah,14,1,-1.28,0.0,1.28
2022-12-19,Cabai Rawit Merah,14,2,-1.28,0.0,1.28
2022-12-19,Cabai Rawit Merah,14,3,-1.28,0.0,1.28
2022-12-26,Cabai Rawit Merah,7,1,-1.28,0.0,1.28
2022-12-26,Cabai Rawit Merah,7,2,-1.28,0.0,1.28
2022-12-26,Cabai Rawit Merah,7,3,-1.28,0.0,1.28
2022-12-26,Cabai Rawit Merah,14,1,-1.28,0.0,1.28
2022-12-26,Cabai Rawit Merah,14,2,-1.28,0.0,1.28
2022-12-26,Cabai Rawit Merah,14,3,-1.28,0.0,1.28
2023-01-02,Cabai Rawit Merah,7,1,-1.28,0.0,1.28
2023-01-02,Cabai Rawit Merah,7,2,-1.28,0.0,1.28
2023-01-02,Cabai Rawit Merah,7,3,-1.28,0.0,1.28
2023-01-02,Cabai Rawit Merah,14,1,-1.28,0.0,1.28
2023-01-02,Cabai Rawit Merah,14,2,-1.28,0.0,1.28
2023-01-02,Cabai Rawit Merah,14,3,-1.28,0.0,1.28
2023-01-09,Cabai Rawit Merah,7,1,-1.28,0.0,1.28
2023-01-09,Cabai Rawit Merah,7,2,-1.28,0.0,1.28
2023-01-09,Cabai Rawit Merah,7,3,-1.28,0.0,1.28
2023-01-09,Cabai Rawit Merah,14,1,-1.28,0.0,1.28
2023-01-09,Cabai Rawit Merah,14,2,-1.28,0.0,1.28
2023-01-09,Cabai Rawit Merah,14,3,-1.28,0.0,1.28
2023-01-16,Cabai Rawit Merah,7,1,-1.28,0.0,1.28
2023-01-16,Cabai Rawit Merah,7,2,-1.28,0.0,1.28
2023-01-16,Cabai Rawit Merah,7,3,-1.28,0.0,1.28
2023-01-16,Cabai Rawit Merah,14,1,-1.28,0.0,1.28
2023-01-16,Cabai Rawit Merah,14,2,-1.28,0.0,1.28
2023-01-16,Cabai Rawit Merah,14,3,-1.28,0.0,1.28
2023-01-23,Cabai Rawit Merah,7,1,-1.28,0.0,1.28
2023-01-23,Cabai Rawit Merah,7,2,-1.28,0.0,1.28
2023-01-23,Cabai Rawit Merah,7,3,-1.28,0.0,1.28
2023-01-23,Cabai Rawit Merah,14,1,-1.28,0.0,1.28
2023-01-23,Cabai Rawit Merah,14,2,-1.28,0.0,1.28
2023-01-23,Cabai Rawit Merah,14,3,-1.28,0.0,1.28
2023-01-30,Cabai Rawit Merah,7,1,-1.28,0.0,1.28
2023-01-30,Cabai Rawit Merah,7,2,-1.28,0.0,1.28
2023-01-30,Cabai Rawit Merah,7,3,-1.28,0.0,1.28
2023-01-30,Cabai Rawit Merah,14,1,-1.28,0.0,1.28
2023-01-30,Cabai Rawit Merah,14,2,-1.28,0.0,1.28
2023-01-30,Cabai Rawit Merah,14,3,-1.28,0.0,1.28
2023-02-06,Cabai Rawit Merah,7,1,-1.28,0.0,1.28
2023-02-06,Cabai Rawit Merah,7,2,-1.28,0.0,1.28
2023-02-06,Cabai Rawit Merah,7,3,-1.28,0.0,1.28
2023-02-06,Cabai Rawit Merah,14,1,-1.28,0.0,1.28
2023-02-06,Cabai Rawit Merah,14,2,-1.28,0.0,1.28
2023-02-06,Cabai Rawit Merah,14,3,-1.28,0.0,1.28
2023-02-13,Cabai Rawit Merah,7,1,-1.28,0.0,1.28
2023-02-13,Cabai Rawit Merah,7,2,-1.28,0.0,1.28
2023-02-13,Cabai Rawit Merah,7,3,-1.28,0.0,1.28
2023-02-13,Cabai Rawit Merah,14,1,-1.28,0.0,1.28
2023-02-13,Cabai Rawit Merah,14,2,-1.28,0.0,1.28
2023-02-13,Cabai Rawit Merah,14,3,-1.28,0.0,1.28
2023-02-20,Cabai Rawit Merah,7,1,-1.28,0.0,1.28
2023-02-20,Cabai Rawit Merah,7,2,-1.28,0.0,1.28
2023-02-20,Cabai Rawit Merah,7,3,-1.28,0.0,1.28
2023-02-20,Cabai Rawit Merah,14,1,-1.28,0.0,1.28
2023-02-20,Cabai Rawit Merah,14,2,-1.28,0.0,1.28
2023-02-20,Cabai Rawit Merah,14,3,-1.28,0.0,1.28
2023-02-27,Cabai Rawit Merah,7,1,-1.28,0.0,1.28
2023-02-27,Cabai Rawit Merah,7,2,-1.28,0.0,1.28
2023-02-27,Cabai Rawit Merah,7,3,-1.28,0.0,1.28
2023-02-27,Cabai Rawit Merah,14,1,-1.28,0.0,1.28
2023-02-27,Cabai Rawit Merah,14,2,-1.28,0.0,1.28
2023-02-27,Cabai Rawit Merah,14,3,-1.28,0.0,1.28
2023-03-06,Cabai Rawit Merah,7,1,-1.28,0.0,1.28
2023-03-06,Cabai Rawit Merah,7,2,-1.28,0.0,1.28
2023-03-06,Cabai Rawit Merah,7,3,-1.28,0.0,1.28
2023-03-06,Cabai Rawit Merah,14,1,-1.28,0.0,1.28
2023-03-06,Cabai Rawit Merah,14,2,-1.28,0.0,1.28
2023-03-06,Cabai Rawit Merah,14,3,-1.28,0.0,1.28
2023-03-13,Cabai Rawit Merah,7,1,-1.28,0.0,1.28
2023-03-13,Cabai Rawit Merah,7,2,-1.28,0.0,1.28
2023-03-13,Cabai Rawit Merah,7,3,-1.28,0.0,1.28
2023-03-13,Cabai Rawit Merah,14,1,-1.28,0.0,1.28
2023-03-13,Cabai Rawit Merah,14,2,-1.28,0.0,1.28
2023-03-13,Cabai Rawit Merah,14,3,-1.28,0.0,1.28
2023-03-27,Cabai Rawit Merah,7,1,-1.28,0.0,1.28
2023-03-27,Cabai Rawit Merah,7,2,-1.28,0.0,1.28
2023-03-27,Cabai Rawit Merah,7,3,-1.28,0.0,1.28
2023-03-27,Cabai Rawit Merah,14,1,-1.28,0.0,1.28
2023-03-27,Cabai Rawit Merah,14,2,-1.28,0.0,1.28
2023-03-27,Cabai Rawit Merah,14,3,-1.28,0.0,1.28
2023-04-03,Cabai Rawit Merah,7,1,-1.28,0.0,1.28
2023-04-03,Cabai Rawit Merah,7,2,-1.28,0.0,1.28
2023-04-03,Cabai Rawit Merah,7,3,-1.28,0.0,1.28
2023-04-03,Cabai Rawit Merah,14,1,-1.28,0.0,1.28
2023-04-03,Cabai Rawit Merah,14,2,-1.28,0.0,1.28
2023-04-03,Cabai Rawit Merah,14,3,-1.28,0.0,1.28
2023-04-10,Cabai Rawit Merah,7,1,-1.28,0.0,1.28
2023-04-10,Cabai Rawit Merah,7,2,-1.28,0.0,1.28
2023-04-10,Cabai Rawit Merah,7,3,-1.28,0.0,1.28
2023-04-10,Cabai Rawit Merah,14,1,-1.28,0.0,1.28
2023-04-10,Cabai Rawit Merah,14,2,-1.28,0.0,1.28
2023-04-10,Cabai Rawit Merah,14,3,-1.28,0.0,1.28
2023-04-17,Cabai Rawit Merah,7,1,-1.28,0.0,1.28
2023-04-17,Cabai Rawit Merah,7,2,-1.28,0.0,1.28
2023-04-17,Cabai Rawit Merah,7,3,-1.28,0.0,1.28
2023-04-17,Cabai Rawit Merah,14,1,-1.28,0.0,1.28
2023-04-17,Cabai Rawit Merah,14,2,-1.28,0.0,1.28
2023-04-17,Cabai Rawit Merah,14,3,-1.28,0.0,1.28
2023-04-24,Cabai Rawit Merah,7,1,-1.28,0.0,1.28
2023-04-24,Cabai Rawit Merah,7,2,-1.28,0.0,1.28
2023-04-24,Cabai Rawit Merah,7,3,-1.28,0.0,1.28
2023-04-24,Cabai Rawit Merah,14,1,-1.28,0.0,1.28
2023-04-24,Cabai Rawit Merah,14,2,-1.28,0.0,1.28
2023-04-24,Cabai Rawit Merah,14,3,-1.28,0.0,1.28
2023-05-01,Cabai Rawit Merah,7,1,-1.28,0.0,1.28
2023-05-01,Cabai Rawit Merah,7,2,-1.28,0.0,1.28
2023-05-01,Cabai Rawit Merah,7,3,-1.28,0.0,1.28
2023-05-01,Cabai Rawit Merah,14,1,-1.28,0.0,1.28
2023-05-01,Cabai Rawit Merah,14,2,-1.28,0.0,1.28
2023-05-01,Cabai Rawit Merah,14,3,-1.28,0.0,1.28
2023-05-08,Cabai Rawit Merah,7,1,-1.28,0.0,1.28
2023-05-08,Cabai Rawit Merah,7,2,-1.28,0.0,1.28
2023-05-08,Cabai Rawit Merah,7,3,-1.28,0.0,1.28
2023-05-08,Cabai Rawit Merah,14,1,-1.28,0.0,1.28
2023-05-08,Cabai Rawit Merah,14,2,-1.28,0.0,1.28
2023-05-08,Cabai Rawit Merah,14,3,-1.28,0.0,1.28
2023-05-15,Cabai Rawit Merah,7,1,-1.28,0.0,1.28
2023-05-15,Cabai Rawit Merah,7,2,-1.28,0.0,1.28
2023-05-15,Cabai Rawit Merah,7,3,-1.28,0.0,1.28
2023-05-15,Cabai Rawit Merah,14,1,-1.28,0.0,1.28
2023-05-15,Cabai Rawit Merah,14,2,-1.28,0.0,1.28
2023-05-15,Cabai Rawit Merah,14,3,-1.28,0.0,1.28
2023-05-22,Cabai Rawit Merah,7,1,-1.28,0.0,1.28
2023-05-22,Cabai Rawit Merah,7,2,-1.28,0.0,1.28
2023-05-22,Cabai Rawit Merah,7,3,-1.28,0.0,1.28
2023-05-22,Cabai Rawit Merah,14,1,-1.28,0.0,1.28
2023-05-22,Cabai Rawit Merah,14,2,-1.28,0.0,1.28
2023-05-22,Cabai Rawit Merah,14,3,-1.28,0.0,1.28
2023-05-29,Cabai Rawit Merah,7,1,-1.28,0.0,1.28
2023-05-29,Cabai Rawit Merah,7,2,-1.28,0.0,1.28
2023-05-29,Cabai Rawit Merah,7,3,-1.28,0.0,1.28
2023-05-29,Cabai Rawit Merah,14,1,-1.28,0.0,1.28
2023-05-29,Cabai Rawit Merah,14,2,-1.28,0.0,1.28
2023-05-29,Cabai Rawit Merah,14,3,-1.28,0.0,1.28
2023-06-05,Cabai Rawit Merah,7,1,-1.28,0.0,1.28
2023-06-05,Cabai Rawit Merah,7,2,-1.28,0.0,1.28
2023-06-05,Cabai Rawit Merah,7,3,-1.28,0.0,1.28
2023-06-05,Cabai Rawit Merah,14,1,-1.28,0.0,1.28
2023-06-05,Cabai Rawit Merah,14,2,-1.28,0.0,1.28
2023-06-05,Cabai Rawit Merah,14,3,-1.28,0.0,1.28
2023-06-12,Cabai Rawit Merah,7,1,-1.28,0.0,1.28
2023-06-12,Cabai Rawit Merah,7,2,-1.28,0.0,1.28
2023-06-12,Cabai Rawit Merah,7,3,-1.28,0.0,1.28
2023-06-12,Cabai Rawit Merah,14,1,-1.28,0.0,1.28
2023-06-12,Cabai Rawit Merah,14,2,-1.28,0.0,1.28
2023-06-12,Cabai Rawit Merah,14,3,-1.28,0.0,1.28
2023-06-19,Cabai Rawit Merah,7,1,-1.28,0.0,1.28
2023-06-19,Cabai Rawit Merah,7,2,-1.28,0.0,1.28
2023-06-19,Cabai Rawit Merah,7,3,-1.28,0.0,1.28
2023-06-19,Cabai Rawit Merah,14,1,-1.28,0.0,1.28
2023-06-19,Cabai Rawit Merah,14,2,-1.28,0.0,1.28
2023-06-19,Cabai Rawit Merah,14,3,-1.28,0.0,1.28
2023-06-26,Cabai Rawit Merah,7,1,-1.28,0.0,1.28
2023-06-26,Cabai Rawit Merah,7,2,-1.28,0.0,1.28
2023-06-26,Cabai Rawit Merah,7,3,-1.28,0.0,1.28
2023-06-26,Cabai Rawit Merah,14,1,-1.28,0.0,1.28
2023-06-26,Cabai Rawit Merah,14,2,-1.28,0.0,1.28
2023-06-26,Cabai Rawit Merah,14,3,-1.28,0.0,1.28
2023-07-03,Cabai Rawit Merah,7,1,-1.28,0.0,1.28
2023-07-03,Cabai Rawit Merah,7,2,-1.28,0.0,1.28
2023-07-03,Cabai Rawit Merah,7,3,-1.28,0.0,1.28
2023-07-03,Cabai Rawit Merah,14,1,-1.28,0.0,1.28
2023-07-03,Cabai Rawit Merah,14,2,-1.28,0.0,1.28
2023-07-03,Cabai Rawit Merah,14,3,-1.28,0.0,1.28
2023-07-10,Cabai Rawit Merah,7,1,-1.28,0.0,1.28
2023-07-10,Cabai Rawit Merah,7,2,-1.28,0.0,1.28
2023-07-10,Cabai Rawit Merah,7,3,-1.28,0.0,1.28
2023-07-10,Cabai Rawit Merah,14,1,-1.28,0.0,1.28
2023-07-10,Cabai Rawit Merah,14,2,-1.28,0.0,1.28
2023-07-10,Cabai Rawit Merah,14,3,-1.28,0.0,1.28
2023-07-17,Cabai Rawit Merah,7,1,-1.28,0.0,1.28
2023-07-17,Cabai Rawit Merah,7,2,-1.28,0.0,1.28
2023-07-17,Cabai Rawit Merah,7,3,-1.28,0.0,1.28
2023-07-17,Cabai Rawit Merah,14,1,-1.28,0.0,1.28
2023-07-17,Cabai Rawit Merah,14,2,-1.28,0.0,1.28
2023-07-17,Cabai Rawit Merah,14,3,-1.28,0.0,1.28
2023-07-24,Cabai Rawit Merah,7,1,-1.28,0.0,1.28
2023-07-24,Cabai Rawit Merah,7,2,-1.28,0.0,1.28
2023-07-24,Cabai Rawit Merah,7,3,-1.28,0.0,1.28
2023-07-24,Cabai Rawit Merah,14,1,-1.28,0.0,1.28
2023-07-24,Cabai Rawit Merah,14,2,-1.28,0.0,1.28
2023-07-24,Cabai Rawit Merah,14,3,-1.28,0.0,1.28
2023-07-31,Cabai Rawit Merah,7,1,-1.28,0.0,1.28
2023-07-31,Cabai Rawit Merah,7,2,-1.28,0.0,1.28
2023-07-31,Cabai Rawit Merah,7,3,-1.28,0.0,1.28
2023-07-31,Cabai Rawit Merah,14,1,-1.28,0.0,1.28
2023-07-31,Cabai Rawit Merah,14,2,-1.28,0.0,1.28
2023-07-31,Cabai Rawit Merah,14,3,-1.28,0.0,1.28
2023-08-07,Cabai Rawit Merah,7,1,-1.28,0.0,1.28
2023-08-07,Cabai Rawit Merah,7,2,-1.28,0.0,1.28
2023-08-07,Cabai Rawit Merah,7,3,-1.28,0.0,1.28
2023-08-07,Cabai Rawit Merah,14,1,-1.28,0.0,1.28
2023-08-07,Cabai Rawit Merah,14,2,-1.28,0.0,1.28
2023-08-07,Cabai Rawit Merah,14,3,-1.28,0.0,1.28
2023-08-14,Cabai Rawit Merah,7,1,-1.28,0.0,1.28
2023-08-14,Cabai Rawit Merah,7,2,-1.28,0.0,1.28
2023-08-14,Cabai Rawit Merah,7,3,-1.28,0.0,1.28
2023-08-14,Cabai Rawit Merah,14,1,-1.28,0.0,1.28
2023-08-14,Cabai Rawit Merah,14,2,-1.28,0.0,1.28
2023-08-14,Cabai Rawit Merah,14,3,-1.28,0.0,1.28
2023-08-21,Cabai Rawit Merah,7,1,-1.28,0.0,1.28
2023-08-21,Cabai Rawit Merah,7,2,-1.28,0.0,1.28
2023-08-21,Cabai Rawit Merah,7,3,-1.28,0.0,1.28
2023-08-21,Cabai Rawit Merah,14,1,-1.28,0.0,1.28
2023-08-21,Cabai Rawit Merah,14,2,-1.28,0.0,1.28
2023-08-21,Cabai Rawit Merah,14,3,-1.28,0.0,1.28
2023-08-28,Cabai Rawit Merah,7,1,-1.28,0.0,1.28
2023-08-28,Cabai Rawit Merah,7,2,-1.28,0.0,1.28
2023-08-28,Cabai Rawit Merah,7,3,-1.28,0.0,1.28
2023-08-28,Cabai Rawit Merah,14,1,-1.28,0.0,1.28
2023-08-28,Cabai Rawit Merah,14,2,-1.28,0.0,1.28
2023-08-28,Cabai Rawit Merah,14,3,-1.28,0.0,1.28
2023-09-04,Cabai Rawit Merah,7,1,-1.28,0.0,1.28
2023-09-04,Cabai Rawit Merah,7,2,-1.28,0.0,1.28
2023-09-04,Cabai Rawit Merah,7,3,-1.28,0.0,1.28
2023-09-04,Cabai Rawit Merah,14,1,-1.28,0.0,1.28
2023-09-04,Cabai Rawit Merah,14,2,-1.28,0.0,1.28
2023-09-04,Cabai Rawit Merah,14,3,-1.28,0.0,1.28
2023-09-11,Cabai Rawit Merah,7,1,-1.28,0.0,1.28
2023-09-11,Cabai Rawit Merah,7,2,-1.28,0.0,1.28
2023-09-11,Cabai Rawit Merah,7,3,-1.28,0.0,1.28
2023-09-11,Cabai Rawit Merah,14,1,-1.28,0.0,1.28
2023-09-11,Cabai Rawit Merah,14,2,-1.28,0.0,1.28
2023-09-11,Cabai Rawit Merah,14,3,-1.28,0.0,1.28
2023-09-18,Cabai Rawit Merah,7,1,-1.28,0.0,1.28
2023-09-18,Cabai Rawit Merah,7,2,-1.28,0.0,1.28
2023-09-18,Cabai Rawit Merah,7,3,-1.28,0.0,1.28
2023-09-18,Cabai Rawit Merah,14,1,-1.28,0.0,1.28
2023-09-18,Cabai Rawit Merah,14,2,-1.28,0.0,1.28
2023-09-18,Cabai Rawit Merah,14,3,-1.28,0.0,1.28
2023-09-25,Cabai Rawit Merah,7,1,-1.28,0.0,1.28
2023-09-25,Cabai Rawit Merah,7,2,-1.28,0.0,1.28
2023-09-25,Cabai Rawit Merah,7,3,-1.28,0.0,1.28
2023-09-25,Cabai Rawit Merah,14,1,-1.28,0.0,1.28
2023-09-25,Cabai Rawit Merah,14,2,-1.28,0.0,1.28
2023-09-25,Cabai Rawit Merah,14,3,-1.28,0.0,1.28
2023-10-02,Cabai Rawit Merah,7,1,-1.28,0.0,1.28
2023-10-02,Cabai Rawit Merah,7,2,-1.28,0.0,1.28
2023-10-02,Cabai Rawit Merah,7,3,-1.28,0.0,1.28
2023-10-02,Cabai Rawit Merah,14,1,-1.28,0.0,1.28
2023-10-02,Cabai Rawit Merah,14,2,-1.28,0.0,1.28
2023-10-02,Cabai Rawit Merah,14,3,-1.28,0.0,1.28
2023-10-09,Cabai Rawit Merah,7,1,-1.28,0.0,1.28
2023-10-09,Cabai Rawit Merah,7,2,-1.28,0.0,1.28
2023-10-09,Cabai Rawit Merah,7,3,-1.28,0.0,1.28
2023-10-09,Cabai Rawit Merah,14,1,-1.28,0.0,1.28
2023-10-09,Cabai Rawit Merah,14,2,-1.28,0.0,1.28
2023-10-09,Cabai Rawit Merah,14,3,-1.28,0.0,1.28
2023-10-16,Cabai Rawit Merah,7,1,-1.28,0.0,1.28
2023-10-16,Cabai Rawit Merah,7,2,-1.28,0.0,1.28
2023-10-16,Cabai Rawit Merah,7,3,-1.28,0.0,1.28
2023-10-16,Cabai Rawit Merah,14,1,-1.28,0.0,1.28
2023-10-16,Cabai Rawit Merah,14,2,-1.28,0.0,1.28
2023-10-16,Cabai Rawit Merah,14,3,-1.28,0.0,1.28
2023-10-23,Cabai Rawit Merah,7,1,-1.28,0.0,1.28
2023-10-23,Cabai Rawit Merah,7,2,-1.28,0.0,1.28
2023-10-23,Cabai Rawit Merah,7,3,-1.28,0.0,1.28
2023-10-23,Cabai Rawit Merah,14,1,-1.28,0.0,1.28
2023-10-23,Cabai Rawit Merah,14,2,-1.28,0.0,1.28
2023-10-23,Cabai Rawit Merah,14,3,-1.28,0.0,1.28
2023-11-06,Cabai Rawit Merah,7,1,-1.28,0.0,1.28
2023-11-06,Cabai Rawit Merah,7,2,-1.28,0.0,1.28
2023-11-06,Cabai Rawit Merah,7,3,-1.28,0.0,1.28
2023-11-06,Cabai Rawit Merah,14,1,-1.28,0.0,1.28
2023-11-06,Cabai Rawit Merah,14,2,-1.28,0.0,1.28
2023-11-06,Cabai Rawit Merah,14,3,-1.28,0.0,1.28
2023-11-13,Cabai Rawit Merah,7,1,-1.28,0.0,1.28
2023-11-13,Cabai Rawit Merah,7,2,-1.28,0.0,1.28
2023-11-13,Cabai Rawit Merah,7,3,-1.28,0.0,1.28
2023-11-13,Cabai Rawit Merah,14,1,-1.28,0.0,1.28
2023-11-13,Cabai Rawit Merah,14,2,-1.28,0.0,1.28
2023-11-13,Cabai Rawit Merah,14,3,-1.28,0.0,1.28
2023-11-20,Cabai Rawit Merah,7,1,-1.28,0.0,1.28
2023-11-20,Cabai Rawit Merah,7,2,-1.28,0.0,1.28
2023-11-20,Cabai Rawit Merah,7,3,-1.28,0.0,1.28
2023-11-20,Cabai Rawit Merah,14,1,-1.28,0.0,1.28
2023-11-20,Cabai Rawit Merah,14,2,-1.28,0.0,1.28
2023-11-20,Cabai Rawit Merah,14,3,-1.28,0.0,1.28
2023-11-27,Cabai Rawit Merah,7,1,-1.28,0.0,1.28
2023-11-27,Cabai Rawit Merah,7,2,-1.28,0.0,1.28
2023-11-27,Cabai Rawit Merah,7,3,-1.28,0.0,1.28
2023-11-27,Cabai Rawit Merah,14,1,-1.28,0.0,1.28
2023-11-27,Cabai Rawit Merah,14,2,-1.28,0.0,1.28
2023-11-27,Cabai Rawit Merah,14,3,-1.28,0.0,1.28
2023-12-04,Cabai Rawit Merah,7,1,-1.28,0.0,1.28
2023-12-04,Cabai Rawit Merah,7,2,-1.28,0.0,1.28
2023-12-04,Cabai Rawit Merah,7,3,-1.28,0.0,1.28
2023-12-04,Cabai Rawit Merah,14,1,-1.28,0.0,1.28
2023-12-04,Cabai Rawit Merah,14,2,-1.28,0.0,1.28
2023-12-04,Cabai Rawit Merah,14,3,-1.28,0.0,1.28
2023-12-11,Cabai Rawit Merah,7,1,-1.28,0.0,1.28
2023-12-11,Cabai Rawit Merah,7,2,-1.28,0.0,1.28
2023-12-11,Cabai Rawit Merah,7,3,-1.28,0.0,1.28
2023-12-11,Cabai Rawit Merah,14,1,-1.28,0.0,1.28
2023-12-11,Cabai Rawit Merah,14,2,-1.28,0.0,1.28
2023-12-11,Cabai Rawit Merah,14,3,-1.28,0.0,1.28
2023-12-18,Cabai Rawit Merah,7,1,-1.28,0.0,1.28
2023-12-18,Cabai Rawit Merah,7,2,-1.28,0.0,1.28
2023-12-18,Cabai Rawit Merah,7,3,-1.28,0.0,1.28
2023-12-18,Cabai Rawit Merah,14,1,-1.28,0.0,1.28
2023-12-18,Cabai Rawit Merah,14,2,-1.28,0.0,1.28
2023-12-18,Cabai Rawit Merah,14,3,-1.28,0.0,1.28
2024-01-01,Cabai Rawit Merah,7,1,-1.28,0.0,1.28
2024-01-01,Cabai Rawit Merah,7,2,-1.28,0.0,1.28
2024-01-01,Cabai Rawit Merah,7,3,-1.28,0.0,1.28
2024-01-01,Cabai Rawit Merah,14,1,-1.28,0.0,1.28
2024-01-01,Cabai Rawit Merah,14,2,-1.28,0.0,1.28
2024-01-01,Cabai Rawit Merah,14,3,-1.28,0.0,1.28
2024-01-08,Cabai Rawit Merah,7,1,-1.28,0.0,1.28
2024-01-08,Cabai Rawit Merah,7,2,-1.28,0.0,1.28
2024-01-08,Cabai Rawit Merah,7,3,-1.28,0.0,1.28
2024-01-08,Cabai Rawit Merah,14,1,-1.28,0.0,1.28
2024-01-08,Cabai Rawit Merah,14,2,-1.28,0.0,1.28
2024-01-08,Cabai Rawit Merah,14,3,-1.28,0.0,1.28
2024-01-15,Cabai Rawit Merah,7,1,-1.28,0.0,1.28
2024-01-15,Cabai Rawit Merah,7,2,-1.28,0.0,1.28
2024-01-15,Cabai Rawit Merah,7,3,-1.28,0.0,1.28
2024-01-15,Cabai Rawit Merah,14,1,-1.28,0.0,1.28
2024-01-15,Cabai Rawit Merah,14,2,-1.28,0.0,1.28
2024-01-15,Cabai Rawit Merah,14,3,-1.28,0.0,1.28
2024-01-22,Cabai Rawit Merah,7,1,-1.28,0.0,1.28
2024-01-22,Cabai Rawit Merah,7,2,-1.28,0.0,1.28
2024-01-22,Cabai Rawit Merah,7,3,-1.28,0.0,1.28
2024-01-22,Cabai Rawit Merah,14,1,-1.28,0.0,1.28
2024-01-22,Cabai Rawit Merah,14,2,-1.28,0.0,1.28
2024-01-22,Cabai Rawit Merah,14,3,-1.28,0.0,1.28
2024-01-29,Cabai Rawit Merah,7,1,-1.28,0.0,1.28
2024-01-29,Cabai Rawit Merah,7,2,-1.28,0.0,1.28
2024-01-29,Cabai Rawit Merah,7,3,-1.28,0.0,1.28
2024-01-29,Cabai Rawit Merah,14,1,-1.28,0.0,1.28
2024-01-29,Cabai Rawit Merah,14,2,-1.28,0.0,1.28
2024-01-29,Cabai Rawit Merah,14,3,-1.28,0.0,1.28
2024-02-05,Cabai Rawit Merah,7,1,-1.28,0.0,1.28
2024-02-05,Cabai Rawit Merah,7,2,-1.28,0.0,1.28
2024-02-05,Cabai Rawit Merah,7,3,-1.28,0.0,1.28
2024-02-05,Cabai Rawit Merah,14,1,-1.28,0.0,1.28
2024-02-05,Cabai Rawit Merah,14,2,-1.28,0.0,1.28
2024-02-05,Cabai Rawit Merah,14,3,-1.28,0.0,1.28
2024-02-19,Cabai Rawit Merah,7,1,-1.28,0.0,1.28
2024-02-19,Cabai Rawit Merah,7,2,-1.28,0.0,1.28
2024-02-19,Cabai Rawit Merah,7,3,-1.28,0.0,1.28
2024-02-19,Cabai Rawit Merah,14,1,-1.28,0.0,1.28
2024-02-19,Cabai Rawit Merah,14,2,-1.28,0.0,1.28
2024-02-19,Cabai Rawit Merah,14,3,-1.28,0.0,1.28
2024-02-26,Cabai Rawit Merah,7,1,-1.28,0.0,1.28
2024-02-26,Cabai Rawit Merah,7,2,-1.28,0.0,1.28
2024-02-26,Cabai Rawit Merah,7,3,-1.28,0.0,1.28
2024-02-26,Cabai Rawit Merah,14,1,-1.28,0.0,1.28
2024-02-26,Cabai Rawit Merah,14,2,-1.28,0.0,1.28
2024-02-26,Cabai Rawit Merah,14,3,-1.28,0.0,1.28
2024-03-04,Cabai Rawit Merah,7,1,-1.28,0.0,1.28
2024-03-04,Cabai Rawit Merah,7,2,-1.28,0.0,1.28
2024-03-04,Cabai Rawit Merah,7,3,-1.28,0.0,1.28
2024-03-04,Cabai Rawit Merah,14,1,-1.28,0.0,1.28
2024-03-04,Cabai Rawit Merah,14,2,-1.28,0.0,1.28
2024-03-04,Cabai Rawit Merah,14,3,-1.28,0.0,1.28
2024-03-11,Cabai Rawit Merah,7,1,-1.28,0.0,1.28
2024-03-11,Cabai Rawit Merah,7,2,-1.28,0.0,1.28
2024-03-11,Cabai Rawit Merah,7,3,-1.28,0.0,1.28
2024-03-11,Cabai Rawit Merah,14,1,-1.28,0.0,1.28
2024-03-11,Cabai Rawit Merah,14,2,-1.28,0.0,1.28
2024-03-11,Cabai Rawit Merah,14,3,-1.28,0.0,1.28
2024-03-18,Cabai Rawit Merah,7,1,-1.28,0.0,1.28
2024-03-18,Cabai Rawit Merah,7,2,-1.28,0.0,1.28
2024-03-18,Cabai Rawit Merah,7,3,-1.28,0.0,1.28
2024-03-18,Cabai Rawit Merah,14,1,-1.28,0.0,1.28
2024-03-18,Cabai Rawit Merah,14,2,-1.28,0.0,1.28
2024-03-18,Cabai Rawit Merah,14,3,-1.28,0.0,1.28
2024-03-25,Cabai Rawit Merah,7,1,-1.28,0.0,1.28
2024-03-25,Cabai Rawit Merah,7,2,-1.28,0.0,1.28
2024-03-25,Cabai Rawit Merah,7,3,-1.28,0.0,1.28
2024-03-25,Cabai Rawit Merah,14,1,-1.28,0.0,1.28
2024-03-25,Cabai Rawit Merah,14,2,-1.28,0.0,1.28
2024-03-25,Cabai Rawit Merah,14,3,-1.28,0.0,1.28
2024-04-01,Cabai Rawit Merah,7,1,-1.28,0.0,1.28
2024-04-01,Cabai Rawit Merah,7,2,-1.28,0.0,1.28
2024-04-01,Cabai Rawit Merah,7,3,-1.28,0.0,1.28
2024-04-01,Cabai Rawit Merah,14,1,-1.28,0.0,1.28
2024-04-01,Cabai Rawit Merah,14,2,-1.28,0.0,1.28
2024-04-01,Cabai Rawit Merah,14,3,-1.28,0.0,1.28
2024-04-08,Cabai Rawit Merah,7,1,-1.28,0.0,1.28
2024-04-08,Cabai Rawit Merah,7,2,-1.28,0.0,1.28
2024-04-08,Cabai Rawit Merah,7,3,-1.28,0.0,1.28
2024-04-08,Cabai Rawit Merah,14,1,-1.28,0.0,1.28
2024-04-08,Cabai Rawit Merah,14,2,-1.28,0.0,1.28
2024-04-08,Cabai Rawit Merah,14,3,-1.28,0.0,1.28
2024-04-15,Cabai Rawit Merah,7,1,-1.28,0.0,1.28
2024-04-15,Cabai Rawit Merah,7,2,-1.28,0.0,1.28
2024-04-15,Cabai Rawit Merah,7,3,-1.28,0.0,1.28
2024-04-15,Cabai Rawit Merah,14,1,-1.28,0.0,1.28
2024-04-15,Cabai Rawit Merah,14,2,-1.28,0.0,1.28
2024-04-15,Cabai Rawit Merah,14,3,-1.28,0.0,1.28
2024-04-22,Cabai Rawit Merah,7,1,-1.28,0.0,1.28
2024-04-22,Cabai Rawit Merah,7,2,-1.28,0.0,1.28
2024-04-22,Cabai Rawit Merah,7,3,-1.28,0.0,1.28
2024-04-22,Cabai Rawit Merah,14,1,-1.28,0.0,1.28
2024-04-22,Cabai Rawit Merah,14,2,-1.28,0.0,1.28
2024-04-22,Cabai Rawit Merah,14,3,-1.28,0.0,1.28
2024-04-29,Cabai Rawit Merah,7,1,-1.28,0.0,1.28
2024-04-29,Cabai Rawit Merah,7,2,-1.28,0.0,1.28
2024-04-29,Cabai Rawit Merah,7,3,-1.28,0.0,1.28
2024-04-29,Cabai Rawit Merah,14,1,-1.28,0.0,1.28
2024-04-29,Cabai Rawit Merah,14,2,-1.28,0.0,1.28
2024-04-29,Cabai Rawit Merah,14,3,-1.28,0.0,1.28
2024-05-06,Cabai Rawit Merah,7,1,-1.28,0.0,1.28
2024-05-06,Cabai Rawit Merah,7,2,-1.28,0.0,1.28
2024-05-06,Cabai Rawit Merah,7,3,-1.28,0.0,1.28
2024-05-06,Cabai Rawit Merah,14,1,-1.28,0.0,1.28
2024-05-06,Cabai Rawit Merah,14,2,-1.28,0.0,1.28
2024-05-06,Cabai Rawit Merah,14,3,-1.28,0.0,1.28
2024-05-13,Cabai Rawit Merah,7,1,-1.28,0.0,1.28
2024-05-13,Cabai Rawit Merah,7,2,-1.28,0.0,1.28
2024-05-13,Cabai Rawit Merah,7,3,-1.28,0.0,1.28
2024-05-13,Cabai Rawit Merah,14,1,-1.28,0.0,1.28
2024-05-13,Cabai Rawit Merah,14,2,-1.28,0.0,1.28
2024-05-13,Cabai Rawit Merah,14,3,-1.28,0.0,1.28
2024-05-20,Cabai Rawit Merah,7,1,-1.28,0.0,1.28
2024-05-20,Cabai Rawit Merah,7,2,-1.28,0.0,1.28
2024-05-20,Cabai Rawit Merah,7,3,-1.28,0.0,1.28
2024-05-20,Cabai Rawit Merah,14,1,-1.28,0.0,1.28
2024-05-20,Cabai Rawit Merah,14,2,-1.28,0.0,1.28
2024-05-20,Cabai Rawit Merah,14,3,-1.28,0.0,1.28
2024-05-27,Cabai Rawit Merah,7,1,-1.28,0.0,1.28
2024-05-27,Cabai Rawit Merah,7,2,-1.28,0.0,1.28
2024-05-27,Cabai Rawit Merah,7,3,-1.28,0.0,1.28
2024-05-27,Cabai Rawit Merah,14,1,-1.28,0.0,1.28
2024-05-27,Cabai Rawit Merah,14,2,-1.28,0.0,1.28
2024-05-27,Cabai Rawit Merah,14,3,-1.28,0.0,1.28
2024-06-03,Cabai Rawit Merah,7,1,-1.28,0.0,1.28
2024-06-03,Cabai Rawit Merah,7,2,-1.28,0.0,1.28
2024-06-03,Cabai Rawit Merah,7,3,-1.28,0.0,1.28
2024-06-03,Cabai Rawit Merah,14,1,-1.28,0.0,1.28
2024-06-03,Cabai Rawit Merah,14,2,-1.28,0.0,1.28
2024-06-03,Cabai Rawit Merah,14,3,-1.28,0.0,1.28
2024-06-10,Cabai Rawit Merah,7,1,-1.28,0.0,1.28
2024-06-10,Cabai Rawit Merah,7,2,-1.28,0.0,1.28
2024-06-10,Cabai Rawit Merah,7,3,-1.28,0.0,1.28
2024-06-10,Cabai Rawit Merah,14,1,-1.28,0.0,1.28
2024-06-10,Cabai Rawit Merah,14,2,-1.28,0.0,1.28
2024-06-10,Cabai Rawit Merah,14,3,-1.28,0.0,1.28
2024-06-17,Cabai Rawit Merah,7,1,-1.28,0.0,1.28
2024-06-17,Cabai Rawit Merah,7,2,-1.28,0.0,1.28
2024-06-17,Cabai Rawit Merah,7,3,-1.28,0.0,1.28
2024-06-17,Cabai Rawit Merah,14,1,-1.28,0.0,1.28
2024-06-17,Cabai Rawit Merah,14,2,-1.28,0.0,1.28
2024-06-17,Cabai Rawit Merah,14,3,-1.28,0.0,1.28
2024-06-24,Cabai Rawit Merah,7,1,-1.28,0.0,1.28
2024-06-24,Cabai Rawit Merah,7,2,-1.28,0.0,1.28
2024-06-24,Cabai Rawit Merah,7,3,-1.28,0.0,1.28
2024-06-24,Cabai Rawit Merah,14,1,-1.28,0.0,1.28
2024-06-24,Cabai Rawit Merah,14,2,-1.28,0.0,1.28
2024-06-24,Cabai Rawit Merah,14,3,-1.28,0.0,1.28
2024-07-01,Cabai Rawit Merah,7,1,-1.28,0.0,1.28
2024-07-01,Cabai Rawit Merah,7,2,-1.28,0.0,1.28
2024-07-01,Cabai Rawit Merah,7,3,-1.28,0.0,1.28
2024-07-01,Cabai Rawit Merah,14,1,-1.28,0.0,1.28
2024-07-01,Cabai Rawit Merah,14,2,-1.28,0.0,1.28
2024-07-01,Cabai Rawit Merah,14,3,-1.28,0.0,1.28
2024-07-08,Cabai Rawit Merah,7,1,-1.28,0.0,1.28
2024-07-08,Cabai Rawit Merah,7,2,-1.28,0.0,1.28
2024-07-08,Cabai Rawit Merah,7,3,-1.28,0.0,1.28
2024-07-08,Cabai Rawit Merah,14,1,-1.28,0.0,1.28
2024-07-08,Cabai Rawit Merah,14,2,-1.28,0.0,1.28
2024-07-08,Cabai Rawit Merah,14,3,-1.28,0.0,1.28
2024-07-15,Cabai Rawit Merah,7,1,-1.28,0.0,1.28
2024-07-15,Cabai Rawit Merah,7,2,-1.28,0.0,1.28
2024-07-15,Cabai Rawit Merah,7,3,-1.28,0.0,1.28
2024-07-15,Cabai Rawit Merah,14,1,-1.28,0.0,1.28
2024-07-15,Cabai Rawit Merah,14,2,-1.28,0.0,1.28
2024-07-15,Cabai Rawit Merah,14,3,-1.28,0.0,1.28
2024-07-22,Cabai Rawit Merah,7,1,-1.28,0.0,1.28
2024-07-22,Cabai Rawit Merah,7,2,-1.28,0.0,1.28
2024-07-22,Cabai Rawit Merah,7,3,-1.28,0.0,1.28
2024-07-22,Cabai Rawit Merah,14,1,-1.28,0.0,1.28
2024-07-22,Cabai Rawit Merah,14,2,-1.28,0.0,1.28
2024-07-22,Cabai Rawit Merah,14,3,-1.28,0.0,1.28
2024-07-29,Cabai Rawit Merah,7,1,-1.28,0.0,1.28
2024-07-29,Cabai Rawit Merah,7,2,-1.28,0.0,1.28
2024-07-29,Cabai Rawit Merah,7,3,-1.28,0.0,1.28
2024-07-29,Cabai Rawit Merah,14,1,-1.28,0.0,1.28
2024-07-29,Cabai Rawit Merah,14,2,-1.28,0.0,1.28
2024-07-29,Cabai Rawit Merah,14,3,-1.28,0.0,1.28
2024-08-05,Cabai Rawit Merah,7,1,-1.28,0.0,1.28
2024-08-05,Cabai Rawit Merah,7,2,-1.28,0.0,1.28
2024-08-05,Cabai Rawit Merah,7,3,-1.28,0.0,1.28
2024-08-05,Cabai Rawit Merah,14,1,-1.28,0.0,1.28
2024-08-05,Cabai Rawit Merah,14,2,-1.28,0.0,1.28
2024-08-05,Cabai Rawit Merah,14,3,-1.28,0.0,1.28
2024-08-12,Cabai Rawit Merah,7,1,-1.28,0.0,1.28
2024-08-12,Cabai Rawit Merah,7,2,-1.28,0.0,1.28
2024-08-12,Cabai Rawit Merah,7,3,-1.28,0.0,1.28
2024-08-12,Cabai Rawit Merah,14,1,-1.28,0.0,1.28
2024-08-12,Cabai Rawit Merah,14,2,-1.28,0.0,1.28
2024-08-12,Cabai Rawit Merah,14,3,-1.28,0.0,1.28
2024-08-19,Cabai Rawit Merah,7,1,-1.28,0.0,1.28
2024-08-19,Cabai Rawit Merah,7,2,-1.28,0.0,1.28
2024-08-19,Cabai Rawit Merah,7,3,-1.28,0.0,1.28
2024-08-19,Cabai Rawit Merah,14,1,-1.28,0.0,1.28
2024-08-19,Cabai Rawit Merah,14,2,-1.28,0.0,1.28
2024-08-19,Cabai Rawit Merah,14,3,-1.28,0.0,1.28
2024-09-02,Cabai Rawit Merah,7,1,-1.28,0.0,1.28
2024-09-02,Cabai Rawit Merah,7,2,-1.28,0.0,1.28
2024-09-02,Cabai Rawit Merah,7,3,-1.28,0.0,1.28
2024-09-02,Cabai Rawit Merah,14,1,-1.28,0.0,1.28
2024-09-02,Cabai Rawit Merah,14,2,-1.28,0.0,1.28
2024-09-02,Cabai Rawit Merah,14,3,-1.28,0.0,1.28
2024-09-09,Cabai Rawit Merah,7,1,-1.28,0.0,1.28
2024-09-09,Cabai Rawit Merah,7,2,-1.28,0.0,1.28
2024-09-09,Cabai Rawit Merah,7,3,-1.28,0.0,1.28
2024-09-09,Cabai Rawit Merah,14,1,-1.28,0.0,1.28
2024-09-09,Cabai Rawit Merah,14,2,-1.28,0.0,1.28
2024-09-09,Cabai Rawit Merah,14,3,-1.28,0.0,1.28
2024-09-16,Cabai Rawit Merah,7,1,-1.28,0.0,1.28
2024-09-16,Cabai Rawit Merah,7,2,-1.28,0.0,1.28
2024-09-16,Cabai Rawit Merah,7,3,-1.28,0.0,1.28
2024-09-16,Cabai Rawit Merah,14,1,-1.28,0.0,1.28
2024-09-16,Cabai Rawit Merah,14,2,-1.28,0.0,1.28
2024-09-16,Cabai Rawit Merah,14,3,-1.28,0.0,1.28
2024-09-23,Cabai Rawit Merah,7,1,-1.28,0.0,1.28
2024-09-23,Cabai Rawit Merah,7,2,-1.28,0.0,1.28
2024-09-23,Cabai Rawit Merah,7,3,-1.28,0.0,1.28
2024-09-23,Cabai Rawit Merah,14,1,-1.28,0.0,1.28
2024-09-23,Cabai Rawit Merah,14,2,-1.28,0.0,1.28
2024-09-23,Cabai Rawit Merah,14,3,-1.28,0.0,1.28
2024-09-30,Cabai Rawit Merah,7,1,-1.28,0.0,1.28
2024-09-30,Cabai Rawit Merah,7,2,-1.28,0.0,1.28
2024-09-30,Cabai Rawit Merah,7,3,-1.28,0.0,1.28
2024-09-30,Cabai Rawit Merah,14,1,-1.28,0.0,1.28
2024-09-30,Cabai Rawit Merah,14,2,-1.28,0.0,1.28
2024-09-30,Cabai Rawit Merah,14,3,-1.28,0.0,1.28
2024-10-07,Cabai Rawit Merah,7,1,-1.28,0.0,1.28
2024-10-07,Cabai Rawit Merah,7,2,-1.28,0.0,1.28
2024-10-07,Cabai Rawit Merah,7,3,-1.28,0.0,1.28
2024-10-07,Cabai Rawit Merah,14,1,-1.28,0.0,1.28
2024-10-07,Cabai Rawit Merah,14,2,-1.28,0.0,1.28
2024-10-07,Cabai Rawit Merah,14,3,-1.28,0.0,1.28
2024-10-14,Cabai Rawit Merah,7,1,-1.28,0.0,1.28
2024-10-14,Cabai Rawit Merah,7,2,-1.28,0.0,1.28
2024-10-14,Cabai Rawit Merah,7,3,-1.28,0.0,1.28
2024-10-14,Cabai Rawit Merah,14,1,-1.28,0.0,1.28
2024-10-14,Cabai Rawit Merah,14,2,-1.28,0.0,1.28
2024-10-14,Cabai Rawit Merah,14,3,-1.28,0.0,1.28
2024-10-21,Cabai Rawit Merah,7,1,-1.28,0.0,1.28
2024-10-21,Cabai Rawit Merah,7,2,-1.28,0.0,1.28
2024-10-21,Cabai Rawit Merah,7,3,-1.28,0.0,1.28
2024-10-21,Cabai Rawit Merah,14,1,-1.28,0.0,1.28
2024-10-21,Cabai Rawit Merah,14,2,-1.28,0.0,1.28
2024-10-21,Cabai Rawit Merah,14,3,-1.28,0.0,1.28
2024-10-28,Cabai Rawit Merah,7,1,-1.28,0.0,1.28
2024-10-28,Cabai Rawit Merah,7,2,-1.28,0.0,1.28
2024-10-28,Cabai Rawit Merah,7,3,-1.28,0.0,1.28
2024-10-28,Cabai Rawit Merah,14,1,-1.28,0.0,1.28
2024-10-28,Cabai Rawit Merah,14,2,-1.28,0.0,1.28
2024-10-28,Cabai Rawit Merah,14,3,-1.28,0.0,1.28
2024-11-04,Cabai Rawit Merah,7,1,-1.28,0.0,1.28
2024-11-04,Cabai Rawit Merah,7,2,-1.28,0.0,1.28
2024-11-04,Cabai Rawit Merah,7,3,-1.28,0.0,1.28
2024-11-04,Cabai Rawit Merah,14,1,-1.28,0.0,1.28
2024-11-04,Cabai Rawit Merah,14,2,-1.28,0.0,1.28
2024-11-04,Cabai Rawit Merah,14,3,-1.28,0.0,1.28
2024-11-11,Cabai Rawit Merah,7,1,-1.28,0.0,1.28
2024-11-11,Cabai Rawit Merah,7,2,-1.28,0.0,1.28
2024-11-11,Cabai Rawit Merah,7,3,-1.28,0.0,1.28
2024-11-11,Cabai Rawit Merah,14,1,-1.28,0.0,1.28
2024-11-11,Cabai Rawit Merah,14,2,-1.28,0.0,1.28
2024-11-11,Cabai Rawit Merah,14,3,-1.28,0.0,1.28
2024-11-18,Cabai Rawit Merah,7,1,-1.28,0.0,1.28
2024-11-18,Cabai Rawit Merah,7,2,-1.28,0.0,1.28
2024-11-18,Cabai Rawit Merah,7,3,-1.28,0.0,1.28
2024-11-18,Cabai Rawit Merah,14,1,-1.28,0.0,1.28
2024-11-18,Cabai Rawit Merah,14,2,-1.28,0.0,1.28
2024-11-18,Cabai Rawit Merah,14,3,-1.28,0.0,1.28
2024-11-25,Cabai Rawit Merah,7,1,-1.28,0.0,1.28
2024-11-25,Cabai Rawit Merah,7,2,-1.28,0.0,1.28
2024-11-25,Cabai Rawit Merah,7,3,-1.28,0.0,1.28
2024-11-25,Cabai Rawit Merah,14,1,-1.28,0.0,1.28
2024-11-25,Cabai Rawit Merah,14,2,-1.28,0.0,1.28
2024-11-25,Cabai Rawit Merah,14,3,-1.28,0.0,1.28
2024-12-02,Cabai Rawit Merah,7,1,-1.28,0.0,1.28
2024-12-02,Cabai Rawit Merah,7,2,-1.28,0.0,1.28
2024-12-02,Cabai Rawit Merah,7,3,-1.28,0.0,1.28
2024-12-02,Cabai Rawit Merah,14,1,-1.28,0.0,1.28
2024-12-02,Cabai Rawit Merah,14,2,-1.28,0.0,1.28
2024-12-02,Cabai Rawit Merah,14,3,-1.28,0.0,1.28
2024-12-16,Cabai Rawit Merah,7,1,-1.28,0.0,1.28
2024-12-16,Cabai Rawit Merah,7,2,-1.28,0.0,1.28
2024-12-16,Cabai Rawit Merah,7,3,-1.28,0.0,1.28
2024-12-16,Cabai Rawit Merah,14,1,-1.28,0.0,1.28
2024-12-16,Cabai Rawit Merah,14,2,-1.28,0.0,1.28
2024-12-16,Cabai Rawit Merah,14,3,-1.28,0.0,1.28
2024-12-23,Cabai Rawit Merah,7,1,-1.28,0.0,1.28
2024-12-23,Cabai Rawit Merah,7,2,-1.28,0.0,1.28
2024-12-23,Cabai Rawit Merah,7,3,-1.28,0.0,1.28
2024-12-23,Cabai Rawit Merah,14,1,-1.28,0.0,1.28
2024-12-23,Cabai Rawit Merah,14,2,-1.28,0.0,1.28
2024-12-23,Cabai Rawit Merah,14,3,-1.28,0.0,1.28
2024-12-30,Cabai Rawit Merah,7,1,-1.28,0.0,1.28
2024-12-30,Cabai Rawit Merah,7,2,-1.28,0.0,1.28
2024-12-30,Cabai Rawit Merah,7,3,-1.28,0.0,1.28
2024-12-30,Cabai Rawit Merah,14,1,-1.28,0.0,1.28
2024-12-30,Cabai Rawit Merah,14,2,-1.28,0.0,1.28
2024-12-30,Cabai Rawit Merah,14,3,-1.28,0.0,1.28
2025-01-06,Cabai Rawit Merah,7,1,-1.28,0.0,1.28
2025-01-06,Cabai Rawit Merah,7,2,-1.28,0.0,1.28
2025-01-06,Cabai Rawit Merah,7,3,-1.28,0.0,1.28
2025-01-06,Cabai Rawit Merah,14,1,-1.28,0.0,1.28
2025-01-06,Cabai Rawit Merah,14,2,-1.28,0.0,1.28
2025-01-06,Cabai Rawit Merah,14,3,-1.28,0.0,1.28
2025-01-13,Cabai Rawit Merah,7,1,-1.28,0.0,1.28
2025-01-13,Cabai Rawit Merah,7,2,-1.28,0.0,1.28
2025-01-13,Cabai Rawit Merah,7,3,-1.28,0.0,1.28
2025-01-13,Cabai Rawit Merah,14,1,-1.28,0.0,1.28
2025-01-13,Cabai Rawit Merah,14,2,-1.28,0.0,1.28
2025-01-13,Cabai Rawit Merah,14,3,-1.28,0.0,1.28
2025-01-20,Cabai Rawit Merah,7,1,-1.28,0.0,1.28
2025-01-20,Cabai Rawit Merah,7,2,-1.28,0.0,1.28
2025-01-20,Cabai Rawit Merah,7,3,-1.28,0.0,1.28
2025-01-20,Cabai Rawit Merah,14,1,-1.28,0.0,1.28
2025-01-20,Cabai Rawit Merah,14,2,-1.28,0.0,1.28
2025-01-20,Cabai Rawit Merah,14,3,-1.28,0.0,1.28
2025-01-27,Cabai Rawit Merah,7,1,-1.28,0.0,1.28
2025-01-27,Cabai Rawit Merah,7,2,-1.28,0.0,1.28
2025-01-27,Cabai Rawit Merah,7,3,-1.28,0.0,1.28
2025-01-27,Cabai Rawit Merah,14,1,-1.28,0.0,1.28
2025-01-27,Cabai Rawit Merah,14,2,-1.28,0.0,1.28
2025-01-27,Cabai Rawit Merah,14,3,-1.28,0.0,1.28
2025-02-03,Cabai Rawit Merah,7,1,-1.28,0.0,1.28
2025-02-03,Cabai Rawit Merah,7,2,-1.28,0.0,1.28
2025-02-03,Cabai Rawit Merah,7,3,-1.28,0.0,1.28
2025-02-03,Cabai Rawit Merah,14,1,-1.28,0.0,1.28
2025-02-03,Cabai Rawit Merah,14,2,-1.28,0.0,1.28
2025-02-03,Cabai Rawit Merah,14,3,-1.28,0.0,1.28
2025-02-10,Cabai Rawit Merah,7,1,-1.28,0.0,1.28
2025-02-10,Cabai Rawit Merah,7,2,-1.28,0.0,1.28
2025-02-10,Cabai Rawit Merah,7,3,-1.28,0.0,1.28
2025-02-10,Cabai Rawit Merah,14,1,-1.28,0.0,1.28
2025-02-10,Cabai Rawit Merah,14,2,-1.28,0.0,1.28
2025-02-10,Cabai Rawit Merah,14,3,-1.28,0.0,1.28
2025-02-17,Cabai Rawit Merah,7,1,-1.28,0.0,1.28
2025-02-17,Cabai Rawit Merah,7,2,-1.28,0.0,1.28
2025-02-17,Cabai Rawit Merah,7,3,-1.28,0.0,1.28
2025-02-17,Cabai Rawit Merah,14,1,-1.28,0.0,1.28
2025-02-17,Cabai Rawit Merah,14,2,-1.28,0.0,1.28
2025-02-17,Cabai Rawit Merah,14,3,-1.28,0.0,1.28
2025-02-24,Cabai Rawit Merah,7,1,-1.28,0.0,1.28
2025-02-24,Cabai Rawit Merah,7,2,-1.28,0.0,1.28
2025-02-24,Cabai Rawit Merah,7,3,-1.28,0.0,1.28
2025-02-24,Cabai Rawit Merah,14,1,-1.28,0.0,1.28
2025-02-24,Cabai Rawit Merah,14,2,-1.28,0.0,1.28
2025-02-24,Cabai Rawit Merah,14,3,-1.28,0.0,1.28
2025-03-03,Cabai Rawit Merah,7,1,-1.28,0.0,1.28
2025-03-03,Cabai Rawit Merah,7,2,-1.28,0.0,1.28
2025-03-03,Cabai Rawit Merah,7,3,-1.28,0.0,1.28
2025-03-03,Cabai Rawit Merah,14,1,-1.28,0.0,1.28
2025-03-03,Cabai Rawit Merah,14,2,-1.28,0.0,1.28
2025-03-03,Cabai Rawit Merah,14,3,-1.28,0.0,1.28
2025-03-10,Cabai Rawit Merah,7,1,-1.28,0.0,1.28
2025-03-10,Cabai Rawit Merah,7,2,-1.28,0.0,1.28
2025-03-10,Cabai Rawit Merah,7,3,-1.28,0.0,1.28
2025-03-10,Cabai Rawit Merah,14,1,-1.28,0.0,1.28
2025-03-10,Cabai Rawit Merah,14,2,-1.28,0.0,1.28
2025-03-10,Cabai Rawit Merah,14,3,-1.28,0.0,1.28
2025-03-17,Cabai Rawit Merah,7,1,-1.28,0.0,1.28
2025-03-17,Cabai Rawit Merah,7,2,-1.28,0.0,1.28
2025-03-17,Cabai Rawit Merah,7,3,-1.28,0.0,1.28
2025-03-17,Cabai Rawit Merah,14,1,-1.28,0.0,1.28
2025-03-17,Cabai Rawit Merah,14,2,-1.28,0.0,1.28
2025-03-17,Cabai Rawit Merah,14,3,-1.28,0.0,1.28
2025-03-24,Cabai Rawit Merah,7,1,-1.28,0.0,1.28
2025-03-24,Cabai Rawit Merah,7,2,-1.28,0.0,1.28
2025-03-24,Cabai Rawit Merah,7,3,-1.28,0.0,1.28
2025-03-24,Cabai Rawit Merah,14,1,-1.28,0.0,1.28
2025-03-24,Cabai Rawit Merah,14,2,-1.28,0.0,1.28
2025-03-24,Cabai Rawit Merah,14,3,-1.28,0.0,1.28
2025-03-31,Cabai Rawit Merah,7,1,-1.28,0.0,1.28
2025-03-31,Cabai Rawit Merah,7,2,-1.28,0.0,1.28
2025-03-31,Cabai Rawit Merah,7,3,-1.28,0.0,1.28
2025-03-31,Cabai Rawit Merah,14,1,-1.28,0.0,1.28
2025-03-31,Cabai Rawit Merah,14,2,-1.28,0.0,1.28
2025-03-31,Cabai Rawit Merah,14,3,-1.28,0.0,1.28
2025-04-07,Cabai Rawit Merah,7,1,-1.28,0.0,1.28
2025-04-07,Cabai Rawit Merah,7,2,-1.28,0.0,1.28
2025-04-07,Cabai Rawit Merah,7,3,-1.28,0.0,1.28
2025-04-07,Cabai Rawit Merah,14,1,-1.28,0.0,1.28
2025-04-07,Cabai Rawit Merah,14,2,-1.28,0.0,1.28
2025-04-07,Cabai Rawit Merah,14,3,-1.28,0.0,1.28
2025-04-14,Cabai Rawit Merah,7,1,-1.28,0.0,1.28
2025-04-14,Cabai Rawit Merah,7,2,-1.28,0.0,1.28
2025-04-14,Cabai Rawit Merah,7,3,-1.28,0.0,1.28
2025-04-14,Cabai Rawit Merah,14,1,-1.28,0.0,1.28
2025-04-14,Cabai Rawit Merah,14,2,-1.28,0.0,1.28
2025-04-14,Cabai Rawit Merah,14,3,-1.28,0.0,1.28
2025-04-21,Cabai Rawit Merah,7,1,-1.28,0.0,1.28
2025-04-21,Cabai Rawit Merah,7,2,-1.28,0.0,1.28
2025-04-21,Cabai Rawit Merah,7,3,-1.28,0.0,1.28
2025-04-21,Cabai Rawit Merah,14,1,-1.28,0.0,1.28
2025-04-21,Cabai Rawit Merah,14,2,-1.28,0.0,1.28
2025-04-21,Cabai Rawit Merah,14,3,-1.28,0.0,1.28
2025-04-28,Cabai Rawit Merah,7,1,-1.28,0.0,1.28
2025-04-28,Cabai Rawit Merah,7,2,-1.28,0.0,1.28
2025-04-28,Cabai Rawit Merah,7,3,-1.28,0.0,1.28
2025-04-28,Cabai Rawit Merah,14,1,-1.28,0.0,1.28
2025-04-28,Cabai Rawit Merah,14,2,-1.28,0.0,1.28
2025-04-28,Cabai Rawit Merah,14,3,-1.28,0.0,1.28
2025-05-05,Cabai Rawit Merah,7,1,-1.28,0.0,1.28
2025-05-05,Cabai Rawit Merah,7,2,-1.28,0.0,1.28
2025-05-05,Cabai Rawit Merah,7,3,-1.28,0.0,1.28
2025-05-05,Cabai Rawit Merah,14,1,-1.28,0.0,1.28
2025-05-05,Cabai Rawit Merah,14,2,-1.28,0.0,1.28
2025-05-05,Cabai Rawit Merah,14,3,-1.28,0.0,1.28
2025-05-12,Cabai Rawit Merah,7,1,-1.28,0.0,1.28
2025-05-12,Cabai Rawit Merah,7,2,-1.28,0.0,1.28
2025-05-12,Cabai Rawit Merah,7,3,-1.28,0.0,1.28
2025-05-12,Cabai Rawit Merah,14,1,-1.28,0.0,1.28
2025-05-12,Cabai Rawit Merah,14,2,-1.28,0.0,1.28
2025-05-12,Cabai Rawit Merah,14,3,-1.28,0.0,1.28
2025-05-26,Cabai Rawit Merah,7,1,-1.28,0.0,1.28
2025-05-26,Cabai Rawit Merah,7,2,-1.28,0.0,1.28
2025-05-26,Cabai Rawit Merah,7,3,-1.28,0.0,1.28
2025-05-26,Cabai Rawit Merah,14,1,-1.28,0.0,1.28
2025-05-26,Cabai Rawit Merah,14,2,-1.28,0.0,1.28
2025-05-26,Cabai Rawit Merah,14,3,-1.28,0.0,1.28
2025-06-02,Cabai Rawit Merah,7,1,-1.28,0.0,1.28
2025-06-02,Cabai Rawit Merah,7,2,-1.28,0.0,1.28
2025-06-02,Cabai Rawit Merah,7,3,-1.28,0.0,1.28
2025-06-02,Cabai Rawit Merah,14,1,-1.28,0.0,1.28
2025-06-02,Cabai Rawit Merah,14,2,-1.28,0.0,1.28
2025-06-02,Cabai Rawit Merah,14,3,-1.28,0.0,1.28
2025-06-09,Cabai Rawit Merah,7,1,-1.28,0.0,1.28
2025-06-09,Cabai Rawit Merah,7,2,-1.28,0.0,1.28
2025-06-09,Cabai Rawit Merah,7,3,-1.28,0.0,1.28
2025-06-09,Cabai Rawit Merah,14,1,-1.28,0.0,1.28
2025-06-09,Cabai Rawit Merah,14,2,-1.28,0.0,1.28
2025-06-09,Cabai Rawit Merah,14,3,-1.28,0.0,1.28
2025-06-16,Cabai Rawit Merah,7,1,-1.28,0.0,1.28
2025-06-16,Cabai Rawit Merah,7,2,-1.28,0.0,1.28
2025-06-16,Cabai Rawit Merah,7,3,-1.28,0.0,1.28
2025-06-16,Cabai Rawit Merah,14,1,-1.28,0.0,1.28
2025-06-16,Cabai Rawit Merah,14,2,-1.28,0.0,1.28
2025-06-16,Cabai Rawit Merah,14,3,-1.28,0.0,1.28
2025-06-23,Cabai Rawit Merah,7,1,-1.28,0.0,1.28
2025-06-23,Cabai Rawit Merah,7,2,-1.28,0.0,1.28
2025-06-23,Cabai Rawit Merah,7,3,-1.28,0.0,1.28
2025-06-23,Cabai Rawit Merah,14,1,-1.28,0.0,1.28
2025-06-23,Cabai Rawit Merah,14,2,-1.28,0.0,1.28
2025-06-23,Cabai Rawit Merah,14,3,-1.28,0.0,1.28
2025-06-30,Cabai Rawit Merah,7,1,-1.28,0.0,1.28
2025-06-30,Cabai Rawit Merah,7,2,-1.28,0.0,1.28
2025-06-30,Cabai Rawit Merah,7,3,-1.28,0.0,1.28
2025-06-30,Cabai Rawit Merah,14,1,-1.28,0.0,1.28
2025-06-30,Cabai Rawit Merah,14,2,-1.28,0.0,1.28
2025-06-30,Cabai Rawit Merah,14,3,-1.28,0.0,1.28
2025-07-07,Cabai Rawit Merah,7,1,-1.28,0.0,1.28
2025-07-07,Cabai Rawit Merah,7,2,-1.28,0.0,1.28
2025-07-07,Cabai Rawit Merah,7,3,-1.28,0.0,1.28
2025-07-07,Cabai Rawit Merah,14,1,-1.28,0.0,1.28
2025-07-07,Cabai Rawit Merah,14,2,-1.28,0.0,1.28
2025-07-07,Cabai Rawit Merah,14,3,-1.28,0.0,1.28
2025-07-14,Cabai Rawit Merah,7,1,-1.28,0.0,1.28
2025-07-14,Cabai Rawit Merah,7,2,-1.28,0.0,1.28
2025-07-14,Cabai Rawit Merah,7,3,-1.28,0.0,1.28
2025-07-14,Cabai Rawit Merah,14,1,-1.28,0.0,1.28
2025-07-14,Cabai Rawit Merah,14,2,-1.28,0.0,1.28
2025-07-14,Cabai Rawit Merah,14,3,-1.28,0.0,1.28
2025-07-21,Cabai Rawit Merah,7,1,-1.28,0.0,1.28
2025-07-21,Cabai Rawit Merah,7,2,-1.28,0.0,1.28
2025-07-21,Cabai Rawit Merah,7,3,-1.28,0.0,1.28
2025-07-21,Cabai Rawit Merah,14,1,-1.28,0.0,1.28
2025-07-21,Cabai Rawit Merah,14,2,-1.28,0.0,1.28
2025-07-21,Cabai Rawit Merah,14,3,-1.28,0.0,1.28
2025-07-28,Cabai Rawit Merah,7,1,-1.28,0.0,1.28
2025-07-28,Cabai Rawit Merah,7,2,-1.28,0.0,1.28
2025-07-28,Cabai Rawit Merah,7,3,-1.28,0.0,1.28
2025-07-28,Cabai Rawit Merah,14,1,-1.28,0.0,1.28
2025-07-28,Cabai Rawit Merah,14,2,-1.28,0.0,1.28
2025-07-28,Cabai Rawit Merah,14,3,-1.28,0.0,1.28
2025-08-04,Cabai Rawit Merah,7,1,-1.28,0.0,1.28
2025-08-04,Cabai Rawit Merah,7,2,-1.28,0.0,1.28
2025-08-04,Cabai Rawit Merah,7,3,-1.28,0.0,1.28
2025-08-04,Cabai Rawit Merah,14,1,-1.28,0.0,1.28
2025-08-04,Cabai Rawit Merah,14,2,-1.28,0.0,1.28
2025-08-04,Cabai Rawit Merah,14,3,-1.28,0.0,1.28
2025-08-11,Cabai Rawit Merah,7,1,-1.28,0.0,1.28
2025-08-11,Cabai Rawit Merah,7,2,-1.28,0.0,1.28
2025-08-11,Cabai Rawit Merah,7,3,-1.28,0.0,1.28
2025-08-11,Cabai Rawit Merah,14,1,-1.28,0.0,1.28
2025-08-11,Cabai Rawit Merah,14,2,-1.28,0.0,1.28
2025-08-11,Cabai Rawit Merah,14,3,-1.28,0.0,1.28
2025-08-18,Cabai Rawit Merah,7,1,-1.28,0.0,1.28
2025-08-18,Cabai Rawit Merah,7,2,-1.28,0.0,1.28
2025-08-18,Cabai Rawit Merah,7,3,-1.28,0.0,1.28
2025-08-18,Cabai Rawit Merah,14,1,-1.28,0.0,1.28
2025-08-18,Cabai Rawit Merah,14,2,-1.28,0.0,1.28
2025-08-18,Cabai Rawit Merah,14,3,-1.28,0.0,1.28
2025-08-25,Cabai Rawit Merah,7,1,-1.28,0.0,1.28
2025-08-25,Cabai Rawit Merah,7,2,-1.28,0.0,1.28
2025-08-25,Cabai Rawit Merah,7,3,-1.28,0.0,1.28
2025-08-25,Cabai Rawit Merah,14,1,-1.28,0.0,1.28
2025-08-25,Cabai Rawit Merah,14,2,-1.28,0.0,1.28
2025-08-25,Cabai Rawit Merah,14,3,-1.28,0.0,1.28
2025-09-01,Cabai Rawit Merah,7,1,-1.28,0.0,1.28
2025-09-01,Cabai Rawit Merah,7,2,-1.28,0.0,1.28
2025-09-01,Cabai Rawit Merah,7,3,-1.28,0.0,1.28
2025-09-01,Cabai Rawit Merah,14,1,-1.28,0.0,1.28
2025-09-01,Cabai Rawit Merah,14,2,-1.28,0.0,1.28
2025-09-01,Cabai Rawit Merah,14,3,-1.28,0.0,1.28
2025-09-08,Cabai Rawit Merah,7,1,-1.28,0.0,1.28
2025-09-08,Cabai Rawit Merah,7,2,-1.28,0.0,1.28
2025-09-08,Cabai Rawit Merah,7,3,-1.28,0.0,1.28
2025-09-08,Cabai Rawit Merah,14,1,-1.28,0.0,1.28
2025-09-08,Cabai Rawit Merah,14,2,-1.28,0.0,1.28
2025-09-08,Cabai Rawit Merah,14,3,-1.28,0.0,1.28
2025-09-15,Cabai Rawit Merah,7,1,-1.28,0.0,1.28
2025-09-15,Cabai Rawit Merah,7,2,-1.28,0.0,1.28
2025-09-15,Cabai Rawit Merah,7,3,-1.28,0.0,1.28
2025-09-15,Cabai Rawit Merah,14,1,-1.28,0.0,1.28
2025-09-15,Cabai Rawit Merah,14,2,-1.28,0.0,1.28
2025-09-15,Cabai Rawit Merah,14,3,-1.28,0.0,1.28
2025-09-22,Cabai Rawit Merah,7,1,-1.28,0.0,1.28
2025-09-22,Cabai Rawit Merah,7,2,-1.28,0.0,1.28
2025-09-22,Cabai Rawit Merah,7,3,-1.28,0.0,1.28
2025-09-22,Cabai Rawit Merah,14,1,-1.28,0.0,1.28
2025-09-22,Cabai Rawit Merah,14,2,-1.28,0.0,1.28
2025-09-22,Cabai Rawit Merah,14,3,-1.28,0.0,1.28
2025-09-29,Cabai Rawit Merah,7,1,-1.28,0.0,1.28
2025-09-29,Cabai Rawit Merah,7,2,-1.28,0.0,1.28
2025-09-29,Cabai Rawit Merah,7,3,-1.28,0.0,1.28
2025-09-29,Cabai Rawit Merah,14,1,-1.28,0.0,1.28
2025-09-29,Cabai Rawit Merah,14,2,-1.28,0.0,1.28
2025-09-29,Cabai Rawit Merah,14,3,-1.28,0.0,1.28
2025-10-06,Cabai Rawit Merah,7,1,-1.28,0.0,1.28
2025-10-06,Cabai Rawit Merah,7,2,-1.28,0.0,1.28
2025-10-06,Cabai Rawit Merah,7,3,-1.28,0.0,1.28
2025-10-06,Cabai Rawit Merah,14,1,-1.28,0.0,1.28
2025-10-06,Cabai Rawit Merah,14,2,-1.28,0.0,1.28
2025-10-06,Cabai Rawit Merah,14,3,-1.28,0.0,1.28
2025-10-13,Cabai Rawit Merah,7,1,-1.28,0.0,1.28
2025-10-13,Cabai Rawit Merah,7,2,-1.28,0.0,1.28
2025-10-13,Cabai Rawit Merah,7,3,-1.28,0.0,1.28
2025-10-13,Cabai Rawit Merah,14,1,-1.28,0.0,1.28
2025-10-13,Cabai Rawit Merah,14,2,-1.28,0.0,1.28
2025-10-13,Cabai Rawit Merah,14,3,-1.28,0.0,1.28
2025-10-20,Cabai Rawit Merah,7,1,-1.28,0.0,1.28
2025-10-20,Cabai Rawit Merah,7,2,-1.28,0.0,1.28
2025-10-20,Cabai Rawit Merah,7,3,-1.28,0.0,1.28
2025-10-20,Cabai Rawit Merah,14,1,-1.28,0.0,1.28
2025-10-20,Cabai Rawit Merah,14,2,-1.28,0.0,1.28
2025-10-20,Cabai Rawit Merah,14,3,-1.28,0.0,1.28
2025-10-27,Cabai Rawit Merah,7,1,-1.28,0.0,1.28
2025-10-27,Cabai Rawit Merah,7,2,-1.28,0.0,1.28
2025-10-27,Cabai Rawit Merah,7,3,-1.28,0.0,1.28
2025-10-27,Cabai Rawit Merah,14,1,-1.28,0.0,1.28
2025-10-27,Cabai Rawit Merah,14,2,-1.28,0.0,1.28
2025-10-27,Cabai Rawit Merah,14,3,-1.28,0.0,1.28
2025-11-03,Cabai Rawit Merah,7,1,-1.28,0.0,1.28
2025-11-03,Cabai Rawit Merah,7,2,-1.28,0.0,1.28
2025-11-03,Cabai Rawit Merah,7,3,-1.28,0.0,1.28
2025-11-03,Cabai Rawit Merah,14,1,-1.28,0.0,1.28
2025-11-03,Cabai Rawit Merah,14,2,-1.28,0.0,1.28
2025-11-03,Cabai Rawit Merah,14,3,-1.28,0.0,1.28
2025-11-10,Cabai Rawit Merah,7,1,-1.28,0.0,1.28
2025-11-10,Cabai Rawit Merah,7,2,-1.28,0.0,1.28
2025-11-10,Cabai Rawit Merah,7,3,-1.28,0.0,1.28
2025-11-10,Cabai Rawit Merah,14,1,-1.28,0.0,1.28
2025-11-10,Cabai Rawit Merah,14,2,-1.28,0.0,1.28
2025-11-10,Cabai Rawit Merah,14,3,-1.28,0.0,1.28
2025-11-17,Cabai Rawit Merah,7,1,-1.28,0.0,1.28
2025-11-17,Cabai Rawit Merah,7,2,-1.28,0.0,1.28
2025-11-17,Cabai Rawit Merah,7,3,-1.28,0.0,1.28
2025-11-17,Cabai Rawit Merah,14,1,-1.28,0.0,1.28
2025-11-17,Cabai Rawit Merah,14,2,-1.28,0.0,1.28
2025-11-17,Cabai Rawit Merah,14,3,-1.28,0.0,1.28
2025-11-24,Cabai Rawit Merah,7,1,-1.28,0.0,1.28
2025-11-24,Cabai Rawit Merah,7,2,-1.28,0.0,1.28
2025-11-24,Cabai Rawit Merah,7,3,-1.28,0.0,1.28
2025-11-24,Cabai Rawit Merah,14,1,-1.28,0.0,1.28
2025-11-24,Cabai Rawit Merah,14,2,-1.28,0.0,1.28
2025-11-24,Cabai Rawit Merah,14,3,-1.28,0.0,1.28
2025-12-01,Cabai Rawit Merah,7,1,-1.28,0.0,1.28
2025-12-01,Cabai Rawit Merah,7,2,-1.28,0.0,1.28
2025-12-01,Cabai Rawit Merah,7,3,-1.28,0.0,1.28
2025-12-01,Cabai Rawit Merah,14,1,-1.28,0.0,1.28
2025-12-01,Cabai Rawit Merah,14,2,-1.28,0.0,1.28
2025-12-01,Cabai Rawit Merah,14,3,-1.28,0.0,1.28
2025-12-08,Cabai Rawit Merah,7,1,-1.28,0.0,1.28
2025-12-08,Cabai Rawit Merah,7,2,-1.28,0.0,1.28
2025-12-08,Cabai Rawit Merah,7,3,-1.28,0.0,1.28
2025-12-08,Cabai Rawit Merah,14,1,-1.28,0.0,1.28
2025-12-08,Cabai Rawit Merah,14,2,-1.28,0.0,1.28
2025-12-08,Cabai Rawit Merah,14,3,-1.28,0.0,1.28
2025-12-15,Cabai Rawit Merah,7,1,-1.28,0.0,1.28
2025-12-15,Cabai Rawit Merah,7,2,-1.28,0.0,1.28
2025-12-15,Cabai Rawit Merah,7,3,-1.28,0.0,1.28
2025-12-15,Cabai Rawit Merah,14,1,-1.28,0.0,1.28
2025-12-15,Cabai Rawit Merah,14,2,-1.28,0.0,1.28
2025-12-15,Cabai Rawit Merah,14,3,-1.28,0.0,1.28
2025-12-22,Cabai Rawit Merah,7,1,-1.28,0.0,1.28
2025-12-22,Cabai Rawit Merah,7,2,-1.28,0.0,1.28
2025-12-22,Cabai Rawit Merah,7,3,-1.28,0.0,1.28
2025-12-22,Cabai Rawit Merah,14,1,-1.28,0.0,1.28
2025-12-22,Cabai Rawit Merah,14,2,-1.28,0.0,1.28
2025-12-22,Cabai Rawit Merah,14,3,-1.28,0.0,1.28
2025-12-29,Cabai Rawit Merah,7,1,-1.28,0.0,1.28
2025-12-29,Cabai Rawit Merah,7,2,-1.28,0.0,1.28
2025-12-29,Cabai Rawit Merah,7,3,-1.28,0.0,1.28
2025-12-29,Cabai Rawit Merah,14,1,-1.28,0.0,1.28
2025-12-29,Cabai Rawit Merah,14,2,-1.28,0.0,1.28
2025-12-29,Cabai Rawit Merah,14,3,-1.28,0.0,1.28
2026-01-05,Cabai Rawit Merah,7,1,-1.28,0.0,1.28
2026-01-05,Cabai Rawit Merah,7,2,-1.28,0.0,1.28
2026-01-05,Cabai Rawit Merah,7,3,-1.28,0.0,1.28
2026-01-05,Cabai Rawit Merah,14,1,-1.28,0.0,1.28
2026-01-05,Cabai Rawit Merah,14,2,-1.28,0.0,1.28
2026-01-05,Cabai Rawit Merah,14,3,-1.28,0.0,1.28
2026-01-12,Cabai Rawit Merah,7,1,-1.28,0.0,1.28
2026-01-12,Cabai Rawit Merah,7,2,-1.28,0.0,1.28
2026-01-12,Cabai Rawit Merah,7,3,-1.28,0.0,1.28
2026-01-12,Cabai Rawit Merah,14,1,-1.28,0.0,1.28
2026-01-12,Cabai Rawit Merah,14,2,-1.28,0.0,1.28
2026-01-12,Cabai Rawit Merah,14,3,-1.28,0.0,1.28
2026-01-19,Cabai Rawit Merah,7,1,-1.28,0.0,1.28
2026-01-19,Cabai Rawit Merah,7,2,-1.28,0.0,1.28
2026-01-19,Cabai Rawit Merah,7,3,-1.28,0.0,1.28
2026-01-19,Cabai Rawit Merah,14,1,-1.28,0.0,1.28
2026-01-19,Cabai Rawit Merah,14,2,-1.28,0.0,1.28
2026-01-19,Cabai Rawit Merah,14,3,-1.28,0.0,1.28
2026-01-26,Cabai Rawit Merah,7,1,-1.28,0.0,1.28
2026-01-26,Cabai Rawit Merah,7,2,-1.28,0.0,1.28
2026-01-26,Cabai Rawit Merah,7,3,-1.28,0.0,1.28
2026-01-26,Cabai Rawit Merah,14,1,-1.28,0.0,1.28
2026-01-26,Cabai Rawit Merah,14,2,-1.28,0.0,1.28
2026-01-26,Cabai Rawit Merah,14,3,-1.28,0.0,1.28
2026-02-02,Cabai Rawit Merah,7,1,-1.28,0.0,1.28
2026-02-02,Cabai Rawit Merah,7,2,-1.28,0.0,1.28
2026-02-02,Cabai Rawit Merah,7,3,-1.28,0.0,1.28
2026-02-02,Cabai Rawit Merah,14,1,-1.28,0.0,1.28
2026-02-02,Cabai Rawit Merah,14,2,-1.28,0.0,1.28
2026-02-02,Cabai Rawit Merah,14,3,-1.28,0.0,1.28
2026-02-09,Cabai Rawit Merah,7,1,-1.28,0.0,1.28
2026-02-09,Cabai Rawit Merah,7,2,-1.28,0.0,1.28
2026-02-09,Cabai Rawit Merah,7,3,-1.28,0.0,1.28
2026-02-09,Cabai Rawit Merah,14,1,-1.28,0.0,1.28
2026-02-09,Cabai Rawit Merah,14,2,-1.28,0.0,1.28
2026-02-09,Cabai Rawit Merah,14,3,-1.28,0.0,1.28
2026-02-16,Cabai Rawit Merah,7,1,-1.28,0.0,1.28
2026-02-16,Cabai Rawit Merah,7,2,-1.28,0.0,1.28
2026-02-16,Cabai Rawit Merah,7,3,-1.28,0.0,1.28
2026-02-16,Cabai Rawit Merah,14,1,-1.28,0.0,1.28
2026-02-16,Cabai Rawit Merah,14,2,-1.28,0.0,1.28
2026-02-16,Cabai Rawit Merah,14,3,-1.28,0.0,1.28
2026-02-23,Cabai Rawit Merah,7,1,-1.28,0.0,1.28
2026-02-23,Cabai Rawit Merah,7,2,-1.28,0.0,1.28
2026-02-23,Cabai Rawit Merah,7,3,-1.28,0.0,1.28
2026-02-23,Cabai Rawit Merah,14,1,-1.28,0.0,1.28
2026-02-23,Cabai Rawit Merah,14,2,-1.28,0.0,1.28
2026-02-23,Cabai Rawit Merah,14,3,-1.28,0.0,1.28
2026-03-02,Cabai Rawit Merah,7,1,-1.28,0.0,1.28
2026-03-02,Cabai Rawit Merah,7,2,-1.28,0.0,1.28
2026-03-02,Cabai Rawit Merah,7,3,-1.28,0.0,1.28
2026-03-02,Cabai Rawit Merah,14,1,-1.28,0.0,1.28
2026-03-02,Cabai Rawit Merah,14,2,-1.28,0.0,1.28
2026-03-02,Cabai Rawit Merah,14,3,-1.28,0.0,1.28
2026-03-09,Cabai Rawit Merah,7,1,-1.28,0.0,1.28
2026-03-09,Cabai Rawit Merah,7,2,-1.28,0.0,1.28
2026-03-09,Cabai Rawit Merah,7,3,-1.28,0.0,1.28
2026-03-09,Cabai Rawit Merah,14,1,-1.28,0.0,1.28
2026-03-09,Cabai Rawit Merah,14,2,-1.28,0.0,1.28
2026-03-09,Cabai Rawit Merah,14,3,-1.28,0.0,1.28
2026-03-16,Cabai Rawit Merah,7,1,-1.28,0.0,1.28
2026-03-16,Cabai Rawit Merah,7,2,-1.28,0.0,1.28
2026-03-16,Cabai Rawit Merah,7,3,-1.28,0.0,1.28
2026-03-16,Cabai Rawit Merah,14,1,-1.28,0.0,1.28
2026-03-16,Cabai Rawit Merah,14,2,-1.28,0.0,1.28
2026-03-16,Cabai Rawit Merah,14,3,-1.28,0.0,1.28
2026-03-23,Cabai Rawit Merah,7,1,-1.28,0.0,1.28
2026-03-23,Cabai Rawit Merah,7,2,-1.28,0.0,1.28
2026-03-23,Cabai Rawit Merah,7,3,-1.28,0.0,1.28
2026-03-23,Cabai Rawit Merah,14,1,-1.28,0.0,1.28
2026-03-23,Cabai Rawit Merah,14,2,-1.28,0.0,1.28
2026-03-23,Cabai Rawit Merah,14,3,-1.28,0.0,1.28
2026-03-30,Cabai Rawit Merah,7,1,-1.28,0.0,1.28
2026-03-30,Cabai Rawit Merah,7,2,-1.28,0.0,1.28
2026-03-30,Cabai Rawit Merah,7,3,-1.28,0.0,1.28
2026-03-30,Cabai Rawit Merah,14,1,-1.28,0.0,1.28
2026-03-30,Cabai Rawit Merah,14,2,-1.28,0.0,1.28
2026-03-30,Cabai Rawit Merah,14,3,-1.28,0.0,1.28
2026-04-06,Cabai Rawit Merah,7,1,-1.28,0.0,1.28
2026-04-06,Cabai Rawit Merah,7,2,-1.28,0.0,1.28
2026-04-06,Cabai Rawit Merah,7,3,-1.28,0.0,1.28
2026-04-06,Cabai Rawit Merah,14,1,-1.28,0.0,1.28
2026-04-06,Cabai Rawit Merah,14,2,-1.28,0.0,1.28
2026-04-06,Cabai Rawit Merah,14,3,-1.28,0.0,1.28
2026-04-13,Cabai Rawit Merah,7,1,-1.28,0.0,1.28
2026-04-13,Cabai Rawit Merah,7,2,-1.28,0.0,1.28
2026-04-13,Cabai Rawit Merah,7,3,-1.28,0.0,1.28
2026-04-13,Cabai Rawit Merah,14,1,-1.28,0.0,1.28
2026-04-13,Cabai Rawit Merah,14,2,-1.28,0.0,1.28
2026-04-13,Cabai Rawit Merah,14,3,-1.28,0.0,1.28
2026-04-20,Cabai Rawit Merah,7,1,-1.28,0.0,1.28
2026-04-20,Cabai Rawit Merah,7,2,-1.28,0.0,1.28
2026-04-20,Cabai Rawit Merah,7,3,-1.28,0.0,1.28
2026-04-20,Cabai Rawit Merah,14,1,-1.28,0.0,1.28
2026-04-20,Cabai Rawit Merah,14,2,-1.28,0.0,1.28
2026-04-20,Cabai Rawit Merah,14,3,-1.28,0.0,1.28
2026-04-27,Cabai Rawit Merah,7,1,-1.28,0.0,1.28
2026-04-27,Cabai Rawit Merah,7,2,-1.28,0.0,1.28
2026-04-27,Cabai Rawit Merah,7,3,-1.28,0.0,1.28
2026-04-27,Cabai Rawit Merah,14,1,-1.28,0.0,1.28
2026-04-27,Cabai Rawit Merah,14,2,-1.28,0.0,1.28
2026-04-27,Cabai Rawit Merah,14,3,-1.28,0.0,1.28
2026-05-04,Cabai Rawit Merah,7,1,-1.28,0.0,1.28
2026-05-04,Cabai Rawit Merah,7,2,-1.28,0.0,1.28
2026-05-04,Cabai Rawit Merah,7,3,-1.28,0.0,1.28
2026-05-04,Cabai Rawit Merah,14,1,-1.28,0.0,1.28
2026-05-04,Cabai Rawit Merah,14,2,-1.28,0.0,1.28
2026-05-04,Cabai Rawit Merah,14,3,-1.28,0.0,1.28
2026-05-11,Cabai Rawit Merah,7,1,-1.28,0.0,1.28
2026-05-11,Cabai Rawit Merah,7,2,-1.28,0.0,1.28
2026-05-11,Cabai Rawit Merah,7,3,-1.28,0.0,1.28
2026-05-11,Cabai Rawit Merah,14,1,-1.28,0.0,1.28
2026-05-11,Cabai Rawit Merah,14,2,-1.28,0.0,1.28
2026-05-11,Cabai Rawit Merah,14,3,-1.28,0.0,1.28
2026-05-18,Cabai Rawit Merah,7,1,-1.28,0.0,1.28
2026-05-18,Cabai Rawit Merah,7,2,-1.28,0.0,1.28
2026-05-18,Cabai Rawit Merah,7,3,-1.28,0.0,1.28
2026-05-18,Cabai Rawit Merah,14,1,-1.28,0.0,1.28
2026-05-18,Cabai Rawit Merah,14,2,-1.28,0.0,1.28
2026-05-18,Cabai Rawit Merah,14,3,-1.28,0.0,1.28
2026-05-25,Cabai Rawit Merah,7,1,-1.28,0.0,1.28
2026-05-25,Cabai Rawit Merah,7,2,-1.28,0.0,1.28
2026-05-25,Cabai Rawit Merah,7,3,-1.28,0.0,1.28
2026-05-25,Cabai Rawit Merah,14,1,-1.28,0.0,1.28
2026-05-25,Cabai Rawit Merah,14,2,-1.28,0.0,1.28
2026-05-25,Cabai Rawit Merah,14,3,-1.28,0.0,1.28
2026-06-01,Cabai Rawit Merah,7,1,-1.28,0.0,1.28
2026-06-01,Cabai Rawit Merah,7,2,-1.28,0.0,1.28
2026-06-01,Cabai Rawit Merah,7,3,-1.28,0.0,1.28
2026-06-01,Cabai Rawit Merah,14,1,-1.28,0.0,1.28
2026-06-01,Cabai Rawit Merah,14,2,-1.28,0.0,1.28
2026-06-01,Cabai Rawit Merah,14,3,-1.28,0.0,1.28
2026-06-08,Cabai Rawit Merah,7,1,-1.28,0.0,1.28
2026-06-08,Cabai Rawit Merah,7,2,-1.28,0.0,1.28
2026-06-08,Cabai Rawit Merah,7,3,-1.28,0.0,1.28
2026-06-08,Cabai Rawit Merah,14,1,-1.28,0.0,1.28
2026-06-08,Cabai Rawit Merah,14,2,-1.28,0.0,1.28
2026-06-08,Cabai Rawit Merah,14,3,-1.28,0.0,1.28
2026-06-15,Cabai Rawit Merah,7,1,-1.28,0.0,1.28
2026-06-15,Cabai Rawit Merah,7,2,-1.28,0.0,1.28
2026-06-15,Cabai Rawit Merah,7,3,-1.28,0.0,1.28
2026-06-15,Cabai Rawit Merah,14,1,-1.28,0.0,1.28
2026-06-15,Cabai Rawit Merah,14,2,-1.28,0.0,1.28
2026-06-15,Cabai Rawit Merah,14,3,-1.28,0.0,1.28
2026-06-22,Cabai Rawit Merah,7,1,-1.28,0.0,1.28
2026-06-22,Cabai Rawit Merah,7,2,-1.28,0.0,1.28
2026-06-22,Cabai Rawit Merah,7,3,-1.28,0.0,1.28
2026-06-22,Cabai Rawit Merah,14,1,-1.28,0.0,1.28
2026-06-22,Cabai Rawit Merah,14,2,-1.28,0.0,1.28
2026-06-22,Cabai Rawit Merah,14,3,-1.28,0.0,1.28
2026-06-29,Cabai Rawit Merah,7,1,-1.28,0.0,1.28
2026-06-29,Cabai Rawit Merah,7,2,-1.28,0.0,1.28
2026-06-29,Cabai Rawit Merah,7,3,-1.28,0.0,1.28
2026-06-29,Cabai Rawit Merah,14,1,-1.28,0.0,1.28
2026-06-29,Cabai Rawit Merah,14,2,-1.28,0.0,1.28
2026-06-29,Cabai Rawit Merah,14,3,-1.28,0.0,1.28
2026-07-06,Cabai Rawit Merah,7,1,-1.28,0.0,1.28
2026-07-06,Cabai Rawit Merah,7,2,-1.28,0.0,1.28
2026-07-06,Cabai Rawit Merah,7,3,-1.28,0.0,1.28
2026-07-06,Cabai Rawit Merah,14,1,-1.28,0.0,1.28
2026-07-06,Cabai Rawit Merah,14,2,-1.28,0.0,1.28
2026-07-06,Cabai Rawit Merah,14,3,-1.28,0.0,1.28
2026-07-13,Cabai Rawit Merah,7,1,-1.28,0.0,1.28
2026-07-13,Cabai Rawit Merah,7,2,-1.28,0.0,1.28
2026-07-13,Cabai Rawit Merah,7,3,-1.28,0.0,1.28
2026-07-13,Cabai Rawit Merah,14,1,-1.28,0.0,1.28
2026-07-13,Cabai Rawit Merah,14,2,-1.28,0.0,1.28
2026-07-13,Cabai Rawit Merah,14,3,-1.28,0.0,1.28
2026-07-20,Cabai Rawit Merah,7,1,-1.28,0.0,1.28
2026-07-20,Cabai Rawit Merah,7,2,-1.28,0.0,1.28
2026-07-20,Cabai Rawit Merah,7,3,-1.28,0.0,1.28
2026-07-20,Cabai Rawit Merah,14,1,-1.28,0.0,1.28
2026-07-20,Cabai Rawit Merah,14,2,-1.28,0.0,1.28
2026-07-20,Cabai Rawit Merah,14,3,-1.28,0.0,1.28
2026-07-27,Cabai Rawit Merah,7,1,-1.28,0.0,1.28
2026-07-27,Cabai Rawit Merah,7,2,-1.28,0.0,1.28
2026-07-27,Cabai Rawit Merah,7,3,-1.28,0.0,1.28
2026-07-27,Cabai Rawit Merah,14,1,-1.28,0.0,1.28
2026-07-27,Cabai Rawit Merah,14,2,-1.28,0.0,1.28
2026-07-27,Cabai Rawit Merah,14,3,-1.28,0.0,1.28
2026-08-03,Cabai Rawit Merah,7,1,-1.28,0.0,1.28
2026-08-03,Cabai Rawit Merah,7,2,-1.28,0.0,1.28
2026-08-03,Cabai Rawit Merah,7,3,-1.28,0.0,1.28
2026-08-03,Cabai Rawit Merah,14,1,-1.28,0.0,1.28
2026-08-03,Cabai Rawit Merah,14,2,-1.28,0.0,1.28
2026-08-03,Cabai Rawit Merah,14,3,-1.28,0.0,1.28
2026-08-10,Cabai Rawit Merah,7,1,-1.28,0.0,1.28
2026-08-10,Cabai Rawit Merah,7,2,-1.28,0.0,1.28
2026-08-10,Cabai Rawit Merah,7,3,-1.28,0.0,1.28
2026-08-10,Cabai Rawit Merah,14,1,-1.28,0.0,1.28
2026-08-10,Cabai Rawit Merah,14,2,-1.28,0.0,1.28
2026-08-10,Cabai Rawit Merah,14,3,-1.28,0.0,1.28
2026-08-17,Cabai Rawit Merah,7,1,-1.28,0.0,1.28
2026-08-17,Cabai Rawit Merah,7,2,-1.28,0.0,1.28
2026-08-17,Cabai Rawit Merah,7,3,-1.28,0.0,1.28
2026-08-17,Cabai Rawit Merah,14,1,-1.28,0.0,1.28
2026-08-17,Cabai Rawit Merah,14,2,-1.28,0.0,1.28
2026-08-17,Cabai Rawit Merah,14,3,-1.28,0.0,1.28
2026-08-24,Cabai Rawit Merah,7,1,-1.28,0.0,1.28
2026-08-24,Cabai Rawit Merah,7,2,-1.28,0.0,1.28
2026-08-24,Cabai Rawit Merah,7,3,-1.28,0.0,1.28
2026-08-24,Cabai Rawit Merah,14,1,-1.28,0.0,1.28
2026-08-24,Cabai Rawit Merah,14,2,-1.28,0.0,1.28
2026-08-24,Cabai Rawit Merah,14,3,-1.28,0.0,1.28
